definicao,objeto
"create or replace view public._src_avg_kpis as
 WITH g AS (
         SELECT sum(vw_amazon_geral_dia.vendas) AS v,
            sum(vw_amazon_geral_dia.unidades) AS un,
            sum(vw_amazon_geral_dia.pedidos_itens) AS ped,
            sum(vw_amazon_geral_dia.pedidos) AS ped_reais,
            sum(vw_amazon_geral_dia.sessoes) AS ses,
            sum(vw_amazon_geral_dia.buybox_pct * vw_amazon_geral_dia.pageviews) / NULLIF(sum(vw_amazon_geral_dia.pageviews), 0::numeric) AS bb,
            sum(vw_amazon_geral_dia.unidades_devolvidas) AS dev
           FROM vw_amazon_geral_dia
          WHERE vw_amazon_geral_dia.data >= ((now() AT TIME ZONE 'America/Sao_Paulo'::text)::date - 31) AND NOT vw_amazon_geral_dia.em_consolidacao
        ), a AS (
         SELECT sum(vw_amazon_ads_por_tipo_dia.cost) AS c
           FROM vw_amazon_ads_por_tipo_dia
          WHERE vw_amazon_ads_por_tipo_dia.data >= ((now() AT TIME ZONE 'America/Sao_Paulo'::text)::date - 31)
        ), ff AS (
         SELECT sum(fact_amazon_pedido.item_price) FILTER (WHERE fact_amazon_pedido.fulfillment_channel = 'Amazon'::text) AS fba,
            sum(fact_amazon_pedido.item_price) FILTER (WHERE fact_amazon_pedido.fulfillment_channel = 'Merchant'::text) AS fbm,
            sum(fact_amazon_pedido.item_price) AS tot
           FROM fact_amazon_pedido
          WHERE fact_amazon_pedido.purchase_date >= ((now() AT TIME ZONE 'America/Sao_Paulo'::text)::date - 31) AND fact_amazon_pedido.order_status <> 'Cancelled'::text
        ), b AS (
         SELECT g.v,
            g.un,
            g.ped,
            g.ped_reais,
            g.ses,
            g.bb,
            g.dev,
            a.c AS ads,
            ff.fba,
            ff.fbm,
            ff.tot,
            round(g.v / NULLIF(a.c, 0::numeric), 2) AS roas_total,
            round(100::numeric * a.c / NULLIF(g.v, 0::numeric), 1) AS tacos,
            round(100.0 * g.ped / NULLIF(g.ses, 0::numeric), 1) AS conv,
            round(100.0 * g.dev / NULLIF(g.un, 0::numeric), 1) AS txdev,
            round(100::numeric * g.bb, 1) AS bbpct
           FROM g,
            a,
            ff
        )
 SELECT ord,
    metrica,
    valor,
    meta,
    sugestao
   FROM ( SELECT 1 AS ord,
            'Vendas'::text AS metrica,
            'R$ '::text || replace(to_char(round(b.v), 'FM999,999,999'::text), ','::text, '.'::text) AS valor,
            NULL::text AS meta,
            'Faturamento Amazon'::text AS sugestao
           FROM b
        UNION ALL
         SELECT 2,
            'Vendas FBA'::text AS text,
            ((('R$ '::text || replace(to_char(round(b.fba), 'FM999,999,999'::text), ','::text, '.'::text)) || ' ('::text) || round(100::numeric * b.fba / NULLIF(b.tot, 0::numeric))) || '%)'::text,
            NULL::text AS text,
            'Fulfillment by Amazon'::text AS text
           FROM b
        UNION ALL
         SELECT 3,
            'Vendas FBM'::text AS text,
            ((('R$ '::text || replace(to_char(round(b.fbm), 'FM999,999,999'::text), ','::text, '.'::text)) || ' ('::text) || round(100::numeric * b.fbm / NULLIF(b.tot, 0::numeric))) || '%)'::text,
            NULL::text AS text,
            'Fulfillment by Merchant (proprio)'::text AS text
           FROM b
        UNION ALL
         SELECT 4,
            'Unidades'::text AS text,
            replace(to_char(b.un, 'FM999,999,999'::text), ','::text, '.'::text) AS replace,
            NULL::text AS text,
            ''::text AS text
           FROM b
        UNION ALL
         SELECT 5,
            'Pedidos'::text AS text,
            replace(to_char(b.ped_reais, 'FM999,999,999'::text), ','::text, '.'::text) AS replace,
            NULL::text AS text,
            'Pedido unico. ""Itens de pedido"" no periodo: '::text || replace(to_char(b.ped, 'FM999,999,999'::text), ','::text, '.'::text)
           FROM b
        UNION ALL
         SELECT 6,
            'Sessoes'::text AS text,
            replace(to_char(b.ses, 'FM999,999,999'::text), ','::text, '.'::text) AS replace,
            NULL::text AS text,
            'Trafego'::text AS text
           FROM b
        UNION ALL
         SELECT 7,
            'Conversao'::text AS text,
            replace(to_char(round(b.conv, 1), 'FM990.0'::text), '.'::text, ','::text) || '%'::text,
            NULL::text AS text,
            'Itens de pedido por sessao'::text AS text
           FROM b
        UNION ALL
         SELECT 8,
            'Ticket medio'::text AS text,
            'R$ '::text || replace(to_char(round(b.v / NULLIF(b.ped_reais, 0::numeric), 2), 'FM990.00'::text), '.'::text, ','::text),
            NULL::text AS text,
            'Faturamento por pedido'::text AS text
           FROM b
        UNION ALL
         SELECT 9,
            'Buy Box'::text AS text,
            replace(to_char(round(b.bbpct, 1), 'FM990.0'::text), '.'::text, ','::text) || '%'::text,
            NULL::text AS text,
                CASE
                    WHEN b.bbpct < 90::numeric THEN 'Buy box baixo: revisar preco/saude da conta'::text
                    ELSE 'Saudavel'::text
                END AS ""case""
           FROM b
        UNION ALL
         SELECT 10,
            'Taxa devolucao'::text AS text,
            replace(to_char(round(b.txdev, 1), 'FM990.0'::text), '.'::text, ','::text) || '%'::text,
            NULL::text AS text,
                CASE
                    WHEN b.txdev > 5::numeric THEN 'Alta: revisar produtos com devolucao'::text
                    ELSE 'Ok'::text
                END AS ""case""
           FROM b
        UNION ALL
         SELECT 11,
            'Investimento ads'::text AS text,
            'R$ '::text || replace(to_char(round(b.ads), 'FM999,999,999'::text), ','::text, '.'::text),
            NULL::text AS text,
            'SP + SB'::text AS text
           FROM b
        UNION ALL
         SELECT 12,
            'ROAS Total'::text AS text,
            replace(to_char(round(b.roas_total, 2), 'FM990.00'::text), '.'::text, ','::text) AS replace,
            '10'::text AS text,
                CASE
                    WHEN b.roas_total < 10::numeric THEN 'Abaixo da meta: cortar desperdicio em ads sem perder volume'::text
                    ELSE 'Dentro da meta'::text
                END AS ""case""
           FROM b
        UNION ALL
         SELECT 13,
            'TACoS'::text AS text,
            replace(to_char(round(b.tacos, 1), 'FM990.0'::text), '.'::text, ','::text) || '%'::text,
            '10%'::text AS text,
                CASE
                    WHEN b.tacos > 10::numeric THEN 'Ads acima de 10% do faturamento'::text
                    ELSE 'Ok'::text
                END AS ""case""
           FROM b) t
  ORDER BY ord;","_src_avg_kpis"
"create or replace view public._src_google_produto_dia as
 WITH m AS (
         SELECT google_produto_metricas.data,
            google_produto_metricas.campaign_id,
            google_produto_metricas.product_item_id,
            sum(google_produto_metricas.valor) FILTER (WHERE google_produto_metricas.metrica = 'cost'::text) AS gasto,
            sum(google_produto_metricas.valor) FILTER (WHERE google_produto_metricas.metrica = 'impressions'::text) AS impressoes,
            sum(google_produto_metricas.valor) FILTER (WHERE google_produto_metricas.metrica = 'clicks'::text) AS cliques,
            sum(google_produto_metricas.valor) FILTER (WHERE google_produto_metricas.metrica = 'conversions'::text) AS conversoes,
            sum(google_produto_metricas.valor) FILTER (WHERE google_produto_metricas.metrica = 'conversions_value'::text) AS receita
           FROM google_produto_metricas
          GROUP BY google_produto_metricas.data, google_produto_metricas.campaign_id, google_produto_metricas.product_item_id
        )
 SELECT m.data,
    m.campaign_id,
    dc.campaign_name,
    dc.advertising_channel_type AS tipo,
    m.product_item_id,
    dp.product_title,
    dp.brand,
    COALESCE(m.gasto, 0::numeric) AS gasto,
    COALESCE(m.impressoes, 0::numeric) AS impressoes,
    COALESCE(m.cliques, 0::numeric) AS cliques,
    COALESCE(m.conversoes, 0::numeric) AS conversoes,
    COALESCE(m.receita, 0::numeric) AS receita,
    COALESCE(m.receita, 0::numeric) / NULLIF(m.gasto, 0::numeric) AS roas,
    m.gasto / NULLIF(m.cliques, 0::numeric) AS cpc,
    m.gasto / NULLIF(m.impressoes, 0::numeric) * 1000::numeric AS cpm,
    m.gasto / NULLIF(m.conversoes, 0::numeric) AS cpa,
    m.cliques / NULLIF(m.impressoes, 0::numeric) * 100::numeric AS ctr,
    m.conversoes / NULLIF(m.cliques, 0::numeric) * 100::numeric AS taxa_conversao
   FROM m
     LEFT JOIN dim_google_produto dp ON dp.product_item_id = m.product_item_id
     LEFT JOIN dim_google_campanha dc ON dc.campaign_id = m.campaign_id;","_src_google_produto_dia"
"create or replace view public._src_google_termo_dia as
 WITH m AS (
         SELECT google_termo_metricas.data,
            google_termo_metricas.ad_group_id,
            google_termo_metricas.search_term,
            sum(google_termo_metricas.valor) FILTER (WHERE google_termo_metricas.metrica = 'cost'::text) AS gasto,
            sum(google_termo_metricas.valor) FILTER (WHERE google_termo_metricas.metrica = 'impressions'::text) AS impressoes,
            sum(google_termo_metricas.valor) FILTER (WHERE google_termo_metricas.metrica = 'clicks'::text) AS cliques,
            sum(google_termo_metricas.valor) FILTER (WHERE google_termo_metricas.metrica = 'conversions'::text) AS conversoes,
            sum(google_termo_metricas.valor) FILTER (WHERE google_termo_metricas.metrica = 'conversions_value'::text) AS receita
           FROM google_termo_metricas
          GROUP BY google_termo_metricas.data, google_termo_metricas.ad_group_id, google_termo_metricas.search_term
        )
 SELECT m.data,
    dg.campaign_id,
    dc.campaign_name,
    m.ad_group_id,
    dg.ad_group_name,
    m.search_term,
    COALESCE(m.gasto, 0::numeric) AS gasto,
    COALESCE(m.impressoes, 0::numeric) AS impressoes,
    COALESCE(m.cliques, 0::numeric) AS cliques,
    COALESCE(m.conversoes, 0::numeric) AS conversoes,
    COALESCE(m.receita, 0::numeric) AS receita,
    COALESCE(m.receita, 0::numeric) / NULLIF(m.gasto, 0::numeric) AS roas,
    m.gasto / NULLIF(m.cliques, 0::numeric) AS cpc,
    m.cliques / NULLIF(m.impressoes, 0::numeric) * 100::numeric AS ctr
   FROM m
     LEFT JOIN dim_google_grupo dg ON dg.ad_group_id = m.ad_group_id
     LEFT JOIN dim_google_campanha dc ON dc.campaign_id = dg.campaign_id;","_src_google_termo_dia"
"create or replace view public._src_item_conversao_dia as
 WITH vendas AS (
         SELECT r.data_venda AS data,
            r.item_id,
            sum(r.quantity) AS unidades,
            sum(r.unit_price * r.quantity::numeric) AS receita,
            count(DISTINCT r.pedido_id) AS pedidos
           FROM ml_pedido_item_rt r
          WHERE (r.pedido_id IN ( SELECT ml_pedido_rt.pedido_id
                   FROM ml_pedido_rt
                  WHERE ml_pedido_rt.status = 'paid'::text))
          GROUP BY r.data_venda, r.item_id
        UNION ALL
         SELECT i_1.data_venda AS data,
            i_1.item_id,
            sum(i_1.quantity) AS sum,
            sum(i_1.unit_price * i_1.quantity::numeric) AS sum,
            count(DISTINCT i_1.pedido_id) AS count
           FROM ml_pedido_item i_1
          WHERE NOT (EXISTS ( SELECT 1
                   FROM ml_pedido_item_rt r2
                  WHERE r2.pedido_id = i_1.pedido_id))
          GROUP BY i_1.data_venda, i_1.item_id
        ), vendas_ag AS (
         SELECT vendas.data,
            vendas.item_id,
            sum(vendas.unidades)::bigint AS unidades,
            sum(vendas.receita) AS receita,
            sum(vendas.pedidos)::bigint AS pedidos
           FROM vendas
          GROUP BY vendas.data, vendas.item_id
        )
 SELECT COALESCE(v.data, s.data) AS data,
    COALESCE(v.item_id, s.item_id) AS item_id,
    i.title,
    i.seller_sku,
    i.price,
    COALESCE(v.visitas, 0) AS visitas,
    COALESCE(s.unidades, 0::bigint) AS unidades_vendidas,
    COALESCE(s.receita, 0::numeric) AS receita,
    COALESCE(s.pedidos, 0::bigint) AS pedidos,
        CASE
            WHEN COALESCE(v.visitas, 0) > 0 THEN round(100.0 * COALESCE(s.unidades, 0::bigint)::numeric / v.visitas::numeric, 2)
            ELSE NULL::numeric
        END AS conversao_pct
   FROM ml_item_visitas_dia v
     FULL JOIN vendas_ag s ON s.item_id = v.item_id AND s.data = v.data
     LEFT JOIN ml_item i ON i.item_id = COALESCE(v.item_id, s.item_id);","_src_item_conversao_dia"
"create or replace view public._src_site_ads_por_tipo_dia as
 WITH cfg AS (
         SELECT config_atribuicao_site.inicio
           FROM config_atribuicao_site
          WHERE config_atribuicao_site.chave = 'shopify_ultimo_clique'::text
        ), u AS (
         SELECT vw_meta_anuncio_dia.data,
            'Meta'::text AS canal,
            vw_meta_anuncio_dia.objetivo AS tipo_raw,
            vw_meta_anuncio_dia.gasto,
            vw_meta_anuncio_dia.receita,
            vw_meta_anuncio_dia.impressoes,
            vw_meta_anuncio_dia.cliques
           FROM vw_meta_anuncio_dia
        UNION ALL
         SELECT vw_google_campanha_dia.data,
            'Google'::text AS text,
            vw_google_campanha_dia.tipo,
            vw_google_campanha_dia.gasto,
            vw_google_campanha_dia.receita,
            vw_google_campanha_dia.impressoes,
            vw_google_campanha_dia.cliques
           FROM vw_google_campanha_dia
        ), plat AS (
         SELECT u.data,
            u.canal,
            u.tipo_raw,
            sum(u.gasto) AS investimento,
            sum(u.receita) AS receita,
            sum(u.impressoes) AS impressoes,
            sum(u.cliques) AS cliques
           FROM u
          GROUP BY u.data, u.canal, u.tipo_raw
        ), shop AS (
         SELECT vw_site_venda_midia_dia.data,
            vw_site_venda_midia_dia.fonte AS canal,
            vw_site_venda_midia_dia.tipo_raw,
            sum(vw_site_venda_midia_dia.pedidos) AS pedidos,
            sum(vw_site_venda_midia_dia.receita) AS receita
           FROM vw_site_venda_midia_dia
          GROUP BY vw_site_venda_midia_dia.data, vw_site_venda_midia_dia.fonte, vw_site_venda_midia_dia.tipo_raw
        ), agg AS (
         SELECT COALESCE(p.data, s.data) AS data,
            COALESCE(p.canal, s.canal) AS canal,
            COALESCE(p.tipo_raw, s.tipo_raw) AS tipo_raw,
            COALESCE(p.investimento, 0::numeric) AS investimento,
                CASE
                    WHEN COALESCE(p.data, s.data) >= (( SELECT cfg.inicio
                       FROM cfg)) THEN COALESCE(s.receita, 0::numeric)
                    ELSE p.receita
                END AS receita,
            p.receita AS receita_plataforma,
            s.pedidos AS pedidos_shopify,
                CASE
                    WHEN COALESCE(p.data, s.data) >= (( SELECT cfg.inicio
                       FROM cfg)) THEN 'shopify'::text
                    ELSE 'plataforma'::text
                END AS base_receita,
            COALESCE(p.impressoes, 0::numeric) AS impressoes,
            COALESCE(p.cliques, 0::numeric) AS cliques
           FROM plat p
             FULL JOIN shop s ON s.data = p.data AND s.canal = p.canal AND NOT s.tipo_raw IS DISTINCT FROM p.tipo_raw
        )
 SELECT data,
    canal,
        CASE tipo_raw
            WHEN 'OUTCOME_SALES'::text THEN 'Vendas'::text
            WHEN 'OUTCOME_TRAFFIC'::text THEN 'Tr├ífego'::text
            WHEN 'OUTCOME_ENGAGEMENT'::text THEN 'Engajamento'::text
            WHEN 'OUTCOME_AWARENESS'::text THEN 'Reconhecimento'::text
            WHEN 'OUTCOME_LEADS'::text THEN 'Leads'::text
            WHEN 'OUTCOME_APP_PROMOTION'::text THEN 'Promo├º├úo de app'::text
            WHEN 'PERFORMANCE_MAX'::text THEN 'Performance Max'::text
            WHEN 'SEARCH'::text THEN 'Search'::text
            WHEN 'DEMAND_GEN'::text THEN 'Demand Gen'::text
            WHEN 'DISPLAY'::text THEN 'Display'::text
            WHEN 'VIDEO'::text THEN 'V├¡deo'::text
            WHEN 'SHOPPING'::text THEN 'Shopping'::text
            WHEN 'DISCOVERY'::text THEN 'Discovery'::text
            WHEN 'MULTI_CHANNEL'::text THEN 'Multicanal'::text
            WHEN 'LOCAL'::text THEN 'Local'::text
            WHEN 'SMART'::text THEN 'Smart'::text
            WHEN 'UTM_SEM_CAMPANHA'::text THEN 'UTM sem campanha'::text
            ELSE COALESCE(NULLIF(tipo_raw, ''::text), '(sem tipo)'::text)
        END AS tipo,
    tipo_raw,
    round(investimento, 2) AS investimento,
    round(receita, 2) AS receita,
    round(receita / NULLIF(investimento, 0::numeric), 2) AS roas,
    round(investimento * 100::numeric / NULLIF(receita, 0::numeric), 2) AS acos,
    impressoes,
    cliques,
    round(receita_plataforma, 2) AS receita_plataforma,
    pedidos_shopify,
    base_receita
   FROM agg;","_src_site_ads_por_tipo_dia"
"create or replace view public._src_site_produto_dia as
 SELECT date AS data,
    COALESCE(line_item__product_id, line_item__sku, line_item__name) AS produto_key,
    max(line_item__name) AS produto,
    max(line_item__sku) AS sku,
    count(DISTINCT order_id) AS pedidos,
    sum(line_item__quantity) AS unidades,
    round(sum(line_item__net_sales), 2) AS receita
   FROM stg_shopify_orders_item
  WHERE COALESCE(order_test, false) = false AND order_cancelled_at IS NULL AND COALESCE(line_item__product_id, line_item__sku, line_item__name) IS NOT NULL
  GROUP BY date, (COALESCE(line_item__product_id, line_item__sku, line_item__name));","_src_site_produto_dia"
"create or replace view public._src_vw_cliente_canais as
 SELECT cliente_chave,
    count(*) AS pedidos,
    count(DISTINCT canal) AS canais,
    string_agg(DISTINCT canal, ' + '::text ORDER BY canal) AS quais_canais,
    min(data) AS primeira_compra,
    max(data) AS ultima_compra,
    max(data) - min(data) AS dias_entre_primeira_ultima,
    sum(COALESCE(valor, 0::numeric)) AS faturamento,
    round(avg(COALESCE(valor, 0::numeric)), 2) AS ticket_medio,
    max(uf) AS uf,
        CASE
            WHEN count(*) > 1 THEN 'recomprador'::text
            ELSE 'unico'::text
        END AS perfil,
        CASE
            WHEN count(DISTINCT canal) > 1 THEN 'multicanal'::text
            ELSE 'canal unico'::text
        END AS alcance,
        CASE
            WHEN count(DISTINCT canal) > 1 THEN 'Cliente multicanal: ativar oferta cruzada'::text
            WHEN count(*) > 1 THEN 'Recomprador de canal unico: testar oferta em outro canal'::text
            ELSE 'Compra unica: foco em reativacao'::text
        END AS sugestao
   FROM fact_pedido_cliente f
  WHERE cliente_chave IS NOT NULL
  GROUP BY cliente_chave;","_src_vw_cliente_canais"
"create or replace view public.rev_flow_resumo as
 WITH d AS (
         SELECT v.flow_id,
            ((h.content::jsonb -> 'resposta'::text) -> 'data'::text) -> 'attributes'::text AS at
           FROM rev_flow v
             JOIN net._http_response h ON h.id = v.req
          WHERE h.status_code = 200 AND length(h.content) >= 600
        )
 SELECT flow_id,
    at ->> 'name'::text AS nome,
    at ->> 'status'::text AS status,
    (((at -> 'definition'::text) -> 'triggers'::text) -> 0) ->> 'type'::text AS gat_tipo,
    (((at -> 'definition'::text) -> 'triggers'::text) -> 0) ->> 'id'::text AS gat_id,
    jsonb_array_length(COALESCE(((((at -> 'definition'::text) -> 'triggers'::text) -> 0) -> 'trigger_filter'::text) -> 'condition_groups'::text, '[]'::jsonb)) AS g_gatilho,
    COALESCE(jsonb_array_length(((at -> 'definition'::text) -> 'profile_filter'::text) -> 'condition_groups'::text), '-1'::integer) AS g_perfil,
    (at -> 'definition'::text) -> 'profile_filter'::text AS pf,
    (at -> 'definition'::text) -> 'actions'::text AS acoes
   FROM d;","rev_flow_resumo"
"create or replace view public.vw_aads_campanhas as
 SELECT ad_type AS tipo,
    ""left""(campaign_name, 32) AS campanha,
    round(sum(cost)) AS invest,
    round(sum(sales_14d)) AS vendas,
    round(100.0 * sum(cost) / NULLIF(sum(sales_14d), 0::numeric), 1) AS acos,
    round(sum(sales_14d) / NULLIF(sum(cost), 0::numeric), 2) AS roas,
    sum(units_14d) AS unidades,
        CASE
            WHEN (sum(sales_14d) / NULLIF(sum(cost), 0::numeric)) < 4::numeric THEN 'Ineficiente: revisar segmentacao/lances ou reduzir (arrasta o TACoS do canal)'::text
            WHEN (sum(sales_14d) / NULLIF(sum(cost), 0::numeric)) >= 10::numeric THEN 'Escalar: ROAS alto com espaco'::text
            ELSE 'Otimizar rumo ao ROAS Total 10'::text
        END AS sugestao
   FROM vw_amazon_ads_por_tipo_dia
  WHERE data >= ((now() AT TIME ZONE 'America/Sao_Paulo'::text)::date - 31)
  GROUP BY ad_type, campaign_name
  ORDER BY (round(sum(cost))) DESC;","vw_aads_campanhas"
"create or replace view public.vw_aads_keywords as
 SELECT ""left""(keyword, 30) AS keyword,
    match_type,
    round(sum(cost)) AS invest,
    round(sum(sales_14d)) AS vendas,
    sum(clicks) AS cliques,
    round(100.0 * sum(cost) / NULLIF(sum(sales_14d), 0::numeric), 1) AS acos,
    round(sum(sales_14d) / NULLIF(sum(cost), 0::numeric), 2) AS roas,
        CASE
            WHEN sum(sales_14d) = 0::numeric AND sum(cost) > 20::numeric THEN ('NEGATIVAR: R$'::text || round(sum(cost))) || ' gastos SEM venda'::text
            WHEN (sum(sales_14d) / NULLIF(sum(cost), 0::numeric)) < 3::numeric AND sum(cost) > 30::numeric THEN ('Reduzir/negativar (ROAS '::text || round(sum(sales_14d) / NULLIF(sum(cost), 0::numeric), 2)) || ')'::text
            WHEN (sum(sales_14d) / NULLIF(sum(cost), 0::numeric)) >= 10::numeric THEN ('Escalar (ROAS '::text || round(sum(sales_14d) / NULLIF(sum(cost), 0::numeric), 2)) || ')'::text
            ELSE 'Monitorar'::text
        END AS sugestao
   FROM vw_amazon_ads_keyword_dia
  WHERE data >= ((now() AT TIME ZONE 'America/Sao_Paulo'::text)::date - 31)
  GROUP BY keyword, match_type
 HAVING sum(cost) > 0::numeric
  ORDER BY (round(sum(cost))) DESC;","vw_aads_keywords"
"create or replace view public.vw_aads_matchtype as
 SELECT
        CASE
            WHEN match_type = ANY (ARRAY['BROAD'::text, 'PHRASE'::text, 'EXACT'::text]) THEN match_type
            ELSE 'Auto: '::text || keyword
        END AS tipo,
    round(sum(cost)) AS invest,
    round(sum(sales_14d)) AS vendas,
    round(sum(sales_14d) / NULLIF(sum(cost), 0::numeric), 2) AS roas,
    round(100.0 * sum(cost) / NULLIF(sum(sales_14d), 0::numeric), 1) AS acos,
        CASE
            WHEN (sum(sales_14d) / NULLIF(sum(cost), 0::numeric)) < 5::numeric THEN 'ROAS baixo: baixar lances nos termos caros e negativar os ruins deste tipo'::text
            WHEN (sum(sales_14d) / NULLIF(sum(cost), 0::numeric)) >= 7::numeric THEN 'Eficiente: espaco pra escalar'::text
            ELSE 'Otimizar (rumo ao ROAS Total 10)'::text
        END AS sugestao
   FROM vw_amazon_ads_keyword_dia
  WHERE data >= ((now() AT TIME ZONE 'America/Sao_Paulo'::text)::date - 31)
  GROUP BY (
        CASE
            WHEN match_type = ANY (ARRAY['BROAD'::text, 'PHRASE'::text, 'EXACT'::text]) THEN match_type
            ELSE 'Auto: '::text || keyword
        END)
  ORDER BY (round(sum(cost))) DESC;","vw_aads_matchtype"
"create or replace view public.vw_aads_negativar as
 SELECT ""left""(keyword, 30) AS keyword,
    match_type,
    round(sum(cost)) AS invest_desperdicado,
    sum(clicks) AS cliques
   FROM vw_amazon_ads_keyword_dia
  WHERE data >= ((now() AT TIME ZONE 'America/Sao_Paulo'::text)::date - 31)
  GROUP BY keyword, match_type
 HAVING sum(sales_14d) = 0::numeric AND sum(cost) > 15::numeric
  ORDER BY (round(sum(cost))) DESC;","vw_aads_negativar"
"create or replace view public.vw_aads_produtos as
 WITH w AS (
         SELECT vw_amazon_ads_produto_dia.asin,
            max(vw_amazon_ads_produto_dia.sku) AS sku,
            sum(vw_amazon_ads_produto_dia.impressions) AS imp,
            sum(vw_amazon_ads_produto_dia.clicks) AS cli,
            sum(vw_amazon_ads_produto_dia.cost) AS invest,
            sum(vw_amazon_ads_produto_dia.sales_14d) AS vendas,
            sum(vw_amazon_ads_produto_dia.purchases_14d) AS compras
           FROM vw_amazon_ads_produto_dia
          WHERE vw_amazon_ads_produto_dia.data >= ((now() AT TIME ZONE 'America/Sao_Paulo'::text)::date - 29)
          GROUP BY vw_amazon_ads_produto_dia.asin
        )
 SELECT COALESCE(p.titulo, w.asin) AS produto,
    w.asin,
    w.sku,
    w.imp AS impressoes,
    w.cli AS cliques,
    round(100.0 * w.cli / NULLIF(w.imp, 0::numeric), 2) AS ctr_pct,
    round(w.invest) AS invest,
    round(w.vendas) AS vendas,
    w.compras,
    round(100.0 * w.invest / NULLIF(w.vendas, 0::numeric), 1) AS acos_pct,
    round(w.vendas / NULLIF(w.invest, 0::numeric), 2) AS roas,
        CASE
            WHEN w.vendas = 0::numeric AND w.cli > 30::numeric THEN ('Sem venda com '::text || w.cli) || ' cliques - revisar/negativar'::text
            WHEN w.vendas > 0::numeric AND (w.invest / NULLIF(w.vendas, 0::numeric)) > 0.25 THEN 'ACoS alto - reduzir lance ou otimizar pagina'::text
            ELSE 'Saudavel'::text
        END AS sugestao
   FROM w
     LEFT JOIN ( SELECT dim_amazon_produto.asin,
            max(dim_amazon_produto.titulo) AS titulo
           FROM dim_amazon_produto
          GROUP BY dim_amazon_produto.asin) p ON p.asin = w.asin
  ORDER BY w.invest DESC;","vw_aads_produtos"
"create or replace view public.vw_aads_segmentos as
 WITH k AS (
         SELECT
                CASE
                    WHEN vw_amazon_ads_keyword_dia.match_type ~~ 'TARGETING%'::text THEN '4 Auto (targeting)'::text
                    WHEN vw_amazon_ads_keyword_dia.keyword ~* 'soldiers'::text THEN '1 Marca'::text
                    WHEN lower(TRIM(BOTH FROM vw_amazon_ads_keyword_dia.keyword)) ~ '^(creatina|whey|prote[i├¡]na|suplementos?|pr[e├®][ -]?treino|amino[a├í]cidos?|bcaa|glutamina|cafeina|colageno)$'::text THEN '3 Generico amplo'::text
                    ELSE '2 Generico especifico'::text
                END AS seg,
            vw_amazon_ads_keyword_dia.cost,
            vw_amazon_ads_keyword_dia.sales_14d
           FROM vw_amazon_ads_keyword_dia
          WHERE vw_amazon_ads_keyword_dia.data >= ((now() AT TIME ZONE 'America/Sao_Paulo'::text)::date - 31)
        )
 SELECT seg AS segmento,
    round(sum(cost)) AS invest,
    round(100::numeric * sum(cost) / sum(sum(cost)) OVER (), 1) AS share_pct,
    round(sum(sales_14d)) AS vendas,
    round(sum(sales_14d) / NULLIF(sum(cost), 0::numeric), 2) AS roas,
        CASE
            WHEN (sum(sales_14d) / NULLIF(sum(cost), 0::numeric)) < 5::numeric THEN 'Abaixo de ROAS 5: '::text ||
            CASE
                WHEN seg = '3 Generico amplo'::text THEN 'reduzir/negativar amplos improdutivos'::text
                WHEN seg = '1 Marca'::text THEN 'defender e otimizar marca'::text
                WHEN seg ~~ '4 Auto%'::text THEN 'refinar auto (negativar substitutes/loose ruins)'::text
                ELSE 'empurrar especificos (lance/listagem)'::text
            END
            ELSE 'Ok, escalar'::text
        END AS sugestao
   FROM k
  GROUP BY seg
  ORDER BY seg;","vw_aads_segmentos"
"create or replace view public.vw_aanun_buybox as
 WITH p AS (
         SELECT COALESCE(vw_amazon_produto_dia.titulo, vw_amazon_produto_dia.child_asin) AS produto,
            vw_amazon_produto_dia.child_asin AS asin,
            sum(vw_amazon_produto_dia.vendas) AS v,
            sum(vw_amazon_produto_dia.unidades) AS un,
            sum(vw_amazon_produto_dia.buybox_pct * vw_amazon_produto_dia.pageviews) / NULLIF(sum(vw_amazon_produto_dia.pageviews), 0::numeric) AS bb
           FROM vw_amazon_produto_dia
          WHERE vw_amazon_produto_dia.data >= ((now() AT TIME ZONE 'America/Sao_Paulo'::text)::date - 31) AND NOT vw_amazon_produto_dia.em_consolidacao
          GROUP BY (COALESCE(vw_amazon_produto_dia.titulo, vw_amazon_produto_dia.child_asin)), vw_amazon_produto_dia.child_asin
        )
 SELECT ""left""(produto, 40) AS anuncio,
    asin,
    round(v) AS faturamento,
    un AS unidades,
    round(100::numeric * bb, 1) AS buybox_pct,
    ('Buy box '::text || round(100::numeric * bb)) || '%: recuperar a caixa (preco competitivo / conta saudavel / estoque)'::text AS sugestao
   FROM p
  WHERE bb < 0.9 AND v > 0::numeric
  ORDER BY v DESC;","vw_aanun_buybox"
"create or replace view public.vw_aanun_melhorar as
 WITH p AS (
         SELECT COALESCE(vw_amazon_produto_dia.titulo, vw_amazon_produto_dia.child_asin) AS produto,
            vw_amazon_produto_dia.child_asin AS asin,
            sum(vw_amazon_produto_dia.vendas) AS v,
            sum(vw_amazon_produto_dia.unidades) AS un,
            sum(vw_amazon_produto_dia.sessoes) AS ses,
            sum(vw_amazon_produto_dia.pageviews) AS pv,
            sum(vw_amazon_produto_dia.pedidos_itens) AS ped,
            sum(vw_amazon_produto_dia.buybox_pct * vw_amazon_produto_dia.pageviews) / NULLIF(sum(vw_amazon_produto_dia.pageviews), 0::numeric) AS bb
           FROM vw_amazon_produto_dia
          WHERE vw_amazon_produto_dia.data >= ((now() AT TIME ZONE 'America/Sao_Paulo'::text)::date - 31) AND NOT vw_amazon_produto_dia.em_consolidacao
          GROUP BY (COALESCE(vw_amazon_produto_dia.titulo, vw_amazon_produto_dia.child_asin)), vw_amazon_produto_dia.child_asin
        ), ads AS (
         SELECT vw_amazon_ads_produto_dia.asin,
            sum(vw_amazon_ads_produto_dia.cost) AS adcost,
            sum(vw_amazon_ads_produto_dia.sales_14d) AS adsales
           FROM vw_amazon_ads_produto_dia
          WHERE vw_amazon_ads_produto_dia.data >= ((now() AT TIME ZONE 'America/Sao_Paulo'::text)::date - 31)
          GROUP BY vw_amazon_ads_produto_dia.asin
        )
 SELECT ""left""(p.produto, 40) AS anuncio,
    p.asin,
    round(p.v) AS faturamento,
    p.un AS unidades,
    p.ses AS sessoes,
    round(p.pv / NULLIF(p.ses, 0::numeric), 1) AS pv_por_sessao,
    round(100.0 * p.ped / NULLIF(p.ses, 0::numeric), 1) AS conversao_pct,
    round(100::numeric * p.bb, 1) AS buybox_pct,
    round(p.v / NULLIF(p.un, 0::numeric), 2) AS preco_medio,
    round(100.0 * COALESCE(a.adcost, 0::numeric) / NULLIF(p.v, 0::numeric), 1) AS tacos_asin_pct,
    round(100.0 * a.adcost / NULLIF(a.adsales, 0::numeric), 1) AS acos_asin_pct,
        CASE
            WHEN COALESCE(p.v, 0::numeric) = 0::numeric AND p.ses > 0::numeric THEN ('Trafego SEM venda ('::text || p.ses) || ' sessoes, 0 pedidos): verificar estoque/preco/listagem'::text
            WHEN (100::numeric * p.bb) < 90::numeric AND p.v > 0::numeric THEN ('Buy box '::text || round(100::numeric * p.bb)) || '%: revisar preco/saude da conta (perdendo a caixa de compra)'::text
            WHEN (100.0 * p.ped / NULLIF(p.ses, 0::numeric)) < 10::numeric AND p.ses > 200::numeric THEN ((('Conversao '::text || round(100.0 * p.ped / NULLIF(p.ses, 0::numeric), 1)) || '% com '::text) || p.ses) || ' sessoes: revisar preco/fotos/titulo/reviews'::text
            WHEN (100.0 * COALESCE(a.adcost, 0::numeric) / NULLIF(p.v, 0::numeric)) > 25::numeric THEN ('Dependente de ads (TACoS '::text || round(100.0 * a.adcost / NULLIF(p.v, 0::numeric), 1)) || '%): fortalecer organico/listagem'::text
            WHEN p.ses > 500::numeric AND (100.0 * p.ped / NULLIF(p.ses, 0::numeric)) < 15::numeric THEN 'Trafego alto convertendo abaixo da media (~19%): otimizar listagem'::text
            ELSE 'Ok / manter'::text
        END AS sugestao
   FROM p
     LEFT JOIN ads a ON a.asin = p.asin
  WHERE p.v > 0::numeric OR p.ses > 0::numeric
  ORDER BY p.v DESC NULLS LAST, p.ses DESC;","vw_aanun_melhorar"
"create or replace view public.vw_aanun_top as
 SELECT anuncio,
    asin,
    faturamento,
    unidades,
    sessoes,
    pv_por_sessao,
    conversao_pct,
    buybox_pct,
    preco_medio,
    tacos_asin_pct,
    acos_asin_pct,
    sugestao
   FROM vw_aanun_melhorar
  WHERE sugestao <> 'Ok / manter'::text
  ORDER BY faturamento DESC NULLS LAST, sessoes DESC
 LIMIT 40;","vw_aanun_top"
"create or replace view public.vw_abb_resumo as
 SELECT count(*) AS asins,
    count(*) FILTER (WHERE ganho_buybox IS TRUE) AS ganha_bb,
    count(*) FILTER (WHERE status = 'ok'::text AND (n_concorrentes > 0 OR ganho_buybox IS NOT TRUE)) AS em_risco,
    count(*) FILTER (WHERE concorrente_no_bb) AS perdendo_concorrente,
    count(*) FILTER (WHERE ganho_buybox IS NULL) AS suprimida,
    count(*) FILTER (WHERE n_concorrentes > 0) AS com_concorrente,
    max(atualizado_em) AS atualizado
   FROM dim_amazon_buybox
  WHERE status = 'ok'::text;","vw_abb_resumo"
"create or replace view public.vw_acad_resumo as
 SELECT count(*) AS cadastros,
    round(avg(health), 2) AS health_medio,
    count(*) FILTER (WHERE NOT tem_aplus) AS sem_aplus,
    count(*) FILTER (WHERE NOT tem_aplus AND vendas_28d > 0::numeric) AS sem_aplus_que_vende,
    count(*) FILTER (WHERE n_fotos < 7) AS poucas_fotos,
    count(*) FILTER (WHERE n_bullets < 5) AS poucos_bullets,
    count(*) FILTER (WHERE NOT tem_descricao) AS sem_descricao,
    round(sum(vendas_28d) FILTER (WHERE NOT tem_aplus), 2) AS venda28_sem_aplus
   FROM vw_amazon_cadastro;","vw_acad_resumo"
"create or replace view public.vw_ads_funil_canal_dia as
 WITH base AS (
         SELECT vw_site_ads_por_tipo_dia.data,
            'Site'::text AS canal,
            sum(vw_site_ads_por_tipo_dia.investimento) AS invest,
            sum(vw_site_ads_por_tipo_dia.receita) AS receita_ads,
            sum(vw_site_ads_por_tipo_dia.impressoes) AS impressoes,
            sum(vw_site_ads_por_tipo_dia.cliques) AS cliques,
            NULL::numeric AS conversoes
           FROM vw_site_ads_por_tipo_dia
          GROUP BY vw_site_ads_por_tipo_dia.data
        UNION ALL
         SELECT vw_google_kpi_dia.data,
            'Site'::text,
            0,
            0,
            0,
            0,
            sum(vw_google_kpi_dia.conversoes) AS sum
           FROM vw_google_kpi_dia
          GROUP BY vw_google_kpi_dia.data
        UNION ALL
         SELECT vw_meta_kpi_dia.data,
            'Site'::text,
            0,
            0,
            0,
            0,
            sum(vw_meta_kpi_dia.compras) AS sum
           FROM vw_meta_kpi_dia
          GROUP BY vw_meta_kpi_dia.data
        UNION ALL
         SELECT vw_ml_pads_kpi_dia.date,
            'Mercado Livre'::text,
            sum(vw_ml_pads_kpi_dia.cost) AS sum,
            sum(vw_ml_pads_kpi_dia.total_amount) AS sum,
            sum(vw_ml_pads_kpi_dia.prints) AS sum,
            sum(vw_ml_pads_kpi_dia.clicks) AS sum,
            sum(vw_ml_pads_kpi_dia.units_quantity) AS sum
           FROM vw_ml_pads_kpi_dia
          GROUP BY vw_ml_pads_kpi_dia.date
        UNION ALL
         SELECT vw_ml_display_campanha_dia.data,
            'Mercado Livre'::text,
            sum(vw_ml_display_campanha_dia.investimento) AS sum,
            sum(vw_ml_display_campanha_dia.receita) AS sum,
            sum(vw_ml_display_campanha_dia.impressoes) AS sum,
            sum(vw_ml_display_campanha_dia.cliques) AS sum,
            sum(vw_ml_display_campanha_dia.unidades) AS sum
           FROM vw_ml_display_campanha_dia
          GROUP BY vw_ml_display_campanha_dia.data
        UNION ALL
         SELECT vw_brand_ads_kpi_dia.date,
            'Mercado Livre'::text,
            sum(vw_brand_ads_kpi_dia.cost) AS sum,
            sum(vw_brand_ads_kpi_dia.receita) AS sum,
            sum(vw_brand_ads_kpi_dia.prints) AS sum,
            sum(vw_brand_ads_kpi_dia.clicks) AS sum,
            sum(vw_brand_ads_kpi_dia.pedidos) AS sum
           FROM vw_brand_ads_kpi_dia
          GROUP BY vw_brand_ads_kpi_dia.date
        UNION ALL
         SELECT vw_amazon_ads_por_tipo_dia.data,
            'Amazon'::text,
            sum(vw_amazon_ads_por_tipo_dia.cost) AS sum,
            sum(vw_amazon_ads_por_tipo_dia.sales_14d) AS sum,
            sum(vw_amazon_ads_por_tipo_dia.impressions) AS sum,
            sum(vw_amazon_ads_por_tipo_dia.clicks) AS sum,
            sum(vw_amazon_ads_por_tipo_dia.conversions_14d) AS sum
           FROM vw_amazon_ads_por_tipo_dia
          GROUP BY vw_amazon_ads_por_tipo_dia.data
        UNION ALL
         SELECT fact_shopee_ads_total_dia.data,
            'Shopee'::text,
            sum(fact_shopee_ads_total_dia.expense) AS sum,
            sum(fact_shopee_ads_total_dia.direct_gmv) AS sum,
            sum(fact_shopee_ads_total_dia.impression) AS sum,
            sum(fact_shopee_ads_total_dia.clicks) AS sum,
            sum(fact_shopee_ads_total_dia.direct_order) AS sum
           FROM fact_shopee_ads_total_dia
          GROUP BY fact_shopee_ads_total_dia.data
        UNION ALL
         SELECT fact_tiktok_ads_total_dia.data,
            'TikTok'::text,
            sum(fact_tiktok_ads_total_dia.invest) AS sum,
            sum(fact_tiktok_ads_total_dia.receita) AS sum,
            NULL::numeric,
            NULL::numeric,
            sum(fact_tiktok_ads_total_dia.pedidos) AS sum
           FROM fact_tiktok_ads_total_dia
          GROUP BY fact_tiktok_ads_total_dia.data
        )
 SELECT data,
    canal,
    sum(invest) AS invest,
    sum(receita_ads) AS receita_ads,
    NULLIF(sum(impressoes), 0::numeric) AS impressoes,
    NULLIF(sum(cliques), 0::numeric) AS cliques,
    NULLIF(sum(conversoes), 0::numeric) AS conversoes,
        CASE
            WHEN sum(cliques) > 0::numeric THEN sum(invest) / sum(cliques)
            ELSE NULL::numeric
        END AS cpc,
        CASE
            WHEN sum(conversoes) > 0::numeric THEN sum(invest) / sum(conversoes)
            ELSE NULL::numeric
        END AS custo_conversao,
        CASE
            WHEN sum(impressoes) > 0::numeric THEN sum(cliques) / sum(impressoes) * 100::numeric
            ELSE NULL::numeric
        END AS ctr,
        CASE
            WHEN sum(cliques) > 0::numeric THEN sum(conversoes) / sum(cliques) * 100::numeric
            ELSE NULL::numeric
        END AS taxa_conversao,
        CASE canal
            WHEN 'Site'::text THEN 'convers├Áes do Google + compras do Meta'::text
            WHEN 'Mercado Livre'::text THEN 'unidades (Product Ads e Display) + pedidos (Brand Ads)'::text
            WHEN 'Amazon'::text THEN 'convers├Áes em 14 dias'::text
            WHEN 'Shopee'::text THEN 'pedidos diretos'::text
            WHEN 'TikTok'::text THEN 'pedidos (sem cliques na base)'::text
            ELSE NULL::text
        END AS base_conversao
   FROM base
  GROUP BY data, canal;","vw_ads_funil_canal_dia"
"create or replace view public.vw_ads_por_tipo_dia as
 SELECT vw_ml_pads_kpi_dia.date AS data,
    'PAds'::text AS tipo,
    vw_ml_pads_kpi_dia.cost AS investimento,
    vw_ml_pads_kpi_dia.total_amount AS receita,
    vw_ml_pads_kpi_dia.prints AS impressoes,
    vw_ml_pads_kpi_dia.clicks AS cliques,
    vw_ml_pads_kpi_dia.units_quantity AS unidades
   FROM vw_ml_pads_kpi_dia
UNION ALL
 SELECT vw_ml_display_kpi_dia.data,
    'DSP'::text AS tipo,
    vw_ml_display_kpi_dia.investimento,
    vw_ml_display_kpi_dia.receita,
    vw_ml_display_kpi_dia.impressoes,
    vw_ml_display_kpi_dia.cliques,
    vw_ml_display_kpi_dia.unidades
   FROM vw_ml_display_kpi_dia
UNION ALL
 SELECT vw_brand_ads_kpi_dia.date AS data,
    'BAds'::text AS tipo,
    vw_brand_ads_kpi_dia.cost AS investimento,
    vw_brand_ads_kpi_dia.receita,
    vw_brand_ads_kpi_dia.prints AS impressoes,
    vw_brand_ads_kpi_dia.clicks AS cliques,
    vw_brand_ads_kpi_dia.pedidos AS unidades
   FROM vw_brand_ads_kpi_dia;","vw_ads_por_tipo_dia"
"create or replace view public.vw_aest_fora_fba as
 WITH a AS (
         SELECT fact_amazon_pedido.asin,
            sum(fact_amazon_pedido.item_price) FILTER (WHERE fact_amazon_pedido.fulfillment_channel = 'Merchant'::text) AS fbm,
            sum(fact_amazon_pedido.item_price) AS total,
            sum(fact_amazon_pedido.quantity) FILTER (WHERE fact_amazon_pedido.fulfillment_channel = 'Merchant'::text) AS un_fbm
           FROM fact_amazon_pedido
          WHERE fact_amazon_pedido.purchase_date >= ((now() AT TIME ZONE 'America/Sao_Paulo'::text)::date - 29) AND fact_amazon_pedido.order_status <> 'Cancelled'::text
          GROUP BY fact_amazon_pedido.asin
        ), rep AS (
         SELECT vw_amazon_reposicao.asin,
            bool_or(vw_amazon_reposicao.em_fba) AS em_fba
           FROM vw_amazon_reposicao
          GROUP BY vw_amazon_reposicao.asin
        )
 SELECT COALESCE(p.titulo, a.asin) AS produto,
    a.asin,
    round(a.fbm) AS vendas_fbm,
    a.un_fbm AS unidades_fbm,
    round(100.0 * a.fbm / NULLIF(a.total, 0::numeric), 1) AS pct_produto_fora_fba,
        CASE
            WHEN r.em_fba THEN 'Esta no FBA mas ainda vende FBM: repor estoque FBA / revisar preco FBM'::text
            ELSE 'NAO esta no FBA: enviar ao FBA (perdendo Buy Box/Prime)'::text
        END AS sugestao
   FROM a
     LEFT JOIN ( SELECT dim_amazon_produto.asin,
            max(dim_amazon_produto.titulo) AS titulo
           FROM dim_amazon_produto
          GROUP BY dim_amazon_produto.asin) p ON p.asin = a.asin
     LEFT JOIN rep r ON r.asin = a.asin
  WHERE a.fbm > 0::numeric
  ORDER BY a.fbm DESC;","vw_aest_fora_fba"
"create or replace view public.vw_aest_kpi as
 WITH f AS (
         SELECT sum(fact_amazon_pedido.item_price) FILTER (WHERE fact_amazon_pedido.fulfillment_channel = 'Amazon'::text) AS fba,
            sum(fact_amazon_pedido.item_price) FILTER (WHERE fact_amazon_pedido.fulfillment_channel = 'Merchant'::text) AS fbm,
            sum(fact_amazon_pedido.item_price) AS total,
            count(DISTINCT
                CASE
                    WHEN fact_amazon_pedido.fulfillment_channel = 'Merchant'::text THEN fact_amazon_pedido.asin
                    ELSE NULL::text
                END) AS asins_fbm
           FROM fact_amazon_pedido
          WHERE fact_amazon_pedido.purchase_date >= ((now() AT TIME ZONE 'America/Sao_Paulo'::text)::date - 29) AND fact_amazon_pedido.order_status <> 'Cancelled'::text
        ), al AS (
         SELECT count(*) FILTER (WHERE vw_amazon_reposicao.alerta = ANY (ARRAY['rupturado'::text, 'critico'::text])) AS ruptura,
            count(*) FILTER (WHERE vw_amazon_reposicao.alerta = 'fora_do_fba'::text) AS fora
           FROM vw_amazon_reposicao
        )
 SELECT metrica,
    valor,
    meta
   FROM ( SELECT 1 AS ord,
            'Vendas FBA'::text AS metrica,
            ((('R$ '::text || replace(to_char(round(( SELECT f.fba
                   FROM f)), 'FM999,999,999'::text), ','::text, '.'::text)) || ' ('::text) || round(100.0 * (( SELECT f.fba
                   FROM f)) / NULLIF(( SELECT f.total
                   FROM f), 0::numeric))) || '%)'::text AS valor,
            NULL::text AS meta
        UNION ALL
         SELECT 2,
            'Vendas FBM (fora do FBA)'::text,
            ((('R$ '::text || replace(to_char(round(( SELECT f.fbm
                   FROM f)), 'FM999,999,999'::text), ','::text, '.'::text)) || ' ('::text) || round(100.0 * (( SELECT f.fbm
                   FROM f)) / NULLIF(( SELECT f.total
                   FROM f), 0::numeric))) || '%)'::text,
            NULL::text
        UNION ALL
         SELECT 3,
            '% vendas FORA do FBA'::text,
            replace(to_char(round(100.0 * (( SELECT f.fbm
                   FROM f)) / NULLIF(( SELECT f.total
                   FROM f), 0::numeric), 1), 'FM990.0'::text), '.'::text, ','::text) || '%'::text,
            '0% (ideal: tudo no FBA)'::text
        UNION ALL
         SELECT 4,
            'ASINs vendendo FBM'::text,
            (( SELECT f.asins_fbm
                   FROM f))::text AS asins_fbm,
            '0'::text
        UNION ALL
         SELECT 5,
            'Rupturas iminentes (FBA)'::text,
            (( SELECT al.ruptura
                   FROM al))::text AS ruptura,
            '0'::text
        UNION ALL
         SELECT 6,
            'Itens fora do FBA (reposicao)'::text,
            (( SELECT al.fora
                   FROM al))::text AS fora,
            NULL::text) t
  ORDER BY ord;","vw_aest_kpi"
"create or replace view public.vw_aest_reposicao as
 SELECT titulo AS produto,
    sku,
    asin,
    alerta,
    fba_disponivel AS disponivel,
    fba_a_caminho AS a_caminho,
    round(cobertura_dias, 1) AS cobertura_dias,
    round(media_diaria, 1) AS vende_dia,
    enviar_30d,
    vendas_21d,
        CASE alerta
            WHEN 'rupturado'::text THEN ('URGENTE: repor '::text || enviar_30d) || ' un (ZERADO)'::text
            WHEN 'critico'::text THEN ((('URGENTE: repor '::text || enviar_30d) || ' un (rompe em '::text) || round(cobertura_dias, 1)) || 'd)'::text
            WHEN 'atencao'::text THEN ((('Programar '::text || enviar_30d) || ' un (cobertura '::text) || round(cobertura_dias, 1)) || 'd)'::text
            ELSE ('Repor '::text || COALESCE(enviar_30d, 0)) || ' un'::text
        END AS sugestao
   FROM vw_amazon_reposicao
  WHERE (alerta = ANY (ARRAY['rupturado'::text, 'critico'::text, 'atencao'::text, 'abaixo_30d'::text])) AND COALESCE(enviar_30d, 0) > 0
  ORDER BY vendas_21d DESC NULLS LAST;","vw_aest_reposicao"
"create or replace view public.vw_aest_resumo as
 SELECT array_position(ARRAY['rupturado'::text, 'critico'::text, 'atencao'::text, 'abaixo_30d'::text, 'fora_do_fba'::text, 'excedente'::text, 'sem_venda'::text], alerta) AS ord,
    alerta,
    count(*) AS produtos,
    COALESCE(sum(vendas_21d), 0::bigint) AS vendas_21d,
    COALESCE(sum(enviar_30d), 0::bigint) AS total_enviar,
        CASE alerta
            WHEN 'rupturado'::text THEN 'Repor imediatamente (zerados)'::text
            WHEN 'critico'::text THEN 'Enviar HOJE (cobertura < 7 dias)'::text
            WHEN 'atencao'::text THEN 'Programar reposicao (7-15 dias)'::text
            WHEN 'abaixo_30d'::text THEN 'Repor para 30 dias'::text
            WHEN 'fora_do_fba'::text THEN 'Avaliar enviar ao FBA (vende e nao esta la)'::text
            WHEN 'excedente'::text THEN 'Segurar (baixo giro)'::text
            ELSE 'Saudavel'::text
        END AS sugestao
   FROM vw_amazon_reposicao
  GROUP BY alerta;","vw_aest_resumo"
"create or replace view public.vw_aest_sp_detalhe as
 WITH vendas AS (
         SELECT fact_amazon_pedido.sku,
            COALESCE(sum(fact_amazon_pedido.item_price) FILTER (WHERE fact_amazon_pedido.purchase_dia >= ((now() AT TIME ZONE 'America/Sao_Paulo'::text)::date - 6)), 0::numeric) AS v7,
            COALESCE(sum(fact_amazon_pedido.item_price) FILTER (WHERE fact_amazon_pedido.purchase_dia >= ((now() AT TIME ZONE 'America/Sao_Paulo'::text)::date - 27)), 0::numeric) AS v28
           FROM fact_amazon_pedido
          WHERE fact_amazon_pedido.order_status <> 'Cancelled'::text AND fact_amazon_pedido.sku IS NOT NULL AND fact_amazon_pedido.purchase_dia >= ((now() AT TIME ZONE 'America/Sao_Paulo'::text)::date - 27)
          GROUP BY fact_amazon_pedido.sku
        )
 SELECT e.seller_sku,
    e.asin,
    e.product_name AS produto,
    e.total,
    e.fulfillable AS vendavel,
    e.inbound_working + e.inbound_shipped + e.inbound_receiving AS a_caminho,
    e.reservado_total AS reservado,
    e.pesquisa_total AS em_pesquisa,
    e.imprestavel_total AS imprestavel,
    e.imprestavel_defeito AS defeito,
    e.imprestavel_vencido AS vencido,
    e.imprestavel_danificado_cliente AS danif_cliente,
    e.imprestavel_danificado_armazem AS danif_armazem,
        CASE
            WHEN e.fulfillable = 0 AND (e.inbound_working + e.inbound_shipped + e.inbound_receiving) = 0 AND e.imprestavel_total = 0 THEN 'rupturado'::text
            WHEN e.fulfillable = 0 AND (e.inbound_working + e.inbound_shipped + e.inbound_receiving) > 0 THEN 'reabastecendo'::text
            WHEN e.fulfillable > 0 AND e.fulfillable < 30 THEN 'baixo'::text
            ELSE 'ok'::text
        END AS alerta,
    e.atualizado_amazon,
    round(COALESCE(vd.v7, 0::numeric), 2) AS vendas_7d,
    round(COALESCE(vd.v28, 0::numeric), 2) AS vendas_28d
   FROM dim_amazon_estoque_sp e
     LEFT JOIN vendas vd ON vd.sku = e.seller_sku;","vw_aest_sp_detalhe"
"create or replace view public.vw_aest_sp_imprestavel as
 SELECT seller_sku,
    asin,
    product_name AS produto,
    imprestavel_total AS imprestavel,
    imprestavel_defeito AS defeito,
    imprestavel_vencido AS vencido,
    imprestavel_danificado_cliente AS danif_cliente,
    imprestavel_danificado_armazem AS danif_armazem,
        CASE
            WHEN imprestavel_defeito::numeric >= (imprestavel_total::numeric * 0.5) THEN ('Abrir caso de remo├º├úo/reembolso por DEFEITO ('::text || imprestavel_defeito) || ' un)'::text
            WHEN imprestavel_vencido > 0 THEN ('Remover lote VENCIDO ('::text || imprestavel_vencido) || ' un)'::text
            ELSE ('Revisar imprest├ível ('::text || imprestavel_total) || ' un)'::text
        END AS sugestao
   FROM dim_amazon_estoque_sp
  WHERE imprestavel_total > 0
  ORDER BY imprestavel_total DESC;","vw_aest_sp_imprestavel"
"create or replace view public.vw_aest_sp_resumo as
 SELECT count(*) AS skus,
    sum(total) AS total_un,
    sum(fulfillable) AS vendavel,
    sum(inbound_working + inbound_shipped + inbound_receiving) AS a_caminho,
    sum(reservado_total) AS reservado,
    sum(imprestavel_total) AS imprestavel,
    count(*) FILTER (WHERE fulfillable = 0 AND (inbound_working + inbound_shipped + inbound_receiving) = 0 AND imprestavel_total = 0) AS rupturados,
    count(*) FILTER (WHERE imprestavel_total > 0) AS com_imprestavel,
    max(atualizado_amazon) AS dado_mais_recente
   FROM dim_amazon_estoque_sp;","vw_aest_sp_resumo"
"create or replace view public.vw_affiliate_fechamento_planilha_atual as
 SELECT p.id,
    p.competencia,
    p.registro,
    p.cupom,
    p.tiktok_username,
    p.comissao_pct,
    p.venda_cupom,
    p.venda_up,
    p.venda_considerada,
    p.venda_tiktok,
    p.total,
    p.comissao,
    p.carregado_em,
    p.carregado_por
   FROM affiliate_fechamento_planilha p
     JOIN ( SELECT affiliate_fechamento_planilha.competencia,
            max(affiliate_fechamento_planilha.carregado_em) AS ultima
           FROM affiliate_fechamento_planilha
          GROUP BY affiliate_fechamento_planilha.competencia) u USING (competencia)
  WHERE p.carregado_em >= (u.ultima - '00:15:00'::interval);","vw_affiliate_fechamento_planilha_atual"
"create or replace view public.vw_amazon_ads_campanha_lista as
 SELECT campaign_id,
    ad_type,
    campaign_name AS name,
    status,
    segmentacao,
    budget
   FROM dim_amazon_ads_campanha;","vw_amazon_ads_campanha_lista"
"create or replace view public.vw_amazon_ads_keyword_dia as
 SELECT data,
    ad_type,
    campaign_name,
    keyword,
    match_type,
    impressions,
    clicks,
    ctr,
    cpc,
    cost,
    sales_14d,
    purchases_14d,
    units_14d,
        CASE
            WHEN cost > 0::numeric THEN round(cost / NULLIF(sales_14d, 0::numeric), 4)
            ELSE NULL::numeric
        END AS acos_calc,
        CASE
            WHEN cost > 0::numeric THEN round(sales_14d / NULLIF(cost, 0::numeric), 4)
            ELSE NULL::numeric
        END AS roas_calc,
    round(purchases_14d / NULLIF(clicks, 0::numeric), 4) AS taxa_conversao,
    round(sales_14d / NULLIF(purchases_14d, 0::numeric), 2) AS ticket_medio,
    round(cost / NULLIF(impressions, 0::numeric) * 1000::numeric, 2) AS cpm,
    round(cost / NULLIF(purchases_14d, 0::numeric), 2) AS cpa,
    acos,
    roas
   FROM fact_amazon_ads_keyword_dia;","vw_amazon_ads_keyword_dia"
"create or replace view public.vw_amazon_ads_por_tipo_dia as
 SELECT fact_amazon_ads_campanha_dia.data,
    fact_amazon_ads_campanha_dia.ad_type,
    fact_amazon_ads_campanha_dia.campaign_id,
    fact_amazon_ads_campanha_dia.campaign_name,
    fact_amazon_ads_campanha_dia.impressions,
    fact_amazon_ads_campanha_dia.clicks,
    fact_amazon_ads_campanha_dia.ctr,
    fact_amazon_ads_campanha_dia.cpc,
    fact_amazon_ads_campanha_dia.cost,
    fact_amazon_ads_campanha_dia.sales_14d,
    fact_amazon_ads_campanha_dia.conversions_14d,
    fact_amazon_ads_campanha_dia.units_14d,
        CASE
            WHEN fact_amazon_ads_campanha_dia.cost > 0::numeric THEN round(fact_amazon_ads_campanha_dia.cost / NULLIF(fact_amazon_ads_campanha_dia.sales_14d, 0::numeric), 4)
            ELSE NULL::numeric
        END AS acos_calc,
        CASE
            WHEN fact_amazon_ads_campanha_dia.cost > 0::numeric THEN round(fact_amazon_ads_campanha_dia.sales_14d / NULLIF(fact_amazon_ads_campanha_dia.cost, 0::numeric), 4)
            ELSE NULL::numeric
        END AS roas_calc,
    round(fact_amazon_ads_campanha_dia.conversions_14d / NULLIF(fact_amazon_ads_campanha_dia.clicks, 0::numeric), 4) AS taxa_conversao,
    round(fact_amazon_ads_campanha_dia.sales_14d / NULLIF(fact_amazon_ads_campanha_dia.conversions_14d, 0::numeric), 2) AS ticket_medio,
    round(fact_amazon_ads_campanha_dia.cost / NULLIF(fact_amazon_ads_campanha_dia.impressions, 0::numeric) * 1000::numeric, 2) AS cpm,
    round(fact_amazon_ads_campanha_dia.cost / NULLIF(fact_amazon_ads_campanha_dia.conversions_14d, 0::numeric), 2) AS cpa,
    fact_amazon_ads_campanha_dia.acos AS acos_amazon,
    fact_amazon_ads_campanha_dia.roas AS roas_amazon
   FROM fact_amazon_ads_campanha_dia
  WHERE fact_amazon_ads_campanha_dia.ad_type = 'Sponsored Products'::text OR fact_amazon_ads_campanha_dia.ad_type = 'Sponsored Brands'::text AND fact_amazon_ads_campanha_dia.data < '2026-06-28'::date
UNION ALL
 SELECT fact_amazon_ads_sb_campanha_dia.data,
    'Sponsored Brands'::text AS ad_type,
    fact_amazon_ads_sb_campanha_dia.campaign_id,
    fact_amazon_ads_sb_campanha_dia.campaign_name,
    fact_amazon_ads_sb_campanha_dia.impressions,
    fact_amazon_ads_sb_campanha_dia.clicks,
    fact_amazon_ads_sb_campanha_dia.ctr,
    fact_amazon_ads_sb_campanha_dia.cpc,
    fact_amazon_ads_sb_campanha_dia.cost,
    fact_amazon_ads_sb_campanha_dia.sales AS sales_14d,
    fact_amazon_ads_sb_campanha_dia.purchases AS conversions_14d,
    fact_amazon_ads_sb_campanha_dia.units_sold AS units_14d,
        CASE
            WHEN fact_amazon_ads_sb_campanha_dia.cost > 0::numeric THEN round(fact_amazon_ads_sb_campanha_dia.cost / NULLIF(fact_amazon_ads_sb_campanha_dia.sales, 0::numeric), 4)
            ELSE NULL::numeric
        END AS acos_calc,
        CASE
            WHEN fact_amazon_ads_sb_campanha_dia.cost > 0::numeric THEN round(fact_amazon_ads_sb_campanha_dia.sales / NULLIF(fact_amazon_ads_sb_campanha_dia.cost, 0::numeric), 4)
            ELSE NULL::numeric
        END AS roas_calc,
    round(fact_amazon_ads_sb_campanha_dia.purchases / NULLIF(fact_amazon_ads_sb_campanha_dia.clicks, 0::numeric), 4) AS taxa_conversao,
    round(fact_amazon_ads_sb_campanha_dia.sales / NULLIF(fact_amazon_ads_sb_campanha_dia.purchases, 0::numeric), 2) AS ticket_medio,
    round(fact_amazon_ads_sb_campanha_dia.cost / NULLIF(fact_amazon_ads_sb_campanha_dia.impressions, 0::numeric) * 1000::numeric, 2) AS cpm,
    round(fact_amazon_ads_sb_campanha_dia.cost / NULLIF(fact_amazon_ads_sb_campanha_dia.purchases, 0::numeric), 2) AS cpa,
    fact_amazon_ads_sb_campanha_dia.acos AS acos_amazon,
    fact_amazon_ads_sb_campanha_dia.roas AS roas_amazon
   FROM fact_amazon_ads_sb_campanha_dia
UNION ALL
 SELECT fact_amazon_ads_sd_campanha_dia.data,
    'Sponsored Display'::text AS ad_type,
    fact_amazon_ads_sd_campanha_dia.campaign_id,
    fact_amazon_ads_sd_campanha_dia.campaign_name,
    fact_amazon_ads_sd_campanha_dia.impressions,
    fact_amazon_ads_sd_campanha_dia.clicks,
    fact_amazon_ads_sd_campanha_dia.ctr,
    fact_amazon_ads_sd_campanha_dia.cpc,
    fact_amazon_ads_sd_campanha_dia.cost,
    fact_amazon_ads_sd_campanha_dia.sales AS sales_14d,
    fact_amazon_ads_sd_campanha_dia.purchases AS conversions_14d,
    fact_amazon_ads_sd_campanha_dia.units_sold AS units_14d,
        CASE
            WHEN fact_amazon_ads_sd_campanha_dia.cost > 0::numeric THEN round(fact_amazon_ads_sd_campanha_dia.cost / NULLIF(fact_amazon_ads_sd_campanha_dia.sales, 0::numeric), 4)
            ELSE NULL::numeric
        END AS acos_calc,
        CASE
            WHEN fact_amazon_ads_sd_campanha_dia.cost > 0::numeric THEN round(fact_amazon_ads_sd_campanha_dia.sales / NULLIF(fact_amazon_ads_sd_campanha_dia.cost, 0::numeric), 4)
            ELSE NULL::numeric
        END AS roas_calc,
    round(fact_amazon_ads_sd_campanha_dia.purchases / NULLIF(fact_amazon_ads_sd_campanha_dia.clicks, 0::numeric), 4) AS taxa_conversao,
    round(fact_amazon_ads_sd_campanha_dia.sales / NULLIF(fact_amazon_ads_sd_campanha_dia.purchases, 0::numeric), 2) AS ticket_medio,
    round(fact_amazon_ads_sd_campanha_dia.cost / NULLIF(fact_amazon_ads_sd_campanha_dia.impressions, 0::numeric) * 1000::numeric, 2) AS cpm,
    round(fact_amazon_ads_sd_campanha_dia.cost / NULLIF(fact_amazon_ads_sd_campanha_dia.purchases, 0::numeric), 2) AS cpa,
    fact_amazon_ads_sd_campanha_dia.acos AS acos_amazon,
    fact_amazon_ads_sd_campanha_dia.roas AS roas_amazon
   FROM fact_amazon_ads_sd_campanha_dia;","vw_amazon_ads_por_tipo_dia"
"create or replace view public.vw_amazon_ads_produto_dia as
 SELECT data,
    ad_type,
    campaign_name,
    asin,
    sku,
    impressions,
    clicks,
    ctr,
    cpc,
    cost,
    sales_14d,
    purchases_14d,
    units_14d,
        CASE
            WHEN cost > 0::numeric THEN round(cost / NULLIF(sales_14d, 0::numeric), 4)
            ELSE NULL::numeric
        END AS acos_calc,
        CASE
            WHEN cost > 0::numeric THEN round(sales_14d / NULLIF(cost, 0::numeric), 4)
            ELSE NULL::numeric
        END AS roas_calc,
    round(purchases_14d / NULLIF(clicks, 0::numeric), 4) AS taxa_conversao,
    round(sales_14d / NULLIF(purchases_14d, 0::numeric), 2) AS ticket_medio,
    round(cost / NULLIF(impressions, 0::numeric) * 1000::numeric, 2) AS cpm,
    round(cost / NULLIF(purchases_14d, 0::numeric), 2) AS cpa,
    acos,
    roas
   FROM fact_amazon_ads_produto_dia;","vw_amazon_ads_produto_dia"
"create or replace view public.vw_amazon_ads_search_term_dia as
 SELECT data,
    campaign_name,
    keyword_text,
    match_type,
    search_term,
    impressions,
    clicks,
    cost,
    sales_14d AS sales,
    purchases_14d AS purchases
   FROM fact_amazon_ads_search_term_dia;","vw_amazon_ads_search_term_dia"
"create or replace view public.vw_amazon_buybox as
 SELECT b.asin,
    COALESCE(c.titulo, e.produto) AS produto,
    b.meu_preco,
    b.ganho_buybox,
    b.buybox_preco,
    b.buybox_fba,
    b.n_ofertas,
    b.n_concorrentes,
    b.menor_preco_concorrente,
    b.concorrente_no_bb,
    b.status,
    b.atualizado_em
   FROM dim_amazon_buybox b
     LEFT JOIN ( SELECT DISTINCT ON (dim_amazon_estoque_sp.asin) dim_amazon_estoque_sp.asin,
            dim_amazon_estoque_sp.product_name AS produto
           FROM dim_amazon_estoque_sp
          ORDER BY dim_amazon_estoque_sp.asin) e ON e.asin = b.asin
     LEFT JOIN dim_amazon_cadastro c ON c.asin = b.asin
  WHERE b.status = 'ok'::text;","vw_amazon_buybox"
"create or replace view public.vw_amazon_buybox_risco as
 WITH vendas AS (
         SELECT fact_amazon_pedido.asin,
            COALESCE(sum(fact_amazon_pedido.item_price) FILTER (WHERE fact_amazon_pedido.purchase_dia >= ((now() AT TIME ZONE 'America/Sao_Paulo'::text)::date - 6)), 0::numeric) AS v7,
            COALESCE(sum(fact_amazon_pedido.item_price) FILTER (WHERE fact_amazon_pedido.purchase_dia >= ((now() AT TIME ZONE 'America/Sao_Paulo'::text)::date - 27)), 0::numeric) AS v28
           FROM fact_amazon_pedido
          WHERE fact_amazon_pedido.order_status <> 'Cancelled'::text AND fact_amazon_pedido.asin IS NOT NULL AND fact_amazon_pedido.purchase_dia >= ((now() AT TIME ZONE 'America/Sao_Paulo'::text)::date - 27)
          GROUP BY fact_amazon_pedido.asin
        )
 SELECT b.asin,
    COALESCE(c.titulo, e.produto) AS produto,
    b.meu_preco,
    b.ganho_buybox,
    b.buybox_preco,
    b.n_concorrentes,
    b.menor_preco_concorrente,
        CASE
            WHEN b.concorrente_no_bb THEN ('PERDENDO buy box p/ concorrente a R$'::text || COALESCE(b.buybox_preco::text, '?'::text)) ||
            CASE
                WHEN b.meu_preco IS NULL THEN ' ÔÇö voce SEM oferta ativa (reativar/repor)'::text
                ELSE (' ÔÇö revisar seu preco (R$'::text || b.meu_preco) || ')'::text
            END
            WHEN b.ganho_buybox IS NULL THEN 'Buy box SUPRIMIDA'::text ||
            CASE
                WHEN b.meu_preco IS NULL THEN ' ÔÇö sem sua oferta (listagem inativa/ruptura)'::text
                ELSE (' ÔÇö sua oferta R$'::text || b.meu_preco) || ', checar preco/pendencia'::text
            END
            WHEN b.n_concorrentes > 0 THEN ('Voce ganha, mas concorrente a R$'::text || COALESCE(b.menor_preco_concorrente::text, '?'::text)) || ' a espreita'::text
            ELSE 'Revisar'::text
        END AS sugestao,
    round(COALESCE(vd.v7, 0::numeric), 2) AS vendas_7d,
    round(COALESCE(vd.v28, 0::numeric), 2) AS vendas_28d
   FROM dim_amazon_buybox b
     LEFT JOIN ( SELECT DISTINCT ON (dim_amazon_estoque_sp.asin) dim_amazon_estoque_sp.asin,
            dim_amazon_estoque_sp.product_name AS produto
           FROM dim_amazon_estoque_sp
          ORDER BY dim_amazon_estoque_sp.asin) e ON e.asin = b.asin
     LEFT JOIN dim_amazon_cadastro c ON c.asin = b.asin
     LEFT JOIN vendas vd ON vd.asin = b.asin
  WHERE b.status = 'ok'::text AND (b.n_concorrentes > 0 OR b.ganho_buybox IS NOT TRUE)
  ORDER BY (COALESCE(vd.v28, 0::numeric)) DESC, (b.concorrente_no_bb IS TRUE) DESC, b.n_concorrentes DESC;","vw_amazon_buybox_risco"
"create or replace view public.vw_amazon_cadastro as
 WITH vendas AS (
         SELECT fact_amazon_pedido.asin,
            COALESCE(sum(fact_amazon_pedido.item_price) FILTER (WHERE fact_amazon_pedido.purchase_dia >= ((now() AT TIME ZONE 'America/Sao_Paulo'::text)::date - 6)), 0::numeric) AS v7,
            COALESCE(sum(fact_amazon_pedido.item_price) FILTER (WHERE fact_amazon_pedido.purchase_dia >= ((now() AT TIME ZONE 'America/Sao_Paulo'::text)::date - 27)), 0::numeric) AS v28
           FROM fact_amazon_pedido
          WHERE fact_amazon_pedido.order_status <> 'Cancelled'::text AND fact_amazon_pedido.asin IS NOT NULL AND fact_amazon_pedido.purchase_dia >= ((now() AT TIME ZONE 'America/Sao_Paulo'::text)::date - 27)
          GROUP BY fact_amazon_pedido.asin
        )
 SELECT c.asin,
    c.titulo,
    c.marca,
    c.product_type,
    c.categoria,
    c.bsr,
    c.bsr_categoria,
    c.n_fotos,
    c.n_bullets,
    c.n_atributos,
    c.comprimento_titulo,
    c.tem_descricao,
    c.tem_ingredientes,
    COALESCE(c.tem_aplus, false) AS tem_aplus,
    round(LEAST(c.n_fotos::numeric / 7::numeric, 1::numeric) * 0.3 + LEAST(c.n_bullets::numeric / 5::numeric, 1::numeric) * 0.3 +
        CASE
            WHEN c.tem_descricao THEN 1
            ELSE 0
        END::numeric * 0.2 +
        CASE
            WHEN COALESCE(c.tem_aplus, false) THEN 1
            ELSE 0
        END::numeric * 0.2, 2) AS health,
    NULLIF(concat_ws('; '::text,
        CASE
            WHEN c.n_fotos < 7 THEN ('fotos '::text || c.n_fotos) || '/7'::text
            ELSE NULL::text
        END,
        CASE
            WHEN c.n_bullets < 5 THEN ('bullets '::text || c.n_bullets) || '/5'::text
            ELSE NULL::text
        END,
        CASE
            WHEN NOT c.tem_descricao THEN 'sem descri├º├úo'::text
            ELSE NULL::text
        END,
        CASE
            WHEN NOT COALESCE(c.tem_aplus, false) THEN 'sem A+'::text
            ELSE NULL::text
        END,
        CASE
            WHEN NOT c.tem_ingredientes THEN 'sem ingredientes'::text
            ELSE NULL::text
        END), ''::text) AS faltas,
    c.atualizado_em,
    round(COALESCE(vd.v7, 0::numeric), 2) AS vendas_7d,
    round(COALESCE(vd.v28, 0::numeric), 2) AS vendas_28d,
        CASE
            WHEN NOT COALESCE(c.tem_aplus, false) THEN 'Adicionar A+ (maior alavanca de conversao)'::text ||
            CASE
                WHEN c.n_fotos < 7 THEN (' + fotos ('::text || c.n_fotos) || '/7)'::text
                ELSE ''::text
            END
            WHEN c.n_fotos < 7 THEN (('Completar fotos ('::text || c.n_fotos) || '/7)'::text) ||
            CASE
                WHEN c.n_bullets < 5 THEN (' + bullets ('::text || c.n_bullets) || '/5)'::text
                ELSE ''::text
            END
            WHEN c.n_bullets < 5 THEN ('Completar bullets ('::text || c.n_bullets) || '/5)'::text
            WHEN NOT c.tem_descricao THEN 'Adicionar descricao'::text
            ELSE 'Cadastro completo'::text
        END AS sugestao
   FROM dim_amazon_cadastro c
     LEFT JOIN vendas vd ON vd.asin = c.asin;","vw_amazon_cadastro"
"create or replace view public.vw_amazon_concorrentes as
 WITH base AS (
         SELECT fact_amazon_ads_search_term_dia.search_term AS asin,
            max(fact_amazon_ads_search_term_dia.campaign_name) AS campanha,
            sum(fact_amazon_ads_search_term_dia.cost) AS gasto,
            sum(fact_amazon_ads_search_term_dia.sales_14d) AS vendas,
            sum(fact_amazon_ads_search_term_dia.clicks) AS cli,
            sum(fact_amazon_ads_search_term_dia.purchases_14d) AS compras,
            sum(fact_amazon_ads_search_term_dia.impressions) AS imp
           FROM fact_amazon_ads_search_term_dia
          WHERE fact_amazon_ads_search_term_dia.data >= ((now() AT TIME ZONE 'America/Sao_Paulo'::text)::date - 29) AND lower(fact_amazon_ads_search_term_dia.search_term) ~ '^b0[a-z0-9]{8}$'::text AND NOT (lower(fact_amazon_ads_search_term_dia.search_term) IN ( SELECT lower(dim_amazon_produto.asin) AS lower
                   FROM dim_amazon_produto))
          GROUP BY fact_amazon_ads_search_term_dia.search_term
        )
 SELECT upper(asin) AS asin,
    campanha,
    round(gasto) AS gasto,
    round(vendas) AS vendas,
    round(vendas / NULLIF(gasto, 0::numeric), 2) AS roas,
    cli AS cliques,
    compras,
    round(100.0 * compras / NULLIF(cli, 0::numeric), 1) AS cvr_pct,
    'https://www.amazon.com.br/dp/'::text || upper(asin) AS link,
        CASE
            WHEN compras >= 2::numeric AND (vendas / NULLIF(gasto, 0::numeric)) >= 5::numeric THEN 'ESCALAR: criar targeting ASIN dedicado (converte na pagina do concorrente)'::text
            WHEN vendas = 0::numeric AND cli > 30::numeric THEN 'NEGATIVAR: gasta sem vender'::text
            WHEN (vendas / NULLIF(gasto, 0::numeric)) < 3::numeric AND gasto > 50::numeric THEN 'ROAS baixo - revisar/negativar'::text
            ELSE 'Monitorar'::text
        END AS sugestao
   FROM base
  WHERE gasto > 0::numeric
  ORDER BY (round(gasto)) DESC;","vw_amazon_concorrentes"
"create or replace view public.vw_amazon_dsp_dia as
 SELECT data,
    advertiser_id,
    advertiser_name,
    order_id,
    order_name,
    line_item_id,
    line_item_name,
    line_item_type,
    status,
    investimento,
    impressoes,
    cliques,
    dpv,
    add_to_cart,
    compras,
    unidades,
    receita,
    ntb_compras,
    ntb_receita,
    janela,
    fonte,
    carregado_em
   FROM fact_amazon_dsp_dia;","vw_amazon_dsp_dia"
"create or replace view public.vw_amazon_geral_dia as
 WITH h AS (
         SELECT fact_amazon_venda_hora.data,
            sum(fact_amazon_venda_hora.venda) AS venda,
            sum(fact_amazon_venda_hora.unidades) AS unidades,
            sum(fact_amazon_venda_hora.itens) AS itens,
            sum(fact_amazon_venda_hora.pedidos) AS pedidos
           FROM fact_amazon_venda_hora
          GROUP BY fact_amazon_venda_hora.data
        ), p AS (
         SELECT fact_amazon_pedido.purchase_dia AS data,
            count(DISTINCT fact_amazon_pedido.amazon_order_id) AS pedidos
           FROM fact_amazon_pedido
          WHERE fact_amazon_pedido.order_status <> ALL (ARRAY['Cancelled'::text, 'Canceled'::text])
          GROUP BY fact_amazon_pedido.purchase_dia
        )
 SELECT t.data,
        CASE
            WHEN t.em_consolidacao AND h.data IS NOT NULL THEN round(h.venda, 2)
            ELSE t.vendas
        END AS vendas,
        CASE
            WHEN t.em_consolidacao AND h.data IS NOT NULL THEN h.unidades
            ELSE t.unidades
        END AS unidades,
        CASE
            WHEN t.em_consolidacao AND h.data IS NOT NULL THEN h.itens
            ELSE t.pedidos_itens
        END AS pedidos_itens,
    t.sessoes,
    t.pageviews,
    t.taxa_conversao,
    t.buybox_pct,
    t.preco_medio,
    t.unidades_devolvidas,
    t.taxa_devolucao,
        CASE
            WHEN COALESCE(h.pedidos, p.pedidos::numeric, 0::numeric) > 0::numeric THEN round(
            CASE
                WHEN t.em_consolidacao AND h.data IS NOT NULL THEN h.venda
                ELSE t.vendas
            END / COALESCE(h.pedidos, p.pedidos::numeric), 2)
            WHEN t.pedidos_itens > 0::numeric THEN round(t.vendas / t.pedidos_itens, 2)
            ELSE NULL::numeric
        END AS ticket_medio,
    t.em_consolidacao,
    COALESCE(h.pedidos, p.pedidos::numeric)::bigint AS pedidos
   FROM fact_amazon_venda_trafego_dia t
     LEFT JOIN h ON h.data = t.data
     LEFT JOIN p ON p.data = t.data;","vw_amazon_geral_dia"
"create or replace view public.vw_amazon_produto_dia as
 SELECT a.data,
    a.child_asin,
    a.parent_asin,
    a.vendas,
    a.unidades,
    a.pedidos_itens,
    a.sessoes,
    a.pageviews,
    a.taxa_conversao,
    a.buybox_pct,
    a.em_consolidacao,
    p.titulo,
    p.sku
   FROM fact_amazon_venda_asin_dia a
     LEFT JOIN dim_amazon_produto p ON p.asin = a.child_asin;","vw_amazon_produto_dia"
"create or replace view public.vw_amazon_reposicao as
 SELECT sku,
    asin,
    titulo,
    em_fba,
    alerta,
    fba_disponivel,
    fba_a_caminho,
    media_diaria,
    cobertura_dias,
    cobertura_transito,
    enviar_30d,
    vendas_7d,
    vendas_21d,
    atualizado_em
   FROM dim_amazon_reposicao
  WHERE enviar_30d > 0
  ORDER BY cobertura_dias NULLS FIRST, vendas_21d DESC;","vw_amazon_reposicao"
"create or replace view public.vw_amazon_tendencia_semana as
 WITH wk AS (
         SELECT date_trunc('week'::text, (now() AT TIME ZONE 'America/Sao_Paulo'::text))::date AS cur_week
        ), g AS (
         SELECT date_trunc('week'::text, fact_amazon_venda_trafego_dia.data::timestamp with time zone)::date AS semana,
            sum(fact_amazon_venda_trafego_dia.vendas) AS fat,
            sum(fact_amazon_venda_trafego_dia.unidades) AS unid,
            sum(fact_amazon_venda_trafego_dia.pedidos_itens) AS ped,
            sum(fact_amazon_venda_trafego_dia.sessoes) AS sess,
            sum(fact_amazon_venda_trafego_dia.unidades_devolvidas) AS dev,
            count(*) AS dias
           FROM fact_amazon_venda_trafego_dia
          WHERE fact_amazon_venda_trafego_dia.data >= ((( SELECT wk.cur_week
                   FROM wk)) - '70 days'::interval)
          GROUP BY (date_trunc('week'::text, fact_amazon_venda_trafego_dia.data::timestamp with time zone)::date)
        ), ads AS (
         SELECT date_trunc('week'::text, vw_amazon_ads_por_tipo_dia.data::timestamp with time zone)::date AS semana,
            sum(vw_amazon_ads_por_tipo_dia.cost) AS gasto,
            sum(vw_amazon_ads_por_tipo_dia.sales_14d) AS vendas_ads
           FROM vw_amazon_ads_por_tipo_dia
          WHERE vw_amazon_ads_por_tipo_dia.data >= ((( SELECT wk.cur_week
                   FROM wk)) - '70 days'::interval)
          GROUP BY (date_trunc('week'::text, vw_amazon_ads_por_tipo_dia.data::timestamp with time zone)::date)
        )
 SELECT to_char(g.semana::timestamp with time zone, 'DD/MM'::text) AS semana,
    g.semana AS semana_ini,
    g.semana = (( SELECT wk.cur_week
           FROM wk)) AS parcial,
    g.semana >= ((( SELECT wk.cur_week
           FROM wk)) - '14 days'::interval) AS ads_maturando,
    round(g.fat) AS faturamento,
    g.unid AS unidades,
    g.ped AS pedidos,
    round(100.0 * g.ped / NULLIF(g.sess, 0::numeric), 1) AS conversao_pct,
    round(COALESCE(a.gasto, 0::numeric)) AS invest_ads,
    round(a.vendas_ads / NULLIF(a.gasto, 0::numeric), 2) AS roas_ads,
    round(g.fat / NULLIF(a.gasto, 0::numeric), 2) AS roas_total,
    round(100.0 * a.gasto / NULLIF(g.fat, 0::numeric), 1) AS tacos_pct,
    round(100.0 * g.dev / NULLIF(g.unid, 0::numeric), 1) AS devolucao_pct
   FROM g
     LEFT JOIN ads a ON a.semana = g.semana
  WHERE g.dias >= 7 OR g.semana = (( SELECT wk.cur_week
           FROM wk))
  ORDER BY g.semana;","vw_amazon_tendencia_semana"
"create or replace view public.vw_amazon_venda_intraday as
 SELECT h.data,
    (h.hora_inicio AT TIME ZONE 'America/Sao_Paulo'::text) AS faixa,
    h.pedidos::bigint AS pedidos,
    h.venda AS venda_total,
    h.unidades
   FROM fact_amazon_venda_hora h
UNION ALL
 SELECT p.purchase_dia AS data,
    date_trunc('hour'::text, (p.purchase_date AT TIME ZONE 'America/Sao_Paulo'::text)) AS faixa,
    count(DISTINCT p.amazon_order_id) AS pedidos,
    sum(p.item_price) AS venda_total,
    sum(p.quantity) AS unidades
   FROM fact_amazon_pedido p
  WHERE p.order_status <> 'Cancelled'::text AND NOT (EXISTS ( SELECT 1
           FROM fact_amazon_venda_hora h
          WHERE h.data = p.purchase_dia))
  GROUP BY p.purchase_dia, (date_trunc('hour'::text, (p.purchase_date AT TIME ZONE 'America/Sao_Paulo'::text)));","vw_amazon_venda_intraday"
"create or replace view public.vw_analises_dashboard as
 SELECT r.id,
    r.chave,
    d.canal,
    d.canal_slug,
    d.analise_nome,
    d.analise_slug,
    d.ordem,
    r.data_ref,
    r.texto,
    r.pdf_path,
    r.xlsx_path,
    r.criado_em
   FROM analise_resultado r
     JOIN analise_def d ON d.chave = r.chave
  ORDER BY r.criado_em DESC;","vw_analises_dashboard"
"create or replace view public.vw_anun_buybox as
 WITH v AS (
         SELECT vw_ml_anuncio_dia.item_id,
            sum(vw_ml_anuncio_dia.unidades) AS unid,
            sum(vw_ml_anuncio_dia.faturamento) AS fat
           FROM vw_ml_anuncio_dia
          WHERE vw_ml_anuncio_dia.data >= ((now() AT TIME ZONE 'America/Sao_Paulo'::text)::date - 29)
          GROUP BY vw_ml_anuncio_dia.item_id
        )
 SELECT ""left""(i.title, 40) AS anuncio,
    v.unid AS unidades,
    c.status AS buybox,
    round(c.current_price, 2) AS preco_atual,
    round(c.price_to_win, 2) AS preco_p_ganhar,
    round(100::numeric * (c.current_price - c.price_to_win) / NULLIF(c.price_to_win, 0::numeric), 0) AS acima_pct,
        CASE
            WHEN c.current_price > (c.price_to_win * 1.05) THEN 'Baixar preco ou melhorar listagem p/ ganhar a buy box'::text
            ELSE 'Gap pequeno: pequeno ajuste ganha'::text
        END AS sugestao
   FROM v
     JOIN ml_item i ON i.item_id = v.item_id
     JOIN ml_item_competicao c ON c.item_id = v.item_id
  WHERE c.status = ANY (ARRAY['competing'::text, 'sharing_first_place'::text])
  ORDER BY v.fat DESC;","vw_anun_buybox"
"create or replace view public.vw_anun_melhorar as
 WITH v AS (
         SELECT vw_ml_anuncio_dia.item_id,
            sum(vw_ml_anuncio_dia.unidades) AS unid,
            sum(vw_ml_anuncio_dia.pedidos) AS ped,
            sum(vw_ml_anuncio_dia.visitas) AS vis,
            sum(vw_ml_anuncio_dia.faturamento) AS fat
           FROM vw_ml_anuncio_dia
          WHERE vw_ml_anuncio_dia.data >= ((now() AT TIME ZONE 'America/Sao_Paulo'::text)::date - 29)
          GROUP BY vw_ml_anuncio_dia.item_id
        )
 SELECT ""left""(i.title, 40) AS anuncio,
    v.unid AS unidades,
    v.vis AS visitas,
    round(100.0 * v.ped / NULLIF(v.vis, 0::numeric), 1) AS conversao_pct,
    round(v.fat) AS faturamento,
    COALESCE(c.status, '-'::text) AS buybox,
        CASE
            WHEN c.current_price IS NOT NULL AND c.price_to_win IS NOT NULL THEN round(100::numeric * (c.current_price - c.price_to_win) / NULLIF(c.price_to_win, 0::numeric), 0)
            ELSE NULL::numeric
        END AS preco_vs_ganhar_pct,
    i.logistic_type AS logistica,
        CASE
            WHEN (c.status = ANY (ARRAY['competing'::text, 'sharing_first_place'::text])) AND c.current_price > (c.price_to_win * 1.05) THEN ((((('Nao ganha buy box: baixar preco '::text || round(100::numeric * (c.current_price - c.price_to_win) / NULLIF(c.price_to_win, 0::numeric))) || '% (de R$'::text) || round(c.current_price, 2)) || ' p/ ~R$'::text) || round(c.price_to_win, 2)) || ') ou melhorar listagem'::text
            WHEN v.vis > 1000::numeric AND (100.0 * v.ped / NULLIF(v.vis, 0::numeric)) < 5::numeric THEN ((('Muita visita ('::text || v.vis) || ') convertendo so '::text) || round(100.0 * v.ped / NULLIF(v.vis, 0::numeric), 1)) || '%: revisar preco/fotos/titulo/reviews'::text
            WHEN i.logistic_type IS DISTINCT FROM 'fulfillment'::text AND v.unid > 20::numeric THEN 'Fora do Full vendendo bem: avaliar enviar ao Full (melhora ranking e buy box)'::text
            WHEN v.vis > 300::numeric AND (100.0 * v.ped / NULLIF(v.vis, 0::numeric)) < 10::numeric THEN 'Conversao abaixo da media (26%): testar preco e melhorar anuncio'::text
            ELSE 'Ok / manter'::text
        END AS sugestao
   FROM v
     JOIN ml_item i ON i.item_id = v.item_id
     LEFT JOIN ml_item_competicao c ON c.item_id = v.item_id
  WHERE v.unid > 0::numeric
  ORDER BY v.fat DESC;","vw_anun_melhorar"
"create or replace view public.vw_anun_top as
 SELECT anuncio,
    unidades,
    visitas,
    conversao_pct,
    faturamento,
    buybox,
    preco_vs_ganhar_pct,
    logistica,
    sugestao
   FROM vw_anun_melhorar
  WHERE sugestao <> 'Ok / manter'::text
  ORDER BY faturamento DESC
 LIMIT 40;","vw_anun_top"
"create or replace view public.vw_asb_campanha as
 SELECT campaign_name AS campanha,
        CASE
            WHEN lower(campaign_name) ~ 'sbv|video|v├¡deo'::text THEN 'Video'::text
            ELSE 'Carrossel/Outro'::text
        END AS formato,
    round(sum(cost)) AS invest,
    round(sum(sales)) AS vendas,
    round(sum(sales) / NULLIF(sum(cost), 0::numeric), 2) AS roas,
    round(100.0 * sum(cost) / NULLIF(sum(sales), 0::numeric), 1) AS acos_pct,
    sum(units_sold) AS unidades,
    round(sum(ntb_sales)) AS ntb_vendas,
    round(100.0 * sum(ntb_sales) / NULLIF(sum(sales), 0::numeric), 1) AS ntb_pct,
    sum(branded_searches) AS branded_searches,
    sum(clicks) AS cliques,
    round(100.0 * sum(clicks) / NULLIF(sum(impressions), 0::numeric), 2) AS ctr_pct,
        CASE
            WHEN (sum(sales) / NULLIF(sum(cost), 0::numeric)) >= 7::numeric THEN ('Subfinanciado: ROAS '::text || round(sum(sales) / NULLIF(sum(cost), 0::numeric), 1)) || ' bem acima da meta 5 - ESCALAR verba'::text
            WHEN (sum(sales) / NULLIF(sum(cost), 0::numeric)) >= 5::numeric THEN 'Na meta (ROAS>=5): manter e testar escalar'::text
            WHEN (sum(sales) / NULLIF(sum(cost), 0::numeric)) >= 3::numeric THEN ('Abaixo da meta 5: otimizar criativo/publico antes de cortar (NTB '::text || round(100.0 * sum(ntb_sales) / NULLIF(sum(sales), 0::numeric), 0)) || '% justifica parte)'::text
            ELSE 'ROAS baixo (<3): revisar urgente'::text
        END AS sugestao
   FROM fact_amazon_ads_sb_campanha_dia
  WHERE data >= ((now() AT TIME ZONE 'America/Sao_Paulo'::text)::date - 31)
  GROUP BY campaign_name
 HAVING sum(cost) > 0::numeric
  ORDER BY (round(sum(cost))) DESC;","vw_asb_campanha"
"create or replace view public.vw_asb_ntb as
 SELECT campaign_name AS campanha,
    round(sum(cost)) AS invest,
    round(sum(sales)) AS vendas_total,
    round(sum(ntb_sales)) AS ntb_vendas,
    round(100.0 * sum(ntb_sales) / NULLIF(sum(sales), 0::numeric), 1) AS ntb_pct,
    sum(ntb_purchases) AS ntb_pedidos,
    sum(ntb_units) AS ntb_unidades,
    round(sum(cost) / NULLIF(sum(ntb_purchases), 0::numeric), 2) AS cac_ntb,
    round(sum(ntb_sales) / NULLIF(sum(cost), 0::numeric), 2) AS roas_ntb,
    sum(branded_searches) AS branded_searches,
        CASE
            WHEN (sum(cost) / NULLIF(sum(ntb_purchases), 0::numeric)) <= 15::numeric THEN ('Aquisicao barata (CAC R$'::text || round(sum(cost) / NULLIF(sum(ntb_purchases), 0::numeric), 0)) || '/cliente novo): ESCALAR - motor de aquisicao'::text
            WHEN (sum(cost) / NULLIF(sum(ntb_purchases), 0::numeric)) <= 30::numeric THEN ('CAC medio (R$'::text || round(sum(cost) / NULLIF(sum(ntb_purchases), 0::numeric), 0)) || '): manter, vale pelo cliente novo'::text
            ELSE ('CAC alto (R$'::text || round(sum(cost) / NULLIF(sum(ntb_purchases), 0::numeric), 0)) || '/cliente): otimizar criativo/publico p/ baratear aquisicao'::text
        END AS sugestao
   FROM fact_amazon_ads_sb_campanha_dia
  WHERE data >= ((now() AT TIME ZONE 'America/Sao_Paulo'::text)::date - 31)
  GROUP BY campaign_name
 HAVING sum(cost) > 0::numeric
  ORDER BY (round(sum(ntb_sales))) DESC;","vw_asb_ntb"
"create or replace view public.vw_asb_search_term as
 SELECT search_term,
    keyword AS keyword_alvo,
    match_type,
    round(sum(cost)) AS invest,
    round(sum(sales)) AS vendas,
    sum(clicks) AS cliques,
    round(sum(sales) / NULLIF(sum(cost), 0::numeric), 2) AS roas,
    round(100.0 * sum(cost) / NULLIF(sum(sales), 0::numeric), 1) AS acos_pct,
    round(100.0 * sum(clicks) / NULLIF(sum(impressions), 0::numeric), 2) AS ctr_pct,
        CASE
            WHEN sum(sales) = 0::numeric AND sum(cost) > 15::numeric THEN ('NEGATIVAR: R$'::text || round(sum(cost))) || ' sem venda neste termo'::text
            WHEN (sum(sales) / NULLIF(sum(cost), 0::numeric)) >= 7::numeric AND (match_type = ANY (ARRAY['BROAD'::text, 'PHRASE'::text])) THEN ((('GRADUAR: termo forte (ROAS '::text || round(sum(sales) / NULLIF(sum(cost), 0::numeric), 1)) || ') veio por '::text) || match_type) || ' - criar keyword EXACT dedicada'::text
            WHEN (sum(sales) / NULLIF(sum(cost), 0::numeric)) < 2.5 AND sum(cost) > 30::numeric THEN ('Negativar/reduzir (ROAS '::text || round(sum(sales) / NULLIF(sum(cost), 0::numeric), 2)) || ')'::text
            WHEN (sum(sales) / NULLIF(sum(cost), 0::numeric)) >= 5::numeric THEN ('Bom (ROAS '::text || round(sum(sales) / NULLIF(sum(cost), 0::numeric), 1)) || ')'::text
            ELSE 'Monitorar'::text
        END AS sugestao
   FROM fact_amazon_ads_sb_search_term_dia
  WHERE data >= ((now() AT TIME ZONE 'America/Sao_Paulo'::text)::date - 31)
  GROUP BY search_term, keyword, match_type
 HAVING sum(cost) > 0::numeric
  ORDER BY (round(sum(cost))) DESC;","vw_asb_search_term"
"create or replace view public.vw_asb_segmentos as
 WITH k AS (
         SELECT
                CASE
                    WHEN fact_amazon_ads_sb_target_dia.keyword ~* 'soldiers'::text THEN '1 Marca'::text
                    WHEN lower(TRIM(BOTH FROM fact_amazon_ads_sb_target_dia.keyword)) ~ '^(creatina|whey|prote[i├¡]na|suplementos?|pr[e├®][ -]?treino|amino[a├í]cidos?|bcaa|glutamina|cafeina|colageno|termog[e├¬]nico)$'::text THEN '3 Generico amplo'::text
                    ELSE '2 Generico especifico'::text
                END AS seg,
            fact_amazon_ads_sb_target_dia.cost,
            fact_amazon_ads_sb_target_dia.sales,
            fact_amazon_ads_sb_target_dia.ntb_sales,
            fact_amazon_ads_sb_target_dia.clicks,
            fact_amazon_ads_sb_target_dia.impressions
           FROM fact_amazon_ads_sb_target_dia
          WHERE fact_amazon_ads_sb_target_dia.data >= ((now() AT TIME ZONE 'America/Sao_Paulo'::text)::date - 31)
        )
 SELECT seg AS segmento,
    round(sum(cost)) AS invest,
    round(100.0 * sum(cost) / NULLIF(sum(sum(cost)) OVER (), 0::numeric), 1) AS share_pct,
    round(sum(sales)) AS vendas,
    round(sum(sales) / NULLIF(sum(cost), 0::numeric), 2) AS roas,
    round(sum(ntb_sales)) AS ntb_vendas,
    round(100.0 * sum(ntb_sales) / NULLIF(sum(sales), 0::numeric), 1) AS ntb_pct,
    round(100.0 * sum(clicks) / NULLIF(sum(impressions), 0::numeric), 2) AS ctr_pct,
        CASE
            WHEN (sum(sales) / NULLIF(sum(cost), 0::numeric)) >= 5::numeric THEN 'Na meta (ROAS>=5)'::text ||
            CASE
                WHEN seg = '1 Marca'::text THEN ' - Marca eficiente e barata: escalar defesa'::text
                ELSE ': escalar'::text
            END
            WHEN seg = '1 Marca'::text THEN 'Marca abaixo de 5: defender (concorrente pode estar roubando marca)'::text
            WHEN seg = '3 Generico amplo'::text THEN 'Amplo abaixo de 5: reduzir/negativar termos improdutivos'::text
            ELSE ('Especifico abaixo de 5 (motor): empurrar lance/listagem; NTB '::text || round(100.0 * sum(ntb_sales) / NULLIF(sum(sales), 0::numeric), 0)) || '% justifica parte'::text
        END AS sugestao
   FROM k
  GROUP BY seg
  ORDER BY seg;","vw_asb_segmentos"
"create or replace view public.vw_asb_termos as
 SELECT keyword,
    match_type,
    round(sum(cost)) AS invest,
    round(sum(sales)) AS vendas,
    sum(clicks) AS cliques,
    sum(units_sold) AS unidades,
    round(sum(sales) / NULLIF(sum(cost), 0::numeric), 2) AS roas,
    round(100.0 * sum(cost) / NULLIF(sum(sales), 0::numeric), 1) AS acos_pct,
    round(sum(ntb_sales)) AS ntb_vendas,
    round(100.0 * sum(ntb_sales) / NULLIF(sum(sales), 0::numeric), 1) AS ntb_pct,
    round(100.0 * sum(clicks) / NULLIF(sum(impressions), 0::numeric), 2) AS ctr_pct,
        CASE
            WHEN sum(sales) = 0::numeric AND sum(cost) > 20::numeric THEN ('NEGATIVAR: R$'::text || round(sum(cost))) || ' sem venda'::text
            WHEN (sum(sales) / NULLIF(sum(cost), 0::numeric)) < 3::numeric AND sum(cost) > 30::numeric THEN ('Reduzir/negativar (ROAS '::text || round(sum(sales) / NULLIF(sum(cost), 0::numeric), 2)) || ')'::text
            WHEN (sum(sales) / NULLIF(sum(cost), 0::numeric)) >= 7::numeric THEN ((('Escalar (ROAS '::text || round(sum(sales) / NULLIF(sum(cost), 0::numeric), 1)) || ', NTB '::text) || round(100.0 * sum(ntb_sales) / NULLIF(sum(sales), 0::numeric), 0)) || '%)'::text
            WHEN (sum(sales) / NULLIF(sum(cost), 0::numeric)) >= 5::numeric THEN 'Na meta: manter/testar escalar'::text
            ELSE ('Monitorar (ROAS '::text || round(sum(sales) / NULLIF(sum(cost), 0::numeric), 2)) || ')'::text
        END AS sugestao
   FROM fact_amazon_ads_sb_target_dia
  WHERE data >= ((now() AT TIME ZONE 'America/Sao_Paulo'::text)::date - 31)
  GROUP BY keyword, match_type
 HAVING sum(cost) > 0::numeric
  ORDER BY (round(sum(cost))) DESC;","vw_asb_termos"
"create or replace view public.vw_asb_video as
 SELECT campaign_name AS campanha,
    round(sum(cost)) AS invest,
    round(sum(sales)) AS vendas,
    round(sum(sales) / NULLIF(sum(cost), 0::numeric), 2) AS roas,
    sum(impressions) AS impressoes,
    sum(clicks) AS cliques,
    round(100.0 * sum(clicks) / NULLIF(sum(impressions), 0::numeric), 2) AS ctr_pct,
    sum(video_5s_views) AS v5s_views,
    round(100.0 * sum(video_first_quartile) / NULLIF(sum(impressions), 0::numeric), 2) AS q25_pct,
    round(100.0 * sum(video_midpoint) / NULLIF(sum(impressions), 0::numeric), 2) AS q50_pct,
    round(100.0 * sum(video_third_quartile) / NULLIF(sum(impressions), 0::numeric), 2) AS q75_pct,
    round(100.0 * sum(video_complete_views) / NULLIF(sum(impressions), 0::numeric), 2) AS completo_pct,
    round(100.0 * sum(video_complete_views) / NULLIF(sum(video_first_quartile), 0::numeric), 1) AS retencao_pct,
        CASE
            WHEN (sum(video_complete_views) / NULLIF(sum(video_first_quartile), 0::numeric)) >= 0.30 THEN 'Boa retencao (>=30% completam): criativo prende - escalar se ROAS ok'::text
            WHEN (sum(video_complete_views) / NULLIF(sum(video_first_quartile), 0::numeric)) >= 0.15 THEN 'Retencao media: testar cortar/encurtar o video pra segurar audiencia'::text
            ELSE 'Baixa retencao (<15% completam): video perde audiencia cedo - revisar gancho/duracao'::text
        END AS sugestao
   FROM fact_amazon_ads_sb_campanha_dia
  WHERE data >= ((now() AT TIME ZONE 'America/Sao_Paulo'::text)::date - 31)
  GROUP BY campaign_name
 HAVING sum(video_first_quartile) > 0::numeric
  ORDER BY (round(sum(cost))) DESC;","vw_asb_video"
"create or replace view public.vw_ast_asin_concorrente as
 WITH w AS (
         SELECT upper(TRIM(BOTH FROM fact_amazon_ads_search_term_dia.search_term)) AS asin,
            sum(fact_amazon_ads_search_term_dia.cost) AS cost,
            sum(fact_amazon_ads_search_term_dia.sales_14d) AS venda,
            sum(fact_amazon_ads_search_term_dia.purchases_14d) AS comp,
            sum(fact_amazon_ads_search_term_dia.clicks) AS cli
           FROM fact_amazon_ads_search_term_dia
          WHERE fact_amazon_ads_search_term_dia.data >= ((now() AT TIME ZONE 'America/Sao_Paulo'::text)::date - 29) AND fact_amazon_ads_search_term_dia.search_term ~* '^b0[a-z0-9]{8}$'::text
          GROUP BY (upper(TRIM(BOTH FROM fact_amazon_ads_search_term_dia.search_term)))
        )
 SELECT asin,
    cli AS cliques,
    round(cost) AS invest,
    round(venda) AS vendas,
    comp AS compras,
    round(venda / NULLIF(cost, 0::numeric), 2) AS roas,
    'Segmentar por ASIN (Product Targeting) - concorrente'::text AS sugestao
   FROM w
  WHERE NOT (asin IN ( SELECT dim_amazon_produto.asin
           FROM dim_amazon_produto))
  ORDER BY venda DESC;","vw_ast_asin_concorrente"
"create or replace view public.vw_ast_asin_proprio as
 WITH w AS (
         SELECT upper(TRIM(BOTH FROM fact_amazon_ads_search_term_dia.search_term)) AS asin,
            sum(fact_amazon_ads_search_term_dia.cost) AS cost,
            sum(fact_amazon_ads_search_term_dia.sales_14d) AS venda,
            sum(fact_amazon_ads_search_term_dia.purchases_14d) AS comp,
            sum(fact_amazon_ads_search_term_dia.clicks) AS cli
           FROM fact_amazon_ads_search_term_dia
          WHERE fact_amazon_ads_search_term_dia.data >= ((now() AT TIME ZONE 'America/Sao_Paulo'::text)::date - 29) AND fact_amazon_ads_search_term_dia.search_term ~* '^b0[a-z0-9]{8}$'::text
          GROUP BY (upper(TRIM(BOTH FROM fact_amazon_ads_search_term_dia.search_term)))
        )
 SELECT p.titulo AS produto,
    w.asin,
    w.cli AS cliques,
    round(w.cost) AS invest,
    round(w.venda) AS vendas,
    w.comp AS compras,
    'ASIN proprio - cliente buscando seu produto (informativo)'::text AS sugestao
   FROM w
     JOIN dim_amazon_produto p ON p.asin = w.asin
  ORDER BY w.venda DESC;","vw_ast_asin_proprio"
"create or replace view public.vw_ast_diag_resumo as
 WITH w AS (
         SELECT fact_amazon_ads_search_term_dia.search_term,
            sum(fact_amazon_ads_search_term_dia.impressions) AS imp,
            sum(fact_amazon_ads_search_term_dia.clicks) AS cli,
            sum(fact_amazon_ads_search_term_dia.purchases_14d) AS comp,
            sum(fact_amazon_ads_search_term_dia.cost) AS cost,
            sum(fact_amazon_ads_search_term_dia.sales_14d) AS venda
           FROM fact_amazon_ads_search_term_dia
          WHERE fact_amazon_ads_search_term_dia.data >= ((now() AT TIME ZONE 'America/Sao_Paulo'::text)::date - 6)
          GROUP BY fact_amazon_ads_search_term_dia.search_term
        )
 SELECT diagnostico,
    count(*) AS termos,
    round(sum(cost)) AS invest,
    round(sum(venda)) AS vendas
   FROM ( SELECT
                CASE
                    WHEN w.comp > 0::numeric THEN '3 Saudavel (converte)'::text
                    WHEN (100.0 * w.cli / NULLIF(w.imp, 0::numeric)) < 1.0 THEN '1 Nao chama atencao (CTR baixo)'::text
                    WHEN w.cli >= 5::numeric THEN '2 Chama e nao converte'::text
                    ELSE '4 Em aprendizado'::text
                END AS diagnostico,
            w.cost,
            w.venda
           FROM w) x
  GROUP BY diagnostico
  ORDER BY diagnostico;","vw_ast_diag_resumo"
"create or replace view public.vw_ast_graduar as
 WITH w AS (
         SELECT lower(TRIM(BOTH FROM fact_amazon_ads_search_term_dia.search_term)) AS termo,
            max(fact_amazon_ads_search_term_dia.search_term) AS termo_orig,
            string_agg(DISTINCT fact_amazon_ads_search_term_dia.match_type, ','::text) AS fontes,
            sum(fact_amazon_ads_search_term_dia.cost) AS cost,
            sum(fact_amazon_ads_search_term_dia.clicks) AS cli,
            sum(fact_amazon_ads_search_term_dia.purchases_14d) AS comp,
            sum(fact_amazon_ads_search_term_dia.sales_14d) AS venda
           FROM fact_amazon_ads_search_term_dia
          WHERE fact_amazon_ads_search_term_dia.data >= ((now() AT TIME ZONE 'America/Sao_Paulo'::text)::date - 29) AND fact_amazon_ads_search_term_dia.search_term !~* '^b0[a-z0-9]{8}$'::text
          GROUP BY (lower(TRIM(BOTH FROM fact_amazon_ads_search_term_dia.search_term)))
        ), exact_kw AS (
         SELECT DISTINCT lower(TRIM(BOTH FROM vw_amazon_ads_keyword_dia.keyword)) AS k
           FROM vw_amazon_ads_keyword_dia
          WHERE vw_amazon_ads_keyword_dia.match_type = 'EXACT'::text
        )
 SELECT termo_orig AS termo,
    fontes AS vem_de,
    comp AS compras,
    round(venda) AS vendas,
    round(cost) AS invest,
    round(venda / NULLIF(cost, 0::numeric), 2) AS roas,
    cli AS cliques,
    ('Criar EXACT com lance baixo (converte '::text || comp) || 'x e ainda nao e keyword)'::text AS sugestao
   FROM w
  WHERE comp >= 2::numeric AND NOT (EXISTS ( SELECT 1
           FROM exact_kw e
          WHERE e.k = w.termo))
  ORDER BY venda DESC;","vw_ast_graduar"
"create or replace view public.vw_ast_graduar_top as
 SELECT termo,
    vem_de,
    compras,
    vendas,
    invest,
    roas,
    cliques,
    sugestao
   FROM vw_ast_graduar
  ORDER BY vendas DESC
 LIMIT 40;","vw_ast_graduar_top"
"create or replace view public.vw_ast_kpi as
 WITH a7 AS (
         SELECT COALESCE(sum(fact_amazon_ads_search_term_dia.cost), 0::numeric) AS c,
            COALESCE(sum(fact_amazon_ads_search_term_dia.sales_14d), 0::numeric) AS v,
            COALESCE(sum(fact_amazon_ads_search_term_dia.clicks), 0::numeric) AS cli,
            COALESCE(sum(fact_amazon_ads_search_term_dia.impressions), 0::numeric) AS imp,
            COALESCE(sum(fact_amazon_ads_search_term_dia.purchases_14d), 0::numeric) AS comp
           FROM fact_amazon_ads_search_term_dia
          WHERE fact_amazon_ads_search_term_dia.data >= ((now() AT TIME ZONE 'America/Sao_Paulo'::text)::date - 6)
        ), p7 AS (
         SELECT COALESCE(sum(fact_amazon_ads_search_term_dia.cost), 0::numeric) AS c,
            COALESCE(sum(fact_amazon_ads_search_term_dia.sales_14d), 0::numeric) AS v,
            COALESCE(sum(fact_amazon_ads_search_term_dia.clicks), 0::numeric) AS cli,
            COALESCE(sum(fact_amazon_ads_search_term_dia.impressions), 0::numeric) AS imp,
            COALESCE(sum(fact_amazon_ads_search_term_dia.purchases_14d), 0::numeric) AS comp
           FROM fact_amazon_ads_search_term_dia
          WHERE fact_amazon_ads_search_term_dia.data >= ((now() AT TIME ZONE 'America/Sao_Paulo'::text)::date - 13) AND fact_amazon_ads_search_term_dia.data <= ((now() AT TIME ZONE 'America/Sao_Paulo'::text)::date - 7)
        )
 SELECT metrica,
    sem_atual AS valor_7d,
    sem_anterior AS valor_7d_anterior
   FROM ( SELECT 1 AS ord,
            'Investimento'::text AS metrica,
            'R$ '::text || replace(to_char(round(( SELECT a7.c
                   FROM a7)), 'FM999,999,999'::text), ','::text, '.'::text) AS sem_atual,
            'R$ '::text || replace(to_char(round(( SELECT p7.c
                   FROM p7)), 'FM999,999,999'::text), ','::text, '.'::text) AS sem_anterior
        UNION ALL
         SELECT 2,
            'Vendas'::text,
            'R$ '::text || replace(to_char(round(( SELECT a7.v
                   FROM a7)), 'FM999,999,999'::text), ','::text, '.'::text),
            'R$ '::text || replace(to_char(round(( SELECT p7.v
                   FROM p7)), 'FM999,999,999'::text), ','::text, '.'::text)
        UNION ALL
         SELECT 3,
            'ROAS'::text,
            replace(to_char(round((( SELECT a7.v
                   FROM a7)) / NULLIF(( SELECT a7.c
                   FROM a7), 0::numeric), 2), 'FM990.00'::text), '.'::text, ','::text) AS replace,
            replace(to_char(round((( SELECT p7.v
                   FROM p7)) / NULLIF(( SELECT p7.c
                   FROM p7), 0::numeric), 2), 'FM990.00'::text), '.'::text, ','::text) AS replace
        UNION ALL
         SELECT 4,
            'CTR'::text,
            replace(to_char(round(100.0 * (( SELECT a7.cli
                   FROM a7)) / NULLIF(( SELECT a7.imp
                   FROM a7), 0::numeric), 2), 'FM990.00'::text), '.'::text, ','::text) || '%'::text,
            replace(to_char(round(100.0 * (( SELECT p7.cli
                   FROM p7)) / NULLIF(( SELECT p7.imp
                   FROM p7), 0::numeric), 2), 'FM990.00'::text), '.'::text, ','::text) || '%'::text
        UNION ALL
         SELECT 5,
            'CVR'::text,
            replace(to_char(round(100.0 * (( SELECT a7.comp
                   FROM a7)) / NULLIF(( SELECT a7.cli
                   FROM a7), 0::numeric), 1), 'FM990.0'::text), '.'::text, ','::text) || '%'::text,
            replace(to_char(round(100.0 * (( SELECT p7.comp
                   FROM p7)) / NULLIF(( SELECT p7.cli
                   FROM p7), 0::numeric), 1), 'FM990.0'::text), '.'::text, ','::text) || '%'::text) t
  ORDER BY ord;","vw_ast_kpi"
"create or replace view public.vw_ast_kw_7d as
 WITH w AS (
         SELECT fact_amazon_ads_search_term_dia.keyword_text,
            fact_amazon_ads_search_term_dia.match_type,
            sum(fact_amazon_ads_search_term_dia.impressions) AS imp,
            sum(fact_amazon_ads_search_term_dia.clicks) AS cli,
            sum(fact_amazon_ads_search_term_dia.purchases_14d) AS comp,
            sum(fact_amazon_ads_search_term_dia.cost) AS cost,
            sum(fact_amazon_ads_search_term_dia.sales_14d) AS venda
           FROM fact_amazon_ads_search_term_dia
          WHERE fact_amazon_ads_search_term_dia.data >= ((now() AT TIME ZONE 'America/Sao_Paulo'::text)::date - 6)
          GROUP BY fact_amazon_ads_search_term_dia.keyword_text, fact_amazon_ads_search_term_dia.match_type
        )
 SELECT keyword_text AS keyword_alvo,
    match_type,
    imp AS impressoes,
    cli AS cliques,
    round(100.0 * cli / NULLIF(imp, 0::numeric), 2) AS ctr_pct,
    round(100.0 * comp / NULLIF(cli, 0::numeric), 1) AS cvr_pct,
    round(cost) AS invest,
    round(venda) AS vendas,
    round(venda / NULLIF(cost, 0::numeric), 2) AS roas,
    round(cost / NULLIF(cli, 0::numeric), 2) AS cpc,
        CASE
            WHEN comp > 0::numeric THEN 'Saudavel (converte)'::text
            WHEN (100.0 * cli / NULLIF(imp, 0::numeric)) < 1.0 THEN 'NAO CHAMA ATENCAO: revisar foto/preco/titulo'::text
            WHEN cli >= 5::numeric THEN 'CHAMA E NAO CONVERTE: revisar preco/reviews/pagina'::text
            ELSE 'Em aprendizado'::text
        END AS diagnostico
   FROM w
  ORDER BY cost DESC;","vw_ast_kw_7d"
"create or replace view public.vw_ast_kw_7d_top as
 SELECT keyword_alvo,
    match_type,
    impressoes,
    cliques,
    ctr_pct,
    cvr_pct,
    invest,
    vendas,
    roas,
    cpc,
    diagnostico
   FROM vw_ast_kw_7d
  ORDER BY invest DESC
 LIMIT 40;","vw_ast_kw_7d_top"
"create or replace view public.vw_ast_negativar_dup as
 WITH ne AS (
         SELECT lower(TRIM(BOTH FROM fact_amazon_ads_search_term_dia.search_term)) AS termo,
            max(fact_amazon_ads_search_term_dia.search_term) AS termo_orig,
            string_agg(DISTINCT fact_amazon_ads_search_term_dia.match_type, ','::text) AS fontes,
            sum(fact_amazon_ads_search_term_dia.cost) AS cost,
            sum(fact_amazon_ads_search_term_dia.clicks) AS cli,
            sum(fact_amazon_ads_search_term_dia.sales_14d) AS venda
           FROM fact_amazon_ads_search_term_dia
          WHERE fact_amazon_ads_search_term_dia.data >= ((now() AT TIME ZONE 'America/Sao_Paulo'::text)::date - 29) AND fact_amazon_ads_search_term_dia.match_type <> 'EXACT'::text
          GROUP BY (lower(TRIM(BOTH FROM fact_amazon_ads_search_term_dia.search_term)))
        ), exact_kw AS (
         SELECT DISTINCT lower(TRIM(BOTH FROM vw_amazon_ads_keyword_dia.keyword)) AS k
           FROM vw_amazon_ads_keyword_dia
          WHERE vw_amazon_ads_keyword_dia.match_type = 'EXACT'::text
        )
 SELECT termo_orig AS termo,
    fontes AS fontes_nao_exact,
    cli AS cliques,
    round(cost) AS invest_duplicado,
    round(venda) AS vendas,
    ('Ja e EXACT - negativar em '::text || fontes) || ' pra nao pagar 2x'::text AS sugestao
   FROM ne
  WHERE (EXISTS ( SELECT 1
           FROM exact_kw e
          WHERE e.k = ne.termo))
  ORDER BY cost DESC;","vw_ast_negativar_dup"
"create or replace view public.vw_ast_negativar_dup_top as
 SELECT termo,
    fontes_nao_exact,
    cliques,
    invest_duplicado,
    vendas,
    sugestao
   FROM vw_ast_negativar_dup
  ORDER BY invest_duplicado DESC
 LIMIT 40;","vw_ast_negativar_dup_top"
"create or replace view public.vw_ast_negativar_ruim as
 WITH w AS (
         SELECT lower(TRIM(BOTH FROM fact_amazon_ads_search_term_dia.search_term)) AS termo,
            max(fact_amazon_ads_search_term_dia.search_term) AS termo_orig,
            string_agg(DISTINCT fact_amazon_ads_search_term_dia.match_type, ','::text) AS fontes,
            sum(fact_amazon_ads_search_term_dia.cost) AS cost,
            sum(fact_amazon_ads_search_term_dia.clicks) AS cli,
            sum(fact_amazon_ads_search_term_dia.purchases_14d) AS comp
           FROM fact_amazon_ads_search_term_dia
          WHERE fact_amazon_ads_search_term_dia.data >= ((now() AT TIME ZONE 'America/Sao_Paulo'::text)::date - 29) AND fact_amazon_ads_search_term_dia.search_term !~* '^b0[a-z0-9]{8}$'::text
          GROUP BY (lower(TRIM(BOTH FROM fact_amazon_ads_search_term_dia.search_term)))
        )
 SELECT termo_orig AS termo,
    fontes AS vem_de,
    cli AS cliques,
    round(cost) AS invest_desperdicado,
    ((('Negativar: '::text || cli) || ' cliques SEM venda (R$'::text) || round(cost)) || ' gastos)'::text AS sugestao
   FROM w
  WHERE comp = 0::numeric AND cli > 50::numeric
  ORDER BY cost DESC;","vw_ast_negativar_ruim"
"create or replace view public.vw_ast_resumo as
 SELECT item,
    qtd_termos,
    valor_rs,
    acao
   FROM ( SELECT 1 AS ord,
            'Graduar pra EXACT'::text AS item,
            ( SELECT count(*) AS count
                   FROM vw_ast_graduar) AS qtd_termos,
            ( SELECT COALESCE(round(sum(vw_ast_graduar.vendas)), 0::numeric) AS ""coalesce""
                   FROM vw_ast_graduar) AS valor_rs,
            'COMPRAR: criar EXACT lance baixo'::text AS acao
        UNION ALL
         SELECT 2,
            'Negativar ruim'::text,
            ( SELECT count(*) AS count
                   FROM vw_ast_negativar_ruim) AS count,
            ( SELECT COALESCE(round(sum(vw_ast_negativar_ruim.invest_desperdicado)), 0::numeric) AS ""coalesce""
                   FROM vw_ast_negativar_ruim) AS ""coalesce"",
            'Cortar desperdicio (>50 cliques sem venda)'::text
        UNION ALL
         SELECT 3,
            'Negativar duplicado'::text,
            ( SELECT count(*) AS count
                   FROM vw_ast_negativar_dup) AS count,
            ( SELECT COALESCE(round(sum(vw_ast_negativar_dup.invest_duplicado)), 0::numeric) AS ""coalesce""
                   FROM vw_ast_negativar_dup) AS ""coalesce"",
            'Anti-canibalizacao'::text
        UNION ALL
         SELECT 4,
            'Segmentar ASIN concorrente'::text,
            ( SELECT count(*) AS count
                   FROM vw_ast_asin_concorrente) AS count,
            ( SELECT COALESCE(round(sum(vw_ast_asin_concorrente.vendas)), 0::numeric) AS ""coalesce""
                   FROM vw_ast_asin_concorrente) AS ""coalesce"",
            'Product Targeting'::text
        UNION ALL
         SELECT 5,
            'ASIN proprio (info)'::text,
            ( SELECT count(*) AS count
                   FROM vw_ast_asin_proprio) AS count,
            ( SELECT COALESCE(round(sum(vw_ast_asin_proprio.vendas)), 0::numeric) AS ""coalesce""
                   FROM vw_ast_asin_proprio) AS ""coalesce"",
            'Informativo'::text) t
  ORDER BY ord;","vw_ast_resumo"
"create or replace view public.vw_ast_termo_7d as
 WITH w AS (
         SELECT fact_amazon_ads_search_term_dia.search_term,
            fact_amazon_ads_search_term_dia.keyword_text,
            fact_amazon_ads_search_term_dia.match_type,
            sum(fact_amazon_ads_search_term_dia.impressions) AS imp,
            sum(fact_amazon_ads_search_term_dia.clicks) AS cli,
            sum(fact_amazon_ads_search_term_dia.purchases_14d) AS comp,
            sum(fact_amazon_ads_search_term_dia.cost) AS cost,
            sum(fact_amazon_ads_search_term_dia.sales_14d) AS venda
           FROM fact_amazon_ads_search_term_dia
          WHERE fact_amazon_ads_search_term_dia.data >= ((now() AT TIME ZONE 'America/Sao_Paulo'::text)::date - 6)
          GROUP BY fact_amazon_ads_search_term_dia.search_term, fact_amazon_ads_search_term_dia.keyword_text, fact_amazon_ads_search_term_dia.match_type
        )
 SELECT ""left""(search_term, 45) AS termo,
    keyword_text AS keyword_alvo,
    match_type,
    imp AS impressoes,
    cli AS cliques,
    round(100.0 * cli / NULLIF(imp, 0::numeric), 2) AS ctr_pct,
    round(100.0 * comp / NULLIF(cli, 0::numeric), 1) AS cvr_pct,
    round(cost) AS invest,
    round(venda) AS vendas,
    round(venda / NULLIF(cost, 0::numeric), 2) AS roas,
        CASE
            WHEN comp > 0::numeric THEN 'Saudavel'::text
            WHEN (100.0 * cli / NULLIF(imp, 0::numeric)) < 1.0 THEN 'NAO CHAMA ATENCAO: foto/preco/titulo'::text
            WHEN cli >= 5::numeric THEN 'CHAMA E NAO CONVERTE: preco/reviews/pagina'::text
            ELSE 'Em aprendizado'::text
        END AS diagnostico
   FROM w
  ORDER BY cost DESC;","vw_ast_termo_7d"
"create or replace view public.vw_avg_ads_tipo as
 SELECT ad_type AS tipo,
    round(sum(cost)) AS invest,
    round(sum(sales_14d)) AS vendas_atribuidas,
    round(100.0 * sum(cost) / NULLIF(sum(sales_14d), 0::numeric), 1) AS acos,
    round(sum(sales_14d) / NULLIF(sum(cost), 0::numeric), 2) AS roas,
        CASE
            WHEN (sum(sales_14d) / NULLIF(sum(cost), 0::numeric)) < 10::numeric THEN 'Cortar keywords/ASINs ineficientes e escalar os que vendem (rumo ao ROAS Total 10)'::text
            ELSE 'Eficiente'::text
        END AS sugestao
   FROM vw_amazon_ads_por_tipo_dia
  WHERE data >= ((now() AT TIME ZONE 'America/Sao_Paulo'::text)::date - 31)
  GROUP BY ad_type
  ORDER BY (round(sum(cost))) DESC;","vw_avg_ads_tipo"
"create or replace view public.vw_avg_detalhe as
 SELECT ad_type AS tipo,
    ""left""(campaign_name, 30) AS campanha,
    round(sum(cost)) AS invest,
    round(sum(sales_14d)) AS vendas,
    round(100.0 * sum(cost) / NULLIF(sum(sales_14d), 0::numeric), 1) AS acos,
    round(sum(sales_14d) / NULLIF(sum(cost), 0::numeric), 2) AS roas,
    sum(units_14d) AS unidades,
        CASE
            WHEN (sum(sales_14d) / NULLIF(sum(cost), 0::numeric)) < 4::numeric THEN 'Ineficiente: revisar segmentacao/lances (arrasta o TACoS)'::text
            WHEN (sum(sales_14d) / NULLIF(sum(cost), 0::numeric)) >= 10::numeric THEN 'Escalar: ROAS alto com espaco'::text
            ELSE 'Otimizar rumo ao ROAS Total 10'::text
        END AS sugestao
   FROM vw_amazon_ads_por_tipo_dia
  WHERE data >= ((now() AT TIME ZONE 'America/Sao_Paulo'::text)::date - 31)
  GROUP BY ad_type, campaign_name
  ORDER BY (round(sum(cost))) DESC;","vw_avg_detalhe"
"create or replace view public.vw_avg_kpis as
 SELECT ord,
    metrica,
    valor,
    meta,
    sugestao
   FROM tab_avg_kpis;","vw_avg_kpis"
"create or replace view public.vw_avg_oportunidades as
 WITH negativar AS (
         SELECT COALESCE(sum(vw_aads_negativar.invest_desperdicado), 0::numeric) AS v,
            count(*) AS n
           FROM vw_aads_negativar
        ), bx AS (
         SELECT COALESCE(sum(vw_aanun_buybox.faturamento), 0::numeric) AS v,
            count(*) AS n
           FROM vw_aanun_buybox
        ), rup AS (
         SELECT COALESCE(sum(vw_aest_resumo.total_enviar), 0::numeric) AS un,
            COALESCE(sum(vw_aest_resumo.produtos), 0::numeric) AS n
           FROM vw_aest_resumo
          WHERE vw_aest_resumo.alerta = ANY (ARRAY['rupturado'::text, 'critico'::text])
        )
 SELECT ord,
    alavanca,
    valor_em_jogo,
    acao
   FROM ( SELECT 1 AS ord,
            'Ads - keywords que gastam sem vender'::text AS alavanca,
            ((('R$ '::text || replace(to_char(round(( SELECT negativar.v
                   FROM negativar)), 'FM999,999,999'::text), ','::text, '.'::text)) || ' desperdicados ('::text) || (( SELECT negativar.n
                   FROM negativar))) || ' termos)'::text AS valor_em_jogo,
            'Negativar - reduz TACoS sem perder venda'::text AS acao
        UNION ALL
         SELECT 2,
            'Buy box abaixo de 90%'::text,
            (((( SELECT bx.n
                   FROM bx)) || ' ASINs, R$ '::text) || replace(to_char(round(( SELECT bx.v
                   FROM bx)), 'FM999,999,999'::text), ','::text, '.'::text)) || ' em jogo'::text,
            'Recuperar a caixa de compra (preco/conta/estoque)'::text
        UNION ALL
         SELECT 3,
            'Rupturas iminentes (FBA)'::text,
            (((( SELECT rup.n
                   FROM rup)) || ' produtos, enviar '::text) || (( SELECT rup.un
                   FROM rup))) || ' un'::text,
            'Repor HOJE pra nao perder venda'::text) t
  ORDER BY ord;","vw_avg_oportunidades"
"create or replace view public.vw_avg_produtos as
 WITH p AS (
         SELECT COALESCE(vw_amazon_produto_dia.titulo, vw_amazon_produto_dia.child_asin) AS produto,
            vw_amazon_produto_dia.child_asin AS asin,
            sum(vw_amazon_produto_dia.vendas) AS v,
            sum(vw_amazon_produto_dia.unidades) AS un,
            sum(vw_amazon_produto_dia.sessoes) AS ses,
            sum(vw_amazon_produto_dia.pedidos_itens) AS ped,
            sum(vw_amazon_produto_dia.buybox_pct * vw_amazon_produto_dia.pageviews) / NULLIF(sum(vw_amazon_produto_dia.pageviews), 0::numeric) AS bb
           FROM vw_amazon_produto_dia
          WHERE vw_amazon_produto_dia.data >= ((now() AT TIME ZONE 'America/Sao_Paulo'::text)::date - 31) AND NOT vw_amazon_produto_dia.em_consolidacao
          GROUP BY (COALESCE(vw_amazon_produto_dia.titulo, vw_amazon_produto_dia.child_asin)), vw_amazon_produto_dia.child_asin
        )
 SELECT ""left""(produto, 40) AS produto,
    asin,
    round(v) AS faturamento,
    un AS unidades,
    ses AS sessoes,
    round(100.0 * ped / NULLIF(ses, 0::numeric), 1) AS conversao_pct,
    round(100::numeric * bb, 1) AS buybox_pct,
        CASE
            WHEN (100.0 * ped / NULLIF(ses, 0::numeric)) < 10::numeric AND ses > 200::numeric THEN 'Conversao baixa com trafego: revisar preco/listagem/reviews'::text
            WHEN (100::numeric * bb) < 90::numeric THEN 'Buy box baixo: revisar preco/saude da conta'::text
            ELSE 'Manter'::text
        END AS sugestao
   FROM p
  WHERE v > 0::numeric
  ORDER BY v DESC;","vw_avg_produtos"
"create or replace view public.vw_avg_tendencia as
 WITH w AS (
         SELECT date_trunc('week'::text, vw_amazon_geral_dia.data::timestamp with time zone)::date AS semana,
            sum(vw_amazon_geral_dia.vendas) AS v,
            sum(vw_amazon_geral_dia.sessoes) AS ses,
            sum(vw_amazon_geral_dia.pedidos_itens) AS ped
           FROM vw_amazon_geral_dia
          WHERE vw_amazon_geral_dia.data >= ((now() AT TIME ZONE 'America/Sao_Paulo'::text)::date - 49) AND NOT vw_amazon_geral_dia.em_consolidacao
          GROUP BY (date_trunc('week'::text, vw_amazon_geral_dia.data::timestamp with time zone)::date)
        )
 SELECT semana,
    round(v) AS faturamento,
    ses AS sessoes,
    round(100.0 * ped / NULLIF(ses, 0::numeric), 1) AS conversao_pct,
        CASE
            WHEN lag(v) OVER (ORDER BY semana) IS NULL THEN 'Semana base'::text
            WHEN v > lag(v) OVER (ORDER BY semana) THEN 'Vendas subindo vs semana anterior'::text
            ELSE 'Vendas caindo vs semana anterior'::text
        END AS sugestao
   FROM w
  ORDER BY semana;","vw_avg_tendencia"
"create or replace view public.vw_awin_dia as
 SELECT data_venda AS data,
    count(*) FILTER (WHERE status = ANY (ARRAY['pending'::text, 'approved'::text])) AS pedidos,
    COALESCE(sum(venda) FILTER (WHERE status = ANY (ARRAY['pending'::text, 'approved'::text])), 0::numeric) AS venda,
    COALESCE(sum(comissao) FILTER (WHERE status = ANY (ARRAY['pending'::text, 'approved'::text])), 0::numeric) AS comissao,
    COALESCE(sum(taxa_awin) FILTER (WHERE status = ANY (ARRAY['pending'::text, 'approved'::text])), 0::numeric) AS taxa_awin,
    COALESCE(sum(venda) FILTER (WHERE status = 'approved'::text), 0::numeric) AS venda_aprovada,
    COALESCE(sum(venda) FILTER (WHERE status = 'pending'::text), 0::numeric) AS venda_pendente,
    COALESCE(sum(venda) FILTER (WHERE status = ANY (ARRAY['declined'::text, 'deleted'::text])), 0::numeric) AS venda_recusada,
    count(*) FILTER (WHERE status = ANY (ARRAY['declined'::text, 'deleted'::text])) AS pedidos_recusados
   FROM awin_transacao
  GROUP BY data_venda;","vw_awin_dia"
"create or replace view public.vw_awin_publisher_dia as
 SELECT data_venda AS data,
    publisher_id,
    max(publisher) AS publisher,
    count(*) FILTER (WHERE status = ANY (ARRAY['pending'::text, 'approved'::text])) AS pedidos,
    COALESCE(sum(venda) FILTER (WHERE status = ANY (ARRAY['pending'::text, 'approved'::text])), 0::numeric) AS venda,
    COALESCE(sum(comissao) FILTER (WHERE status = ANY (ARRAY['pending'::text, 'approved'::text])), 0::numeric) AS comissao,
    COALESCE(sum(taxa_awin) FILTER (WHERE status = ANY (ARRAY['pending'::text, 'approved'::text])), 0::numeric) AS taxa_awin
   FROM awin_transacao
  GROUP BY data_venda, publisher_id;","vw_awin_publisher_dia"
"create or replace view public.vw_brand_ads_campanha as
 SELECT campaign_id,
    advertiser_id,
    campaign_type,
    status,
    headline,
    budget_amount,
    budget_currency,
    cpc,
    destination_id,
    end_date,
    ( SELECT count(*) AS count
           FROM ml_brand_ads_keyword k
          WHERE k.campaign_id = c.campaign_id) AS n_keywords,
    ( SELECT count(*) AS count
           FROM ml_brand_ads_item i
          WHERE i.campaign_id = c.campaign_id) AS n_items
   FROM ml_brand_ads_campanha c;","vw_brand_ads_campanha"
"create or replace view public.vw_brand_ads_item as
 SELECT b.campaign_id,
    b.item_id,
    b.status,
    t.title,
    t.thumbnail
   FROM ml_brand_ads_item b
     LEFT JOIN LATERAL ( SELECT p.title,
            p.thumbnail
           FROM vw_ml_pads_item_dia p
          WHERE p.item_id = b.item_id
          ORDER BY p.date DESC
         LIMIT 1) t ON true;","vw_brand_ads_item"
"create or replace view public.vw_brand_ads_keyword as
 SELECT m.date,
    m.keyword_id,
    m.campaign_id,
    COALESCE(c.name, c.headline) AS campanha,
    m.advertiser_id,
    COALESCE(m.keyword, k.term) AS termo,
    k.match_type,
    m.prints,
    m.clicks,
    m.ctr,
    m.cvr,
    m.acos,
    m.roas,
    m.consumed_budget AS cost,
    m.cost_per_clicks AS cpc,
    m.attribution_order_amount AS receita,
    m.attribution_order_conversions AS pedidos,
    m.won_auctions,
    m.leads,
    m.goal_cpc_max AS lance_atual,
    m.recommended_cpc AS lance_recomendado,
    m.cpc_below_recommended AS lance_baixo,
    m.is_deleted,
    c.headline AS headline_criativo,
    c.status AS campanha_status
   FROM ml_brand_ads_keyword_metricas m
     LEFT JOIN ml_brand_ads_keyword k ON k.keyword_id = m.keyword_id
     LEFT JOIN ml_brand_ads_campanha c ON c.campaign_id = m.campaign_id;","vw_brand_ads_keyword"
"create or replace view public.vw_brand_ads_keyword_lista as
 SELECT k.keyword_id,
    k.campaign_id,
    c.headline AS campanha,
    k.term,
    k.match_type,
    k.type,
    k.cpc,
    k.is_negative,
    k.advertiser_id
   FROM ml_brand_ads_keyword k
     LEFT JOIN ml_brand_ads_campanha c ON c.campaign_id = k.campaign_id;","vw_brand_ads_keyword_lista"
"create or replace view public.vw_brand_ads_kpi_dia as
 SELECT advertiser_id,
    date,
    prints,
    clicks,
    ctr,
    consumed_budget AS cost,
    cost_per_clicks AS cpc,
    attribution_order_amount AS receita,
    attribution_order_conversions AS pedidos,
    roas,
    acos,
    cvr,
    leads
   FROM ml_brand_ads_metricas_dia;","vw_brand_ads_kpi_dia"
"create or replace view public.vw_brand_momentum as
 WITH mx AS (
         SELECT max(vw_brand_ads_keyword.date) AS d
           FROM vw_brand_ads_keyword
        ), seg AS (
         SELECT vw_brand_termos.termo,
            max(vw_brand_termos.segmento) AS segmento
           FROM vw_brand_termos
          GROUP BY vw_brand_termos.termo
        ), base AS (
         SELECT k.termo,
            sum(k.cost) FILTER (WHERE k.date > (m.d - 7)) AS inv_a,
            sum(k.cost) FILTER (WHERE k.date <= (m.d - 7) AND k.date > (m.d - 14)) AS inv_b,
            sum(k.receita) FILTER (WHERE k.date > (m.d - 7)) AS rec_a,
            sum(k.receita) FILTER (WHERE k.date <= (m.d - 7) AND k.date > (m.d - 14)) AS rec_b,
            sum(k.prints) FILTER (WHERE k.date > (m.d - 7)) AS imp_a,
            sum(k.prints) FILTER (WHERE k.date <= (m.d - 7) AND k.date > (m.d - 14)) AS imp_b,
            sum(k.clicks) FILTER (WHERE k.date > (m.d - 7)) AS clk_a,
            sum(k.pedidos) FILTER (WHERE k.date > (m.d - 7)) AS ped_a
           FROM vw_brand_ads_keyword k
             CROSS JOIN mx m
          WHERE k.date > (m.d - 14)
          GROUP BY k.termo
        ), c AS (
         SELECT COALESCE(s.segmento, '?'::text) AS segmento,
            b.termo,
            round(b.inv_a, 0) AS invest_atual,
            round(b.inv_b, 0) AS invest_ant,
            round(100.0 * (b.inv_a - b.inv_b) / NULLIF(b.inv_b, 0::numeric), 0) AS invest_delta_pct,
            round(b.rec_a / NULLIF(b.inv_a, 0::numeric), 2) AS roas_atual,
            round(b.rec_b / NULLIF(b.inv_b, 0::numeric), 2) AS roas_ant,
            5.0 AS meta_roas,
            round(100.0 * b.clk_a::numeric / NULLIF(b.imp_a, 0::numeric), 2) AS ctr_atual,
            round(b.imp_a, 0) AS impressoes_atual,
            b.ped_a AS pedidos_atual
           FROM base b
             LEFT JOIN seg s ON s.termo = b.termo
          WHERE b.inv_a > 0::numeric OR b.inv_b > 0::numeric
        )
 SELECT segmento,
    termo,
    invest_atual,
    invest_ant,
    invest_delta_pct,
    roas_atual,
    roas_ant,
    meta_roas,
    ctr_atual,
    impressoes_atual,
    pedidos_atual,
        CASE
            WHEN roas_atual >= meta_roas AND invest_delta_pct <= '-10'::integer::numeric THEN 'vencedor_reduzido'::text
            WHEN invest_delta_pct >= 15::numeric AND roas_atual < roas_ant AND roas_atual < meta_roas THEN 'escalando_em_queda'::text
            WHEN impressoes_atual < 1000::numeric THEN 'amostra_baixa'::text
            WHEN roas_atual > roas_ant AND roas_atual < meta_roas THEN 'recuperando'::text
            WHEN roas_atual >= meta_roas THEN 'saudavel'::text
            ELSE 'abaixo_meta'::text
        END AS flag,
        CASE
            WHEN roas_atual >= meta_roas AND invest_delta_pct <= '-10'::integer::numeric THEN 'Vencedor (ROAS>=5) teve verba REDUZIDA - era pra escalar, nao cortar. Reverter e aumentar orcamento'::text
            WHEN invest_delta_pct >= 15::numeric AND roas_atual < roas_ant AND roas_atual < meta_roas THEN 'Escalou verba e ROAS caiu abaixo de 5 - segurar; provavelmente termo amplo, considerar negativar'::text
            WHEN impressoes_atual < 1000::numeric THEN 'Amostra baixa (<1k impressoes) - decidir so quando amadurecer'::text
            WHEN roas_atual > roas_ant AND roas_atual < meta_roas THEN 'Recuperando rumo a meta 5 - manter e observar'::text
            WHEN roas_atual >= meta_roas THEN 'Na meta (ROAS>=5) - candidato a escalar se tiver headroom'::text
            ELSE 'Abaixo da meta 5 - se for amplo, reduzir/negativar; se especifico, ajustar lance'::text
        END AS sugestao
   FROM c
  ORDER BY invest_atual DESC NULLS LAST;","vw_brand_momentum"
"create or replace view public.vw_brand_segmentos as
 WITH k AS (
         SELECT
                CASE
                    WHEN vw_brand_ads_keyword.termo ~* 'soldiers'::text THEN '1 Marca'::text
                    WHEN lower(TRIM(BOTH FROM vw_brand_ads_keyword.termo)) ~ '^(creatina|whey|prote[i├¡]na|suplementos?( alimentar)?|pr[e├®][ -]?treino|amino[a├í]cidos?|bcaa|termog[e├¬]nicos?)$'::text THEN '3 Generico amplo'::text
                    ELSE '2 Generico especifico'::text
                END AS seg,
            vw_brand_ads_keyword.cost,
            vw_brand_ads_keyword.receita,
            vw_brand_ads_keyword.clicks,
            vw_brand_ads_keyword.prints,
            vw_brand_ads_keyword.pedidos
           FROM vw_brand_ads_keyword
          WHERE vw_brand_ads_keyword.date >= ((now() AT TIME ZONE 'America/Sao_Paulo'::text)::date - 29)
        )
 SELECT seg AS segmento,
    round(sum(cost)) AS invest,
    round(100::numeric * sum(cost) / sum(sum(cost)) OVER (), 1) AS share_pct,
    round(sum(receita) / NULLIF(sum(cost), 0::numeric), 2) AS roas,
    5 AS meta,
    round(100.0 * sum(clicks)::numeric / NULLIF(sum(prints), 0::numeric), 1) AS ctr,
    round(100.0 * sum(pedidos)::numeric / NULLIF(sum(clicks), 0)::numeric, 1) AS cvr,
        CASE
            WHEN (sum(receita) / NULLIF(sum(cost), 0::numeric)) < 5::numeric THEN 'Abaixo da meta 5: '::text ||
            CASE
                WHEN seg = '3 Generico amplo'::text THEN 'negativar/reduzir amplos improdutivos'::text
                WHEN seg = '1 Marca'::text THEN 'defender e otimizar marca'::text
                ELSE 'empurrar especificos (lance/competitividade de leilao)'::text
            END
            ELSE 'Ok, escalar'::text
        END AS sugestao
   FROM k
  GROUP BY seg
  ORDER BY seg;","vw_brand_segmentos"
"create or replace view public.vw_brand_termos as
 WITH k AS (
         SELECT vw_brand_ads_keyword.termo,
                CASE
                    WHEN vw_brand_ads_keyword.termo ~* 'soldiers'::text THEN 'Marca'::text
                    WHEN lower(TRIM(BOTH FROM vw_brand_ads_keyword.termo)) ~ '^(creatina|whey|prote[i├¡]na|suplementos?( alimentar)?|pr[e├®][ -]?treino|amino[a├í]cidos?|bcaa|termog[e├¬]nicos?)$'::text THEN 'Amplo'::text
                    ELSE 'Especifico'::text
                END AS seg,
            sum(vw_brand_ads_keyword.cost) AS inv,
            sum(vw_brand_ads_keyword.receita) AS rec,
            sum(vw_brand_ads_keyword.clicks) AS cl,
            sum(vw_brand_ads_keyword.prints) AS pr,
            sum(vw_brand_ads_keyword.pedidos) AS ped
           FROM vw_brand_ads_keyword
          WHERE vw_brand_ads_keyword.date >= ((now() AT TIME ZONE 'America/Sao_Paulo'::text)::date - 29)
          GROUP BY vw_brand_ads_keyword.termo
        )
 SELECT ""left""(termo, 30) AS termo,
    seg AS segmento,
    round(inv) AS invest,
    round(rec / NULLIF(inv, 0::numeric), 2) AS roas,
    round(100.0 * cl::numeric / NULLIF(pr, 0::numeric), 1) AS ctr,
    round(100.0 * ped::numeric / NULLIF(cl, 0)::numeric, 1) AS cvr,
        CASE
            WHEN (rec / NULLIF(inv, 0::numeric)) < 1::numeric THEN ('NEGATIVAR (ROAS '::text || round(rec / NULLIF(inv, 0::numeric), 2)) || ', queima verba)'::text
            WHEN seg = 'Amplo'::text AND (rec / NULLIF(inv, 0::numeric)) < 3::numeric THEN ('Reduzir/negativar (amplo ROAS '::text || round(rec / NULLIF(inv, 0::numeric), 2)) || ')'::text
            WHEN (rec / NULLIF(inv, 0::numeric)) >= 6::numeric THEN ('ESCALAR (ROAS '::text || round(rec / NULLIF(inv, 0::numeric), 2)) || ' subfinanciado)'::text
            WHEN (rec / NULLIF(inv, 0::numeric)) >= 4::numeric AND (rec / NULLIF(inv, 0::numeric)) <= 6::numeric THEN 'Empurrar p/ meta 5 (lance/competitividade)'::text
            ELSE 'Monitorar'::text
        END AS sugestao
   FROM k
  WHERE pr >= 1000::numeric
  ORDER BY inv DESC;","vw_brand_termos"
"create or replace view public.vw_cad_produtos as
 WITH v AS (
         SELECT vw_ml_anuncio_dia.item_id,
            sum(vw_ml_anuncio_dia.unidades) AS unid,
            sum(vw_ml_anuncio_dia.faturamento) AS fat
           FROM vw_ml_anuncio_dia
          WHERE vw_ml_anuncio_dia.data >= ((now() AT TIME ZONE 'America/Sao_Paulo'::text)::date - 29)
          GROUP BY vw_ml_anuncio_dia.item_id
        )
 SELECT ""left""(i.title, 40) AS anuncio,
    COALESCE(v.unid, 0::numeric) AS unidades,
    jsonb_array_length(COALESCE(i.raw -> 'pictures'::text, '[]'::jsonb)) AS fotos,
    ( SELECT count(*) AS count
           FROM jsonb_array_elements(COALESCE(i.raw -> 'attributes'::text, '[]'::jsonb)) a(value)
          WHERE (a.value ->> 'value_name'::text) IS NULL) AS atributos_vazios,
        CASE
            WHEN (i.raw ->> 'video_id'::text) IS NULL THEN 'NAO'::text
            ELSE 'sim'::text
        END AS tem_video,
        CASE
            WHEN COALESCE(i.raw ->> 'warranty'::text, ''::text) = ''::text THEN 'NAO'::text
            ELSE 'sim'::text
        END AS tem_garantia,
    i.health,
    COALESCE(NULLIF(concat_ws(' | '::text,
        CASE
            WHEN (i.raw ->> 'video_id'::text) IS NULL THEN 'add video'::text
            ELSE NULL::text
        END,
        CASE
            WHEN jsonb_array_length(COALESCE(i.raw -> 'pictures'::text, '[]'::jsonb)) < 6 THEN ('subir p/ 6+ fotos (tem '::text || jsonb_array_length(COALESCE(i.raw -> 'pictures'::text, '[]'::jsonb))) || ')'::text
            ELSE NULL::text
        END,
        CASE
            WHEN (( SELECT count(*) AS count
               FROM jsonb_array_elements(COALESCE(i.raw -> 'attributes'::text, '[]'::jsonb)) a(value)
              WHERE (a.value ->> 'value_name'::text) IS NULL)) > 0 THEN 'preencher ficha tecnica'::text
            ELSE NULL::text
        END,
        CASE
            WHEN COALESCE(i.raw ->> 'warranty'::text, ''::text) = ''::text THEN 'add garantia'::text
            ELSE NULL::text
        END), ''::text), 'Cadastro completo'::text) AS sugestao
   FROM ml_item i
     LEFT JOIN v ON v.item_id = i.item_id
  WHERE i.status = 'active'::text
  ORDER BY (COALESCE(v.fat, 0::numeric)) DESC;","vw_cad_produtos"
"create or replace view public.vw_cad_resumo as
 SELECT item,
    qtd,
    sugestao
   FROM ( SELECT 1 AS ord,
            'Sem video'::text AS item,
            count(*) FILTER (WHERE (ml_item.raw ->> 'video_id'::text) IS NULL) AS qtd,
            'Adicionar video (aumenta conversao e ranking)'::text AS sugestao
           FROM ml_item
          WHERE ml_item.status = 'active'::text
        UNION ALL
         SELECT 2,
            'Menos de 6 fotos'::text,
            count(*) FILTER (WHERE jsonb_array_length(COALESCE(ml_item.raw -> 'pictures'::text, '[]'::jsonb)) < 6) AS count,
            'Completar para 6-8 fotos (angulos, rotulo, modo de uso, tabela)'::text
           FROM ml_item
          WHERE ml_item.status = 'active'::text
        UNION ALL
         SELECT 3,
            'Sem garantia'::text,
            count(*) FILTER (WHERE COALESCE(ml_item.raw ->> 'warranty'::text, ''::text) = ''::text) AS count,
            'Padronizar garantia'::text
           FROM ml_item
          WHERE ml_item.status = 'active'::text
        UNION ALL
         SELECT 4,
            'Ficha tecnica incompleta'::text,
            count(*) FILTER (WHERE (( SELECT count(*) AS count
                   FROM jsonb_array_elements(COALESCE(ml_item.raw -> 'attributes'::text, '[]'::jsonb)) a(value)
                  WHERE (a.value ->> 'value_name'::text) IS NULL)) > 0) AS count,
            'Preencher atributos vazios'::text
           FROM ml_item
          WHERE ml_item.status = 'active'::text
        UNION ALL
         SELECT 5,
            'Health abaixo de 0,8'::text,
            count(*) FILTER (WHERE ml_item.health < 0.8) AS count,
            'Priorizar cadastros de pior qualidade'::text
           FROM ml_item
          WHERE ml_item.status = 'active'::text) t
  ORDER BY ord;","vw_cad_resumo"
"create or replace view public.vw_cad_top as
 SELECT anuncio,
    unidades,
    fotos,
    atributos_vazios,
    tem_video,
    tem_garantia,
    health,
    sugestao
   FROM vw_cad_produtos
  WHERE sugestao <> 'Cadastro completo'::text
  ORDER BY unidades DESC
 LIMIT 30;","vw_cad_top"
"create or replace view public.vw_cliente_canais as
 SELECT cliente_chave,
    pedidos,
    canais,
    quais_canais,
    primeira_compra,
    ultima_compra,
    dias_entre_primeira_ultima,
    faturamento,
    ticket_medio,
    uf,
    perfil,
    alcance,
    sugestao
   FROM tab_cliente_canais;","vw_cliente_canais"
"create or replace view public.vw_cliente_cobertura as
 SELECT canal,
    count(*) AS pedidos,
    count(doc_hash) AS com_documento,
    round(100.0 * count(doc_hash)::numeric / count(*)::numeric, 1) AS pct_documento,
    count(email_hash) AS com_email,
    count(cliente_chave) AS com_chave,
    round(100.0 * count(cliente_chave)::numeric / count(*)::numeric, 1) AS pct_chave,
    count(*) - count(cliente_chave) AS sem_chave,
    min(data) AS de,
    max(data) AS ate,
        CASE
            WHEN count(cliente_chave) = count(*) THEN 'Cobertura total'::text
            ELSE ('Faltam '::text || ((count(*) - count(cliente_chave))::text)) || ' pedidos sem chave de cruzamento'::text
        END AS sugestao
   FROM fact_pedido_cliente
  GROUP BY canal;","vw_cliente_cobertura"
"create or replace view public.vw_cliente_consentimento_atual as
 SELECT DISTINCT ON (cliente_chave, canal) cliente_chave,
    canal,
    status,
    origem,
    ocorrido_em
   FROM cliente_consentimento
  ORDER BY cliente_chave, canal, ocorrido_em DESC, id DESC;","vw_cliente_consentimento_atual"
"create or replace view public.vw_cliente_cruzamento as
 SELECT canais,
    quais_canais,
    count(*) AS clientes,
    round(100.0 * count(*)::numeric / sum(count(*)) OVER (), 2) AS pct_clientes,
    sum(pedidos) AS pedidos,
    sum(faturamento) AS faturamento,
    round(100.0 * sum(faturamento) / sum(sum(faturamento)) OVER (), 2) AS pct_faturamento,
    round(avg(faturamento), 2) AS ltv_medio,
    round(sum(faturamento) / NULLIF(sum(pedidos), 0::numeric), 2) AS ticket_medio,
        CASE
            WHEN canais > 1 THEN 'Cliente multicanal: comunicar catalogo completo'::text
            ELSE 'Exclusivo do canal: espaco para cruzamento'::text
        END AS sugestao
   FROM tab_cliente_canais
  GROUP BY canais, quais_canais;","vw_cliente_cruzamento"
"create or replace view public.vw_cliente_frequencia as
 SELECT faixa,
    ordem,
    count(*) AS clientes,
    round(100.0 * count(*)::numeric / sum(count(*)) OVER (), 2) AS pct_clientes,
    sum(pedidos) AS pedidos,
    sum(faturamento) AS faturamento,
    round(100.0 * sum(faturamento) / sum(sum(faturamento)) OVER (), 2) AS pct_faturamento,
    round(avg(faturamento), 2) AS ltv_medio,
        CASE
            WHEN ordem = 1 THEN 'Compra unica: maior massa, foco em reativacao'::text
            WHEN ordem >= 4 THEN 'Alta frequencia: pouca gente, muita receita - proteger'::text
            ELSE 'Recompra inicial: empurrar para a terceira compra'::text
        END AS sugestao
   FROM ( SELECT tab_cliente_canais.faturamento,
            tab_cliente_canais.pedidos,
                CASE
                    WHEN tab_cliente_canais.pedidos = 1 THEN '1 pedido'::text
                    WHEN tab_cliente_canais.pedidos = 2 THEN '2 pedidos'::text
                    WHEN tab_cliente_canais.pedidos = 3 THEN '3 pedidos'::text
                    WHEN tab_cliente_canais.pedidos >= 4 AND tab_cliente_canais.pedidos <= 5 THEN '4 a 5 pedidos'::text
                    WHEN tab_cliente_canais.pedidos >= 6 AND tab_cliente_canais.pedidos <= 10 THEN '6 a 10 pedidos'::text
                    ELSE '11+ pedidos'::text
                END AS faixa,
                CASE
                    WHEN tab_cliente_canais.pedidos = 1 THEN 1
                    WHEN tab_cliente_canais.pedidos = 2 THEN 2
                    WHEN tab_cliente_canais.pedidos = 3 THEN 3
                    WHEN tab_cliente_canais.pedidos >= 4 AND tab_cliente_canais.pedidos <= 5 THEN 4
                    WHEN tab_cliente_canais.pedidos >= 6 AND tab_cliente_canais.pedidos <= 10 THEN 5
                    ELSE 6
                END AS ordem
           FROM tab_cliente_canais) x
  GROUP BY faixa, ordem;","vw_cliente_frequencia"
"create or replace view public.vw_cliente_kpis as
 SELECT count(*) AS clientes,
    sum(pedidos) AS pedidos,
    sum(faturamento) AS faturamento,
    round(avg(faturamento), 2) AS ltv_medio,
    round(sum(faturamento) / NULLIF(sum(pedidos), 0::numeric), 2) AS ticket_medio,
    count(*) FILTER (WHERE canais > 1) AS clientes_multicanal,
    round(100.0 * count(*) FILTER (WHERE canais > 1)::numeric / NULLIF(count(*), 0)::numeric, 2) AS pct_multicanal,
    count(*) FILTER (WHERE pedidos > 1) AS recompradores,
    round(100.0 * count(*) FILTER (WHERE pedidos > 1)::numeric / NULLIF(count(*), 0)::numeric, 2) AS pct_recompra,
    'Cada ponto de multicanal e receita incremental sem custo de aquisicao'::text AS sugestao
   FROM tab_cliente_canais;","vw_cliente_kpis"
"create or replace view public.vw_cliente_lista as
 SELECT cliente_id,
    pedidos,
    faturamento,
    ticket_medio,
    canais,
    quais_canais,
    primeira_compra,
    ultima_compra,
    dias_entre_primeira_ultima,
    uf,
    perfil,
    alcance,
    sugestao
   FROM tab_cliente_canais;","vw_cliente_lista"
"create or replace view public.vw_cliente_pedido_itens as
 SELECT d.cliente_id,
    i.canal,
    i.pedido_id,
    i.linha,
    i.data,
    i.produto,
    i.sku,
    i.item_id AS anuncio,
    i.categoria,
    i.quantidade,
    i.preco_unitario,
    i.valor_total,
    i.sale_fee AS comissao,
    round(i.valor_total - COALESCE(i.sale_fee, 0::numeric), 2) AS liquido,
        CASE
            WHEN i.valor_total > 0::numeric THEN round(100.0 * COALESCE(i.sale_fee, 0::numeric) / i.valor_total, 2)
            ELSE NULL::numeric
        END AS comissao_pct,
    i.listing_type_id AS tipo_anuncio,
    i.logistic_type AS logistica,
    'Item do pedido'::text AS sugestao
   FROM fact_pedido_item_cliente i
     JOIN fact_pedido_cliente f ON f.canal = i.canal AND f.pedido_id = i.pedido_id
     JOIN dim_cliente d ON d.cliente_chave = f.cliente_chave;","vw_cliente_pedido_itens"
"create or replace view public.vw_cliente_pedidos as
 SELECT d.cliente_id,
    f.canal,
    f.pedido_id,
    f.pedido_grupo_id,
    f.data,
    f.valor,
    f.frete,
    f.desconto,
    f.itens,
    f.status,
    f.pagamento_metodo,
    f.cidade,
    f.uf,
    'Pedido do cliente no canal indicado'::text AS sugestao
   FROM fact_pedido_cliente f
     JOIN dim_cliente d ON d.cliente_chave = f.cliente_chave
  WHERE f.cliente_chave IS NOT NULL;","vw_cliente_pedidos"
"create or replace view public.vw_cliente_produtos as
 SELECT d.cliente_id,
    i.canal,
    COALESCE(i.produto, '(sem descricao)'::text) AS produto,
    i.sku,
    i.item_id AS anuncio,
    count(DISTINCT i.pedido_id) AS pedidos,
    sum(i.quantidade) AS unidades,
    sum(i.valor_total) AS faturamento,
    round(avg(i.preco_unitario), 2) AS preco_medio,
    sum(i.sale_fee) AS comissao,
    round(sum(i.valor_total) - sum(COALESCE(i.sale_fee, 0::numeric)), 2) AS liquido,
    min(i.data) AS primeira_compra,
    max(i.data) AS ultima_compra,
    'Produto recorrente do cliente: base para oferta e reposicao'::text AS sugestao
   FROM fact_pedido_item_cliente i
     JOIN fact_pedido_cliente f ON f.canal = i.canal AND f.pedido_id = i.pedido_id
     JOIN dim_cliente d ON d.cliente_chave = f.cliente_chave
  GROUP BY d.cliente_id, i.canal, (COALESCE(i.produto, '(sem descricao)'::text)), i.sku, i.item_id;","vw_cliente_produtos"
"create or replace view public.vw_cliente_recompra_canal as
 SELECT quais_canais AS canal,
    count(*) AS clientes,
    count(*) FILTER (WHERE pedidos > 1) AS recompradores,
    round(100.0 * count(*) FILTER (WHERE pedidos > 1)::numeric / NULLIF(count(*), 0)::numeric, 2) AS pct_recompra,
    round(avg(pedidos), 2) AS pedidos_por_cliente,
    sum(faturamento) AS faturamento,
    round(avg(faturamento), 2) AS ltv_medio,
    round(sum(faturamento) / NULLIF(sum(pedidos), 0::numeric), 2) AS ticket_medio,
    round(avg(dias_entre_primeira_ultima), 0) AS dias_de_relacao,
    'Comparar LTV entre canais orienta onde investir aquisicao'::text AS sugestao
   FROM tab_cliente_canais
  WHERE canais = 1
  GROUP BY quais_canais;","vw_cliente_recompra_canal"
"create or replace view public.vw_cliente_serie_dia as
 SELECT data,
    canal,
    count(*) AS pedidos,
    count(DISTINCT cliente_chave) AS clientes,
    sum(COALESCE(valor, 0::numeric)) AS faturamento,
    round(sum(COALESCE(valor, 0::numeric)) / NULLIF(count(*), 0)::numeric, 2) AS ticket_medio,
    round(count(*)::numeric / NULLIF(count(DISTINCT cliente_chave), 0)::numeric, 2) AS pedidos_por_cliente,
    'Pedidos por cliente acima de 1 no dia indica recompra dentro do periodo'::text AS sugestao
   FROM fact_pedido_cliente
  WHERE data IS NOT NULL
  GROUP BY data, canal;","vw_cliente_serie_dia"
"create or replace view public.vw_cliente_uf as
 SELECT COALESCE(uf, '(sem UF)'::text) AS uf,
    count(*) AS clientes,
    sum(pedidos) AS pedidos,
    sum(faturamento) AS faturamento,
    round(avg(faturamento), 2) AS ltv_medio,
    count(*) FILTER (WHERE canais > 1) AS multicanal,
    round(100.0 * count(*)::numeric / sum(count(*)) OVER (), 2) AS pct_clientes,
    'Concentracao geografica orienta frete e midia regional'::text AS sugestao
   FROM tab_cliente_canais
  GROUP BY (COALESCE(uf, '(sem UF)'::text));","vw_cliente_uf"
"create or replace view public.vw_conteudo_etiqueta_atual as
 SELECT DISTINCT ON (canal, conteudo_id, dimensao) canal,
    conteudo_id,
    dimensao,
    valor,
    fonte,
    criado_em
   FROM conteudo_etiqueta
  ORDER BY canal, conteudo_id, dimensao, criado_em DESC, id DESC;","vw_conteudo_etiqueta_atual"
"create or replace view public.vw_crm_dia as
 SELECT data,
        CASE
            WHEN origem = ANY (ARRAY['whatsapp'::text, 'zoppy'::text]) THEN 'WhatsApp'::text
            ELSE 'E-mail'::text
        END AS bloco,
    origem,
    pedidos,
    total_pago AS receita,
    faturamento_liquido
   FROM vw_site_origem_dia
  WHERE origem = ANY (ARRAY['whatsapp'::text, 'zoppy'::text, 'rd station'::text, 'rdstation'::text, 'rdstation.a'::text, 'rdstation.m'::text, 'rdstation.e'::text, 'email'::text, 'soldiers-flow'::text, 'soldiers_flow'::text, 'shopify_email'::text, 'mailbiz'::text, 'npsmais'::text, 'gmail'::text, 'outlook.com'::text, 'uol'::text, 'hotmail.com'::text, 'yahoo'::text]);","vw_crm_dia"
"create or replace view public.vw_disp_criativos as
 WITH gm AS (
         SELECT vw_ml_display_campanha_dia.campaign_id,
                CASE
                    WHEN max(vw_ml_display_campanha_dia.goal) = ANY (ARRAY['awareness'::text, 'guaranteed'::text]) THEN 'Topo'::text
                    WHEN max(vw_ml_display_campanha_dia.goal) = 'consideration'::text THEN 'Meio'::text
                    WHEN max(vw_ml_display_campanha_dia.goal) = 'conversion'::text THEN 'Fundo'::text
                    ELSE 'Outro'::text
                END AS grupo
           FROM vw_ml_display_campanha_dia
          GROUP BY vw_ml_display_campanha_dia.campaign_id
        ), c AS (
         SELECT gm.grupo,
            cr.creative_name,
            sum(cr.investimento) AS invest,
            sum(cr.receita) AS receita,
            sum(cr.impressoes) AS impr,
            sum(cr.cliques) AS cliques,
            count(DISTINCT cr.line_item_id) AS n_pub
           FROM vw_ml_display_criativo_dia cr
             JOIN gm ON gm.campaign_id = cr.campaign_id
          WHERE cr.data >= ((now() AT TIME ZONE 'America/Sao_Paulo'::text)::date - 29)
          GROUP BY gm.grupo, cr.creative_name
        ), gavg AS (
         SELECT c_1.grupo,
            sum(c_1.cliques) / NULLIF(sum(c_1.impr), 0::numeric) AS ctr_grupo
           FROM c c_1
          GROUP BY c_1.grupo
        )
 SELECT grupo,
    ""left""(creative_name, 38) AS criativo,
    round(invest) AS invest,
    round(receita / NULLIF(invest, 0::numeric), 2) AS roas,
    round(100.0 * cliques::numeric / NULLIF(impr, 0::numeric), 3) AS ctr,
    round(invest / NULLIF(cliques, 0)::numeric, 2) AS cpc,
    impr AS impressoes,
    n_pub AS publicos,
        CASE
            WHEN impr < 1000::numeric THEN 'Em aprendizado (menos de 1.000 impressoes - nao decidir ainda)'::text
            WHEN grupo = 'Fundo'::text THEN
            CASE
                WHEN (receita / NULLIF(invest, 0::numeric)) >= 6::numeric THEN (('ESCALAR (ROAS '::text || round(receita / NULLIF(invest, 0::numeric), 2)) || ' > meta 6)'::text) ||
                CASE
                    WHEN n_pub <= 2 THEN ('; so roda em '::text || n_pub) || ' publico(s) -> TESTAR nos outros quentes'::text
                    ELSE ''::text
                END
                WHEN (receita / NULLIF(invest, 0::numeric)) < 3::numeric THEN ('REVER (ROAS '::text || round(receita / NULLIF(invest, 0::numeric), 2)) || '): checar se e o PUBLICO frio antes de culpar o criativo'::text
                ELSE ('Otimizar (ROAS '::text || round(receita / NULLIF(invest, 0::numeric), 2)) || ' < 6): testar em publico mais quente'::text
            END
            ELSE
            CASE
                WHEN creative_name ~* '320|300x'::text AND (100.0 * cliques::numeric / NULLIF(impr, 0::numeric)) < 0.15 THEN ('Formato 320x50 mata o CTR ('::text || round(100.0 * cliques::numeric / NULLIF(impr, 0::numeric), 2)) || '%): trocar pelo tamanho normal'::text
                WHEN (cliques::numeric / NULLIF(impr, 0::numeric)) >= (( SELECT g.ctr_grupo
                   FROM gavg g
                  WHERE g.grupo = c.grupo)) THEN ('ESCALAR: CTR '::text || round(100.0 * cliques::numeric / NULLIF(impr, 0::numeric), 2)) || '% acima da media do grupo (baixa o CPC)'::text
                ELSE ('CTR '::text || round(100.0 * cliques::numeric / NULLIF(impr, 0::numeric), 2)) || '% abaixo da media: testar nova copy/arte (mesmo angulo de beneficio)'::text
            END
        END AS sugestao
   FROM c
  ORDER BY c.invest DESC;","vw_disp_criativos"
"create or replace view public.vw_disp_criativos_top as
 SELECT grupo,
    criativo,
    invest,
    roas,
    ctr,
    cpc,
    impressoes,
    publicos,
    sugestao
   FROM vw_disp_criativos
  WHERE impressoes >= 1000::numeric
  ORDER BY invest DESC
 LIMIT 35;","vw_disp_criativos_top"
"create or replace view public.vw_disp_fadiga as
 WITH mx AS (
         SELECT max(vw_ml_display_line_item_dia.data) AS d
           FROM vw_ml_display_line_item_dia
        ), grp AS (
         SELECT vw_ml_display_campanha_lista.campaign_id,
                CASE
                    WHEN vw_ml_display_campanha_lista.goal = ANY (ARRAY['awareness'::text, 'guaranteed'::text]) THEN 'Topo'::text
                    WHEN vw_ml_display_campanha_lista.goal = 'consideration'::text THEN 'Meio'::text
                    WHEN vw_ml_display_campanha_lista.goal = 'conversion'::text THEN 'Fundo'::text
                    ELSE 'Outro'::text
                END AS grupo
           FROM vw_ml_display_campanha_lista
        ), base AS (
         SELECT li.line_item_id,
            max(li.line_item_name) AS line_item,
            max(li.campaign_name) AS campanha,
            COALESCE(max(g.grupo), 'Outro'::text) AS grupo,
            sum(li.impressoes) FILTER (WHERE li.data > (m.d - 7)) AS imp_a,
            sum(li.impressoes) FILTER (WHERE li.data <= (m.d - 7) AND li.data > (m.d - 14)) AS imp_b,
            sum(li.alcance) FILTER (WHERE li.data > (m.d - 7)) AS alc_a,
            sum(li.alcance) FILTER (WHERE li.data <= (m.d - 7) AND li.data > (m.d - 14)) AS alc_b,
            sum(li.investimento) FILTER (WHERE li.data > (m.d - 7)) AS inv_a,
            sum(li.investimento) FILTER (WHERE li.data <= (m.d - 7) AND li.data > (m.d - 14)) AS inv_b,
            sum(li.receita) FILTER (WHERE li.data > (m.d - 7)) AS rec_a,
            sum(li.receita) FILTER (WHERE li.data <= (m.d - 7) AND li.data > (m.d - 14)) AS rec_b
           FROM vw_ml_display_line_item_dia li
             CROSS JOIN mx m
             LEFT JOIN grp g ON g.campaign_id = li.campaign_id
          WHERE li.data > (m.d - 14)
          GROUP BY li.line_item_id
        ), c AS (
         SELECT base.grupo,
            base.line_item,
            base.campanha,
            round(base.inv_a, 0) AS invest_atual,
            round(base.imp_a, 0) AS impressoes_atual,
            round(base.alc_a::numeric, 0) AS alcance_atual,
            round(base.imp_a / NULLIF(base.alc_a, 0)::numeric, 2) AS freq_atual,
            round(base.imp_b / NULLIF(base.alc_b, 0)::numeric, 2) AS freq_ant,
            round(base.rec_a / NULLIF(base.inv_a, 0::numeric), 2) AS roas_atual,
            round(base.rec_b / NULLIF(base.inv_b, 0::numeric), 2) AS roas_ant
           FROM base
          WHERE base.inv_a > 0::numeric
        )
 SELECT grupo,
    line_item,
    campanha,
    invest_atual,
    impressoes_atual,
    alcance_atual,
    freq_atual,
    freq_ant,
    roas_atual,
    roas_ant,
        CASE
            WHEN freq_atual >= 3.5 AND freq_atual > freq_ant AND roas_atual < roas_ant THEN 'saturado'::text
            WHEN roas_atual < roas_ant AND freq_atual <= COALESCE(freq_ant, freq_atual) THEN 'regressao_amostra'::text
            WHEN freq_atual < 2.0 AND alcance_atual >= 500000::numeric THEN 'headroom'::text
            ELSE 'saudavel'::text
        END AS classificacao,
        CASE
            WHEN freq_atual >= 3.5 AND freq_atual > freq_ant AND roas_atual < roas_ant THEN 'Saturacao real: freq subindo e ROAS caindo - reduzir verba e RENOVAR criativo'::text
            WHEN roas_atual < roas_ant AND freq_atual <= COALESCE(freq_ant, freq_atual) THEN 'Regressao de amostra (ROAS caiu SEM freq subir) - aceitar nivel real, NAO renovar'::text
            WHEN freq_atual < 2.0 AND alcance_atual >= 500000::numeric THEN 'Headroom: publico grande e freq baixa - pode escalar verba'::text
            ELSE 'Saudavel'::text
        END AS sugestao
   FROM c
  ORDER BY invest_atual DESC NULLS LAST;","vw_disp_fadiga"
"create or replace view public.vw_disp_grupos as
 WITH gm AS (
         SELECT vw_ml_display_campanha_dia.campaign_id,
                CASE
                    WHEN max(vw_ml_display_campanha_dia.goal) = ANY (ARRAY['awareness'::text, 'guaranteed'::text]) THEN 'Topo'::text
                    WHEN max(vw_ml_display_campanha_dia.goal) = 'consideration'::text THEN 'Meio'::text
                    WHEN max(vw_ml_display_campanha_dia.goal) = 'conversion'::text THEN 'Fundo'::text
                    ELSE 'Outro'::text
                END AS grupo
           FROM vw_ml_display_campanha_dia
          GROUP BY vw_ml_display_campanha_dia.campaign_id
        ), d AS (
         SELECT gm.grupo,
            sum(cr.investimento) AS invest,
            sum(cr.receita) AS receita,
            sum(cr.impressoes) AS impr,
            sum(cr.cliques) AS cliques
           FROM vw_ml_display_criativo_dia cr
             JOIN gm ON gm.campaign_id = cr.campaign_id
          WHERE cr.data >= ((now() AT TIME ZONE 'America/Sao_Paulo'::text)::date - 29)
          GROUP BY gm.grupo
        ), tot AS (
         SELECT sum(d_1.invest) AS t
           FROM d d_1
        )
 SELECT array_position(ARRAY['Fundo'::text, 'Meio'::text, 'Topo'::text, 'Outro'::text], grupo) AS ord,
    grupo,
    round(invest) AS invest,
    round(100::numeric * invest / (( SELECT tot.t
           FROM tot)), 1) AS share_pct,
        CASE grupo
            WHEN 'Fundo'::text THEN 73
            WHEN 'Meio'::text THEN 18
            WHEN 'Topo'::text THEN 10
            ELSE NULL::integer
        END AS meta_share_pct,
    round(receita / NULLIF(invest, 0::numeric), 2) AS roas,
    round(100.0 * cliques::numeric / NULLIF(impr, 0::numeric), 3) AS ctr,
    round(invest / NULLIF(cliques, 0)::numeric, 2) AS cpc,
        CASE grupo
            WHEN 'Fundo'::text THEN 'ROAS (meta 6)'::text
            ELSE 'CTR para baixar CPC'::text
        END AS metrica_decisao,
        CASE grupo
            WHEN 'Fundo'::text THEN
            CASE
                WHEN (receita / NULLIF(invest, 0::numeric)) < 6::numeric THEN 'Abaixo da meta 6: limpar publicos frios (ROAS<1) e escalar combos vencedores nos quentes'::text
                ELSE 'Ok, proteger o motor'::text
            END
            WHEN 'Meio'::text THEN 'Decidir por CTR: trocar copy fraca por BENEFICIO (melhor CTR/CPC); CPC atual R$'::text || round(invest / NULLIF(cliques, 0)::numeric, 2)
            WHEN 'Topo'::text THEN ('CTR '::text || round(100.0 * cliques::numeric / NULLIF(impr, 0::numeric), 2)) || '%: cortar formato 320x50 e video (CTR ~0), usar tamanho normal pra dobrar o CTR'::text
            ELSE ''::text
        END AS sugestao
   FROM d
  ORDER BY (array_position(ARRAY['Fundo'::text, 'Meio'::text, 'Topo'::text, 'Outro'::text], grupo));","vw_disp_grupos"
"create or replace view public.vw_disp_momentum as
 WITH mx AS (
         SELECT max(vw_ml_display_line_item_dia.data) AS d
           FROM vw_ml_display_line_item_dia
        ), grp AS (
         SELECT vw_ml_display_campanha_lista.campaign_id,
                CASE
                    WHEN vw_ml_display_campanha_lista.goal = ANY (ARRAY['awareness'::text, 'guaranteed'::text]) THEN 'Topo'::text
                    WHEN vw_ml_display_campanha_lista.goal = 'consideration'::text THEN 'Meio'::text
                    WHEN vw_ml_display_campanha_lista.goal = 'conversion'::text THEN 'Fundo'::text
                    ELSE 'Outro'::text
                END AS grupo
           FROM vw_ml_display_campanha_lista
        ), base AS (
         SELECT li.line_item_id,
            max(li.line_item_name) AS line_item,
            max(li.campaign_name) AS campanha,
            COALESCE(max(g.grupo), 'Outro'::text) AS grupo,
            sum(li.investimento) FILTER (WHERE li.data > (m.d - 7)) AS inv_a,
            sum(li.investimento) FILTER (WHERE li.data <= (m.d - 7) AND li.data > (m.d - 14)) AS inv_b,
            sum(li.receita) FILTER (WHERE li.data > (m.d - 7)) AS rec_a,
            sum(li.receita) FILTER (WHERE li.data <= (m.d - 7) AND li.data > (m.d - 14)) AS rec_b,
            sum(li.impressoes) FILTER (WHERE li.data > (m.d - 7)) AS imp_a,
            sum(li.impressoes) FILTER (WHERE li.data <= (m.d - 7) AND li.data > (m.d - 14)) AS imp_b,
            sum(li.cliques) FILTER (WHERE li.data > (m.d - 7)) AS clk_a,
            sum(li.cliques) FILTER (WHERE li.data <= (m.d - 7) AND li.data > (m.d - 14)) AS clk_b,
            sum(li.alcance) FILTER (WHERE li.data > (m.d - 7)) AS alc_a
           FROM vw_ml_display_line_item_dia li
             CROSS JOIN mx m
             LEFT JOIN grp g ON g.campaign_id = li.campaign_id
          WHERE li.data > (m.d - 14)
          GROUP BY li.line_item_id
        ), c AS (
         SELECT base.grupo,
            base.line_item,
            base.campanha,
            round(base.inv_a, 0) AS invest_atual,
            round(base.inv_b, 0) AS invest_ant,
            round(100.0 * (base.inv_a - base.inv_b) / NULLIF(base.inv_b, 0::numeric), 0) AS invest_delta_pct,
            round(base.rec_a / NULLIF(base.inv_a, 0::numeric), 2) AS roas_atual,
            round(base.rec_b / NULLIF(base.inv_b, 0::numeric), 2) AS roas_ant,
            round(100.0 * base.clk_a::numeric / NULLIF(base.imp_a, 0::numeric), 2) AS ctr_atual,
            round(100.0 * base.clk_b::numeric / NULLIF(base.imp_b, 0::numeric), 2) AS ctr_ant,
            round(base.inv_a / NULLIF(base.clk_a, 0)::numeric, 2) AS cpc_atual,
            round(base.inv_b / NULLIF(base.clk_b, 0)::numeric, 2) AS cpc_ant,
            round(base.imp_a / NULLIF(base.alc_a, 0)::numeric, 2) AS freq_atual,
            base.imp_a AS impressoes_atual,
            base.inv_b AS invb,
                CASE
                    WHEN base.grupo = 'Fundo'::text THEN round(base.rec_a / NULLIF(base.inv_a, 0::numeric), 2)
                    ELSE round(100.0 * base.clk_a::numeric / NULLIF(base.imp_a, 0::numeric), 2)
                END AS ma,
                CASE
                    WHEN base.grupo = 'Fundo'::text THEN round(base.rec_b / NULLIF(base.inv_b, 0::numeric), 2)
                    ELSE round(100.0 * base.clk_b::numeric / NULLIF(base.imp_b, 0::numeric), 2)
                END AS mb
           FROM base
          WHERE base.inv_a > 0::numeric OR base.inv_b > 0::numeric
        ), d AS (
         SELECT c.grupo,
            c.line_item,
            c.campanha,
            c.invest_atual,
            c.invest_ant,
            c.invest_delta_pct,
            c.roas_atual,
            c.roas_ant,
            c.ctr_atual,
            c.ctr_ant,
            c.cpc_atual,
            c.cpc_ant,
            c.freq_atual,
            c.impressoes_atual,
            c.invb,
            c.ma,
            c.mb,
            round(100.0 * (c.ma - c.mb) / NULLIF(c.mb, 0::numeric), 0) AS metrica_delta_pct
           FROM c
        )
 SELECT grupo,
    line_item,
    campanha,
    invest_atual,
    invest_ant,
    invest_delta_pct,
    roas_atual,
    roas_ant,
    ctr_atual,
    ctr_ant,
    cpc_atual,
    cpc_ant,
    freq_atual,
    impressoes_atual,
        CASE
            WHEN grupo = 'Fundo'::text THEN 'ROAS'::text
            ELSE 'CTR'::text
        END AS metrica_decisao,
    metrica_delta_pct,
        CASE
            WHEN invb IS NULL OR invb = 0::numeric THEN
            CASE
                WHEN grupo = 'Fundo'::text AND roas_atual < 1::numeric THEN 'novo_frio'::text
                ELSE 'novo'::text
            END
            WHEN grupo = 'Fundo'::text AND roas_atual < (roas_ant * 0.7) AND impressoes_atual < 1000::numeric THEN 'regressao_amostra'::text
            WHEN invest_delta_pct > 15::numeric AND metrica_delta_pct < '-10'::integer::numeric THEN 'escalando_em_queda'::text
            WHEN freq_atual >= 3.5 AND metrica_delta_pct < 0::numeric THEN 'saturando'::text
            WHEN metrica_delta_pct > 10::numeric THEN 'recuperando'::text
            ELSE 'estavel'::text
        END AS flag,
        CASE
            WHEN invb IS NULL OR invb = 0::numeric THEN 'Verba nova nesta LINE - avaliar so apos >=1k impressoes; se Fundo e ROAS<1, cortar cedo'::text
            WHEN grupo = 'Fundo'::text AND roas_atual < (roas_ant * 0.7) AND impressoes_atual < 1000::numeric THEN 'Queda de ROAS em base pequena = regressao de amostra, nao saturacao; aceitar nivel real, nao renovar'::text
            WHEN invest_delta_pct > 15::numeric AND metrica_delta_pct < '-10'::integer::numeric THEN 'Escalando com metrica caindo - segurar verba ate estabilizar; so escalar LINE com metrica estavel >=7 dias'::text
            WHEN freq_atual >= 3.5 AND metrica_delta_pct < 0::numeric THEN 'Frequencia alta e metrica caindo = saturacao real; reduzir verba e renovar criativo'::text
            WHEN metrica_delta_pct > 10::numeric THEN 'Recuperando - manter e observar; candidata a escalar se sustentar'::text
            ELSE 'Estavel'::text
        END AS sugestao
   FROM d
  ORDER BY invest_atual DESC NULLS LAST;","vw_disp_momentum"
"create or replace view public.vw_disp_momentum_grupo as
 WITH mx AS (
         SELECT max(vw_ml_display_campanha_dia.data) AS d
           FROM vw_ml_display_campanha_dia
        ), b AS (
         SELECT
                CASE
                    WHEN vw_ml_display_campanha_dia.goal = ANY (ARRAY['awareness'::text, 'guaranteed'::text]) THEN 'Topo'::text
                    WHEN vw_ml_display_campanha_dia.goal = 'consideration'::text THEN 'Meio'::text
                    WHEN vw_ml_display_campanha_dia.goal = 'conversion'::text THEN 'Fundo'::text
                    ELSE 'Outro'::text
                END AS grupo,
            sum(vw_ml_display_campanha_dia.investimento) FILTER (WHERE vw_ml_display_campanha_dia.data > (m.d - 7)) AS inv_a,
            sum(vw_ml_display_campanha_dia.investimento) FILTER (WHERE vw_ml_display_campanha_dia.data <= (m.d - 7) AND vw_ml_display_campanha_dia.data > (m.d - 14)) AS inv_b,
            sum(vw_ml_display_campanha_dia.receita) FILTER (WHERE vw_ml_display_campanha_dia.data > (m.d - 7)) AS rec_a,
            sum(vw_ml_display_campanha_dia.receita) FILTER (WHERE vw_ml_display_campanha_dia.data <= (m.d - 7) AND vw_ml_display_campanha_dia.data > (m.d - 14)) AS rec_b,
            sum(vw_ml_display_campanha_dia.impressoes) FILTER (WHERE vw_ml_display_campanha_dia.data > (m.d - 7)) AS imp_a,
            sum(vw_ml_display_campanha_dia.impressoes) FILTER (WHERE vw_ml_display_campanha_dia.data <= (m.d - 7) AND vw_ml_display_campanha_dia.data > (m.d - 14)) AS imp_b,
            sum(vw_ml_display_campanha_dia.cliques) FILTER (WHERE vw_ml_display_campanha_dia.data > (m.d - 7)) AS clk_a,
            sum(vw_ml_display_campanha_dia.cliques) FILTER (WHERE vw_ml_display_campanha_dia.data <= (m.d - 7) AND vw_ml_display_campanha_dia.data > (m.d - 14)) AS clk_b
           FROM vw_ml_display_campanha_dia
             CROSS JOIN mx m
          WHERE vw_ml_display_campanha_dia.data > (m.d - 14)
          GROUP BY (
                CASE
                    WHEN vw_ml_display_campanha_dia.goal = ANY (ARRAY['awareness'::text, 'guaranteed'::text]) THEN 'Topo'::text
                    WHEN vw_ml_display_campanha_dia.goal = 'consideration'::text THEN 'Meio'::text
                    WHEN vw_ml_display_campanha_dia.goal = 'conversion'::text THEN 'Fundo'::text
                    ELSE 'Outro'::text
                END)
        ), tot AS (
         SELECT sum(b_1.inv_a) AS ta,
            sum(b_1.inv_b) AS tb
           FROM b b_1
        )
 SELECT b.grupo,
    round(b.inv_a, 0) AS invest_atual,
    round(b.inv_b, 0) AS invest_ant,
    round(100.0 * b.inv_a / NULLIF(t.ta, 0::numeric), 1) AS share_atual_pct,
    round(100.0 * b.inv_b / NULLIF(t.tb, 0::numeric), 1) AS share_ant_pct,
        CASE b.grupo
            WHEN 'Fundo'::text THEN 73.0
            WHEN 'Meio'::text THEN 18.0
            WHEN 'Topo'::text THEN 10.0
            ELSE NULL::numeric
        END AS meta_share_pct,
    round(b.rec_a / NULLIF(b.inv_a, 0::numeric), 2) AS roas_atual,
    round(b.rec_b / NULLIF(b.inv_b, 0::numeric), 2) AS roas_ant,
        CASE b.grupo
            WHEN 'Fundo'::text THEN 6.0
            WHEN 'Meio'::text THEN 2.0
            WHEN 'Topo'::text THEN 1.0
            ELSE NULL::numeric
        END AS meta_roas,
    round(100.0 * b.clk_a::numeric / NULLIF(b.imp_a, 0::numeric), 2) AS ctr_atual,
    round(100.0 * b.clk_b::numeric / NULLIF(b.imp_b, 0::numeric), 2) AS ctr_ant,
    round(b.rec_a, 0) AS receita_atual,
        CASE b.grupo
            WHEN 'Fundo'::text THEN 'Decide por ROAS (meta 6)'::text
            ELSE 'Decide por CTR/CPC'::text
        END AS metrica_decisao,
        CASE b.grupo
            WHEN 'Fundo'::text THEN 'Fundo: decisao por ROAS (meta 6). Comparar roas_atual vs anterior e share vs 73%; descontar view-through 14d'::text
            WHEN 'Meio'::text THEN 'Meio: decisao por CTR/CPC (subir CTR baixa CPC). Share meta 18%'::text
            WHEN 'Topo'::text THEN 'Topo: decisao por CTR/CPC. Share meta 10%; formato 320x50 mata CTR'::text
            ELSE 'Grupo sem objetivo mapeado'::text
        END AS sugestao
   FROM b
     CROSS JOIN tot t
  ORDER BY b.inv_a DESC NULLS LAST;","vw_disp_momentum_grupo"
"create or replace view public.vw_disp_publicos as
 WITH class AS (
         SELECT vw_ml_display_criativo_dia.line_item_name AS pub,
                CASE
                    WHEN vw_ml_display_criativo_dia.line_item_name ~* 'abandono|compraram|retarget|visitant|interacao|lojaofc|_com$|_comp'::text THEN 'quente'::text
                    WHEN vw_ml_display_criativo_dia.line_item_name ~* 'concorrent|afinidade|busca|inmarket|prosp|geral|catalago|catalogo'::text THEN 'frio'::text
                    ELSE 'misto'::text
                END AS temp,
            sum(vw_ml_display_criativo_dia.investimento) AS invest,
            sum(vw_ml_display_criativo_dia.receita) AS receita,
            sum(vw_ml_display_criativo_dia.cliques) AS cliques,
            sum(vw_ml_display_criativo_dia.impressoes) AS impr
           FROM vw_ml_display_criativo_dia
          WHERE vw_ml_display_criativo_dia.data >= ((now() AT TIME ZONE 'America/Sao_Paulo'::text)::date - 29)
          GROUP BY vw_ml_display_criativo_dia.line_item_name
        )
 SELECT ""left""(pub, 34) AS publico,
    temp AS temperatura,
    round(invest) AS invest,
    round(receita / NULLIF(invest, 0::numeric), 2) AS roas,
    round(100.0 * cliques::numeric / NULLIF(impr, 0::numeric), 3) AS ctr,
        CASE
            WHEN (receita / NULLIF(invest, 0::numeric)) < 1::numeric AND invest > 500::numeric THEN (((('CORTAR/realocar: '::text || temp) || ' queimando R$'::text) || round(invest)) || ' a ROAS '::text) || round(receita / NULLIF(invest, 0::numeric), 2)
            WHEN temp = 'quente'::text AND (receita / NULLIF(invest, 0::numeric)) >= 5::numeric AND invest < 10000::numeric THEN ((('ESCALAR: quente a ROAS '::text || round(receita / NULLIF(invest, 0::numeric), 2)) || ' subfinanciado (so R$'::text) || round(invest)) || ')'::text
            WHEN temp = 'quente'::text AND (receita / NULLIF(invest, 0::numeric)) >= 5::numeric THEN 'Motor: manter e vigiar frequencia (nao estourar)'::text
            WHEN (receita / NULLIF(invest, 0::numeric)) >= 1::numeric AND (receita / NULLIF(invest, 0::numeric)) <= 3::numeric THEN ('Fraco (ROAS '::text || round(receita / NULLIF(invest, 0::numeric), 2)) || '): testar so criativos vencedores aqui antes de cortar'::text
            ELSE 'Monitorar'::text
        END AS sugestao
   FROM class
  WHERE invest > 200::numeric
  ORDER BY (round(invest)) DESC;","vw_disp_publicos"
"create or replace view public.vw_disp_temas as
 WITH t AS (
         SELECT
                CASE
                    WHEN vw_ml_display_criativo_dia.creative_name ~* 'off|oferta'::text THEN 'Oferta/Desconto'::text
                    WHEN vw_ml_display_criativo_dia.creative_name ~* 'cat├ílogo|catalogo'::text THEN 'Catalogo'::text
                    WHEN vw_ml_display_criativo_dia.creative_name ~* 'faz_mais|ganha_mais|vale_cada|quem_exige'::text THEN 'Beneficio (creatina)'::text
                    WHEN vw_ml_display_criativo_dia.creative_name ~* 'semtextoimg|semtexto'::text THEN 'Clean (sem texto)'::text
                    WHEN vw_ml_display_criativo_dia.creative_name ~* 'evolution'::text THEN 'Sabor (Evolution)'::text
                    WHEN vw_ml_display_criativo_dia.creative_name ~* 'soldiers nutrition'::text THEN 'Marca'::text
                    WHEN vw_ml_display_criativo_dia.creative_name ~* '6s|ponei|cantarelli|_video'::text THEN 'Video'::text
                    ELSE 'Outro'::text
                END AS tema,
            sum(vw_ml_display_criativo_dia.investimento) AS invest,
            sum(vw_ml_display_criativo_dia.receita) AS receita,
            sum(vw_ml_display_criativo_dia.cliques) AS cliques,
            sum(vw_ml_display_criativo_dia.impressoes) AS impr
           FROM vw_ml_display_criativo_dia
          WHERE vw_ml_display_criativo_dia.data >= ((now() AT TIME ZONE 'America/Sao_Paulo'::text)::date - 29)
          GROUP BY (
                CASE
                    WHEN vw_ml_display_criativo_dia.creative_name ~* 'off|oferta'::text THEN 'Oferta/Desconto'::text
                    WHEN vw_ml_display_criativo_dia.creative_name ~* 'cat├ílogo|catalogo'::text THEN 'Catalogo'::text
                    WHEN vw_ml_display_criativo_dia.creative_name ~* 'faz_mais|ganha_mais|vale_cada|quem_exige'::text THEN 'Beneficio (creatina)'::text
                    WHEN vw_ml_display_criativo_dia.creative_name ~* 'semtextoimg|semtexto'::text THEN 'Clean (sem texto)'::text
                    WHEN vw_ml_display_criativo_dia.creative_name ~* 'evolution'::text THEN 'Sabor (Evolution)'::text
                    WHEN vw_ml_display_criativo_dia.creative_name ~* 'soldiers nutrition'::text THEN 'Marca'::text
                    WHEN vw_ml_display_criativo_dia.creative_name ~* '6s|ponei|cantarelli|_video'::text THEN 'Video'::text
                    ELSE 'Outro'::text
                END)
        )
 SELECT tema,
    round(invest) AS invest,
    round(receita / NULLIF(invest, 0::numeric), 2) AS roas,
    round(100.0 * cliques::numeric / NULLIF(impr, 0::numeric), 3) AS ctr,
        CASE tema
            WHEN 'Beneficio (creatina)'::text THEN ('MELHOR copy (ROAS '::text || round(receita / NULLIF(invest, 0::numeric), 2)) || '): replicar o angulo de beneficio para WHEY e PRE-TREINO'::text
            WHEN 'Oferta/Desconto'::text THEN 'Alto CTR, otimo pra atrair: manter e levar aos publicos quentes'::text
            WHEN 'Catalogo'::text THEN 'Bom ROAS mas roda em poucos publicos: expandir pros quentes'::text
            WHEN 'Sabor (Evolution)'::text THEN 'So performa em publico quente (despenca no frio): restringir ao remarketing'::text
            WHEN 'Video'::text THEN 'ROAS ~0: cortar (nao converte no Display)'::text
            WHEN 'Marca'::text THEN 'Branding de baixo retorno: reduzir verba'::text
            ELSE 'Avaliar'::text
        END AS sugestao
   FROM t
  ORDER BY (round(invest)) DESC;","vw_disp_temas"
"create or replace view public.vw_est_excedente as
 SELECT title AS produto,
    seller_sku AS sku,
    full_disponivel AS disponivel,
    round(cobertura_dias) AS cobertura_dias,
    vendas_21d,
    ('Segurar reposicao (excedente, cobertura '::text || round(cobertura_dias)) || 'd)'::text AS sugestao
   FROM dim_ml_produto
  WHERE alerta = 'excedente'::text
  ORDER BY vendas_21d DESC NULLS LAST;","vw_est_excedente"
"create or replace view public.vw_est_fora_full as
 SELECT title AS produto,
    seller_sku AS sku,
    round(media_diaria, 1) AS vende_dia,
    enviar_30d,
    vendas_21d,
    ((('Avaliar enviar ao Full: '::text || COALESCE(enviar_30d, 0)) || ' un (vende '::text) || round(media_diaria, 1)) || '/dia)'::text AS sugestao
   FROM dim_ml_produto
  WHERE alerta = 'fora_do_full'::text AND vendas_21d > 0
  ORDER BY vendas_21d DESC NULLS LAST;","vw_est_fora_full"
"create or replace view public.vw_est_reposicao as
 SELECT title AS produto,
    seller_sku AS sku,
    alerta,
    full_disponivel AS disponivel,
    full_em_transferencia AS em_transito,
    round(cobertura_dias, 1) AS cobertura_dias,
    round(media_diaria, 1) AS vende_dia,
    enviar_30d,
    vendas_21d,
        CASE alerta
            WHEN 'rupturado'::text THEN ('URGENTE: repor '::text || enviar_30d) || ' un (ZERADO)'::text
            WHEN 'critico'::text THEN ((('URGENTE: repor '::text || enviar_30d) || ' un (rompe em '::text) || round(cobertura_dias, 1)) || 'd)'::text
            WHEN 'atencao'::text THEN ((('Programar '::text || enviar_30d) || ' un (cobertura '::text) || round(cobertura_dias, 1)) || 'd)'::text
            WHEN 'abaixo_30d'::text THEN ('Repor '::text || enviar_30d) || ' un para 30 dias'::text
            ELSE ('Repor '::text || enviar_30d) || ' un'::text
        END AS sugestao
   FROM dim_ml_produto
  WHERE (alerta = ANY (ARRAY['rupturado'::text, 'critico'::text, 'atencao'::text, 'abaixo_30d'::text])) AND COALESCE(enviar_30d, 0) > 0
  ORDER BY vendas_21d DESC NULLS LAST;","vw_est_reposicao"
"create or replace view public.vw_est_resumo as
 SELECT array_position(ARRAY['rupturado'::text, 'critico'::text, 'atencao'::text, 'fora_do_full'::text, 'abaixo_30d'::text, 'ok'::text, 'excedente'::text, 'sem_venda'::text], alerta) AS ord,
    alerta,
    count(*) AS produtos,
    COALESCE(sum(vendas_21d), 0::bigint) AS vendas_21d,
    COALESCE(sum(enviar_30d), 0::bigint) AS total_enviar,
        CASE alerta
            WHEN 'rupturado'::text THEN 'Repor imediatamente (produtos zerados)'::text
            WHEN 'critico'::text THEN 'Enviar HOJE (cobertura < 7 dias)'::text
            WHEN 'atencao'::text THEN 'Programar reposicao (cobertura 7-15 dias)'::text
            WHEN 'fora_do_full'::text THEN 'Avaliar enviar ao Full (vende e nao esta la)'::text
            WHEN 'abaixo_30d'::text THEN 'Repor para cobrir 30 dias'::text
            WHEN 'excedente'::text THEN 'Segurar reposicao (baixo giro)'::text
            WHEN 'sem_venda'::text THEN 'Revisar anuncio/preco (sem venda)'::text
            ELSE 'Saudavel'::text
        END AS sugestao
   FROM dim_ml_produto
  GROUP BY alerta;","vw_est_resumo"
"create or replace view public.vw_gads_anuncios as
 WITH a AS (
         SELECT vw_google_anuncio_dia.ad_id,
            max(vw_google_anuncio_dia.ad_name) AS nome,
            max(vw_google_anuncio_dia.campaign_name) AS camp,
            max(vw_google_anuncio_dia.ad_type) AS tipo_anuncio,
            max(vw_google_anuncio_dia.ad_strength) AS forca,
            sum(vw_google_anuncio_dia.gasto) AS invest,
            sum(vw_google_anuncio_dia.receita) AS receita,
            sum(vw_google_anuncio_dia.conversoes) AS conv,
            sum(vw_google_anuncio_dia.cliques) AS cli,
            sum(vw_google_anuncio_dia.impressoes) AS imp
           FROM vw_google_anuncio_dia
          WHERE vw_google_anuncio_dia.data >= ((now() AT TIME ZONE 'America/Sao_Paulo'::text)::date - 29)
          GROUP BY vw_google_anuncio_dia.ad_id
        )
 SELECT nome AS anuncio,
    camp AS campanha,
    tipo_anuncio,
    forca AS ad_strength,
    round(invest) AS invest,
    round(receita) AS receita,
    round(receita / NULLIF(invest, 0::numeric), 2) AS roas,
    round(100.0 * cli / NULLIF(imp, 0::numeric), 2) AS ctr_pct,
        CASE
            WHEN forca = ANY (ARRAY['POOR'::text, 'AVERAGE'::text]) THEN 'Forca fraca - adicionar/melhorar titulos e descricoes'::text
            WHEN (receita / NULLIF(invest, 0::numeric)) < 7::numeric AND conv > 0::numeric THEN 'ROAS abaixo de 7 - revisar'::text
            ELSE 'Ok'::text
        END AS sugestao
   FROM a
  WHERE invest > 0::numeric
  ORDER BY (round(invest)) DESC;","vw_gads_anuncios"
"create or replace view public.vw_gads_assets as
 SELECT campaign_name AS campanha,
    ad_group_name AS grupo,
    asset_tipo AS tipo_asset,
    performance_label AS desempenho,
    posicao,
    ""left""(COALESCE(texto, ''::text), 60) AS texto,
        CASE
            WHEN performance_label = 'LOW'::text THEN 'Asset LOW - substituir por variacao melhor'::text
            WHEN performance_label = ANY (ARRAY['LEARNING'::text, 'UNKNOWN'::text]) THEN 'Em aprendizado'::text
            ELSE performance_label
        END AS sugestao
   FROM vw_google_anuncio_asset
  WHERE texto IS NOT NULL
  ORDER BY (performance_label = 'LOW'::text) DESC, campaign_name;","vw_gads_assets"
"create or replace view public.vw_gads_campanhas as
 WITH base AS (
         SELECT vw_google_campanha_dia.campaign_name,
            vw_google_campanha_dia.tipo,
            sum(vw_google_campanha_dia.gasto) AS invest,
            sum(vw_google_campanha_dia.receita) AS receita,
            sum(vw_google_campanha_dia.conversoes) AS conv,
            sum(vw_google_campanha_dia.cliques) AS cli,
            sum(vw_google_campanha_dia.impressoes) AS imp
           FROM vw_google_campanha_dia
          WHERE vw_google_campanha_dia.data >= ((now() AT TIME ZONE 'America/Sao_Paulo'::text)::date - 29)
          GROUP BY vw_google_campanha_dia.campaign_name, vw_google_campanha_dia.tipo
        )
 SELECT campaign_name AS campanha,
    tipo,
    round(invest) AS invest,
    round(receita) AS receita,
    round(receita / NULLIF(invest, 0::numeric), 2) AS roas,
    round(conv) AS conversoes,
    round(100.0 * cli / NULLIF(imp, 0::numeric), 2) AS ctr_pct
   FROM base
  WHERE invest > 0::numeric
  ORDER BY (round(invest)) DESC;","vw_gads_campanhas"
"create or replace view public.vw_gads_grupos as
 WITH base AS (
         SELECT vw_google_grupo_dia.ad_group_name,
            max(vw_google_grupo_dia.campaign_name) AS camp,
            max(vw_google_grupo_dia.tipo) AS tipo,
            sum(vw_google_grupo_dia.gasto) AS invest,
            sum(vw_google_grupo_dia.receita) AS receita,
            sum(vw_google_grupo_dia.conversoes) AS conv,
            sum(vw_google_grupo_dia.cliques) AS cli,
            sum(vw_google_grupo_dia.impressoes) AS imp
           FROM vw_google_grupo_dia
          WHERE vw_google_grupo_dia.data >= ((now() AT TIME ZONE 'America/Sao_Paulo'::text)::date - 29)
          GROUP BY vw_google_grupo_dia.ad_group_name
        )
 SELECT ad_group_name AS grupo,
    camp AS campanha,
    tipo,
    round(invest) AS invest,
    round(receita) AS receita,
    round(receita / NULLIF(invest, 0::numeric), 2) AS roas,
    round(conv) AS conversoes,
    round(100.0 * cli / NULLIF(imp, 0::numeric), 2) AS ctr_pct,
        CASE
            WHEN (receita / NULLIF(invest, 0::numeric)) >= 7::numeric THEN 'Bom - escalar'::text
            WHEN conv = 0::numeric AND cli > 30::numeric THEN 'Sem conversao - revisar'::text
            ELSE 'ROAS<7 - otimizar'::text
        END AS sugestao
   FROM base
  WHERE invest > 0::numeric
  ORDER BY (round(invest)) DESC;","vw_gads_grupos"
"create or replace view public.vw_gads_impression_share as
 WITH base AS (
         SELECT vw_google_campanha_dia.campaign_name,
            vw_google_campanha_dia.tipo,
            sum(vw_google_campanha_dia.gasto) AS invest,
            sum(vw_google_campanha_dia.receita) AS receita,
            avg(vw_google_campanha_dia.fatia_impressao) AS fi,
            avg(vw_google_campanha_dia.fatia_perdida_orcamento) AS fpo,
            avg(vw_google_campanha_dia.fatia_perdida_rank) AS fpr
           FROM vw_google_campanha_dia
          WHERE vw_google_campanha_dia.data >= ((now() AT TIME ZONE 'America/Sao_Paulo'::text)::date - 29)
          GROUP BY vw_google_campanha_dia.campaign_name, vw_google_campanha_dia.tipo
        )
 SELECT campaign_name AS campanha,
    tipo,
    round(invest) AS invest,
    round(receita / NULLIF(invest, 0::numeric), 2) AS roas,
    round(100.0 * fi, 1) AS impression_share_pct,
    round(100.0 * fpo, 1) AS perde_orcamento_pct,
    round(100.0 * fpr, 1) AS perde_rank_pct,
        CASE
            WHEN fpo > 0.05 THEN 'Perde por ORCAMENTO - subir verba SE ROAS bom'::text
            WHEN fpr > 0.3 THEN 'Perde por RANK - melhorar lance/qualidade/listagem (verba nao resolve)'::text
            ELSE 'Impression share saudavel'::text
        END AS sugestao
   FROM base
  WHERE invest > 0::numeric
  ORDER BY (round(invest)) DESC;","vw_gads_impression_share"
"create or replace view public.vw_gads_keywords as
 WITH base AS (
         SELECT vw_google_keyword_dia.keyword_text,
            vw_google_keyword_dia.match_type,
            max(vw_google_keyword_dia.campaign_name) AS camp,
            avg(vw_google_keyword_dia.quality_score) AS qs,
            sum(vw_google_keyword_dia.gasto) AS invest,
            sum(vw_google_keyword_dia.receita) AS receita,
            sum(vw_google_keyword_dia.conversoes) AS conv,
            sum(vw_google_keyword_dia.cliques) AS cli,
            sum(vw_google_keyword_dia.impressoes) AS imp
           FROM vw_google_keyword_dia
          WHERE vw_google_keyword_dia.data >= ((now() AT TIME ZONE 'America/Sao_Paulo'::text)::date - 29)
          GROUP BY vw_google_keyword_dia.keyword_text, vw_google_keyword_dia.match_type
        )
 SELECT keyword_text AS keyword,
    match_type,
    camp AS campanha,
    round(qs, 1) AS quality_score,
    round(invest) AS invest,
    round(receita) AS receita,
    round(receita / NULLIF(invest, 0::numeric), 2) AS roas,
    round(conv) AS conversoes,
    round(100.0 * cli / NULLIF(imp, 0::numeric), 2) AS ctr_pct,
        CASE
            WHEN qs IS NOT NULL AND qs < 5::numeric THEN 'Quality score baixo - melhorar relevancia/pagina/CTR'::text
            WHEN conv = 0::numeric AND cli > 30::numeric THEN ('Sem conversao com '::text || cli) || ' cliques - revisar/negativar'::text
            WHEN (receita / NULLIF(invest, 0::numeric)) < 7::numeric AND conv > 0::numeric THEN 'ROAS abaixo de 7 - ajustar lance'::text
            ELSE 'Ok'::text
        END AS sugestao
   FROM base
  WHERE invest > 0::numeric
  ORDER BY (round(invest)) DESC;","vw_gads_keywords"
"create or replace view public.vw_gads_keywords_top as
 SELECT keyword,
    match_type,
    campanha,
    quality_score,
    invest,
    receita,
    roas,
    conversoes,
    ctr_pct,
    sugestao
   FROM vw_gads_keywords
  ORDER BY invest DESC
 LIMIT 40;","vw_gads_keywords_top"
"create or replace view public.vw_gads_pmax_assets as
 SELECT campaign_name AS campanha,
    asset_group_name AS grupo_asset,
    field_type,
    asset_type AS tipo,
    performance_label AS desempenho,
    ""left""(COALESCE(texto, ''::text), 60) AS texto,
        CASE
            WHEN performance_label = 'LOW'::text THEN 'PMax asset LOW - substituir'::text
            WHEN performance_label = ANY (ARRAY['LEARNING'::text, 'UNKNOWN'::text]) THEN 'Em aprendizado'::text
            ELSE COALESCE(performance_label, 'sem label'::text)
        END AS sugestao
   FROM vw_google_pmax_asset
  ORDER BY (performance_label = 'LOW'::text) DESC, campaign_name;","vw_gads_pmax_assets"
"create or replace view public.vw_gads_produtos as
 WITH base AS (
         SELECT _src_google_produto_dia.product_item_id,
            max(_src_google_produto_dia.product_title) AS titulo,
            max(_src_google_produto_dia.brand) AS marca,
            sum(_src_google_produto_dia.gasto) AS invest,
            sum(_src_google_produto_dia.receita) AS receita,
            sum(_src_google_produto_dia.conversoes) AS conv,
            sum(_src_google_produto_dia.cliques) AS cli,
            sum(_src_google_produto_dia.impressoes) AS imp
           FROM _src_google_produto_dia
          WHERE _src_google_produto_dia.data >= ((now() AT TIME ZONE 'America/Sao_Paulo'::text)::date - 29)
          GROUP BY _src_google_produto_dia.product_item_id
        )
 SELECT COALESCE(titulo, product_item_id) AS produto,
    marca,
    round(invest) AS invest,
    round(receita) AS receita,
    round(receita / NULLIF(invest, 0::numeric), 2) AS roas,
    round(conv) AS conversoes,
    round(100.0 * cli / NULLIF(imp, 0::numeric), 2) AS ctr_pct,
        CASE
            WHEN (receita / NULLIF(invest, 0::numeric)) >= 7::numeric THEN 'Vencedor - escalar/subir lance'::text
            WHEN conv = 0::numeric AND cli > 30::numeric THEN ('Sem conversao com '::text || cli) || ' cliques - revisar/negativar'::text
            ELSE 'ROAS abaixo de 7 - otimizar listagem/preco/lance'::text
        END AS sugestao
   FROM base
  WHERE invest > 0::numeric
  ORDER BY (round(invest)) DESC;","vw_gads_produtos"
"create or replace view public.vw_gads_termos_graduar as
 WITH t AS (
         SELECT lower(TRIM(BOTH FROM _src_google_termo_dia.search_term)) AS termo,
            max(_src_google_termo_dia.search_term) AS orig,
            max(_src_google_termo_dia.campaign_name) AS camp,
            sum(_src_google_termo_dia.gasto) AS invest,
            sum(_src_google_termo_dia.receita) AS receita,
            sum(_src_google_termo_dia.conversoes) AS conv,
            sum(_src_google_termo_dia.cliques) AS cli
           FROM _src_google_termo_dia
          WHERE _src_google_termo_dia.data >= ((now() AT TIME ZONE 'America/Sao_Paulo'::text)::date - 29)
          GROUP BY (lower(TRIM(BOTH FROM _src_google_termo_dia.search_term)))
        ), kw AS (
         SELECT DISTINCT lower(TRIM(BOTH FROM vw_google_keyword_dia.keyword_text)) AS k
           FROM vw_google_keyword_dia
        )
 SELECT orig AS termo,
    camp AS campanha,
    round(conv) AS conversoes,
    round(receita) AS receita,
    round(invest) AS invest,
    round(receita / NULLIF(invest, 0::numeric), 2) AS roas,
    cli AS cliques,
    'Adicionar como keyword (converte e nao e keyword ainda)'::text AS sugestao
   FROM t
  WHERE conv >= 2::numeric AND NOT (EXISTS ( SELECT 1
           FROM kw
          WHERE kw.k = t.termo))
  ORDER BY t.receita DESC;","vw_gads_termos_graduar"
"create or replace view public.vw_gads_termos_negativar as
 WITH t AS (
         SELECT lower(TRIM(BOTH FROM _src_google_termo_dia.search_term)) AS termo,
            max(_src_google_termo_dia.search_term) AS orig,
            max(_src_google_termo_dia.campaign_name) AS camp,
            sum(_src_google_termo_dia.gasto) AS invest,
            sum(_src_google_termo_dia.cliques) AS cli,
            sum(_src_google_termo_dia.conversoes) AS conv
           FROM _src_google_termo_dia
          WHERE _src_google_termo_dia.data >= ((now() AT TIME ZONE 'America/Sao_Paulo'::text)::date - 29)
          GROUP BY (lower(TRIM(BOTH FROM _src_google_termo_dia.search_term)))
        )
 SELECT orig AS termo,
    camp AS campanha,
    cli AS cliques,
    round(invest) AS invest_desperdicado,
    ((('Negativar: '::text || cli) || ' cliques sem conversao (R$'::text) || round(invest)) || ')'::text AS sugestao
   FROM t
  WHERE conv = 0::numeric AND cli > 30::numeric
  ORDER BY invest DESC;","vw_gads_termos_negativar"
"create or replace view public.vw_gads_tipos as
 WITH base AS (
         SELECT vw_google_campanha_dia.tipo,
            sum(vw_google_campanha_dia.gasto) AS invest,
            sum(vw_google_campanha_dia.receita) AS receita,
            sum(vw_google_campanha_dia.conversoes) AS conv,
            sum(vw_google_campanha_dia.cliques) AS cli,
            sum(vw_google_campanha_dia.impressoes) AS imp
           FROM vw_google_campanha_dia
          WHERE vw_google_campanha_dia.data >= ((now() AT TIME ZONE 'America/Sao_Paulo'::text)::date - 29)
          GROUP BY vw_google_campanha_dia.tipo
        )
 SELECT tipo,
    round(invest) AS invest,
    round(100.0 * invest / NULLIF(sum(invest) OVER (), 0::numeric), 1) AS share_pct,
    round(receita) AS receita,
    round(receita / NULLIF(invest, 0::numeric), 2) AS roas,
    round(conv) AS conversoes,
    round(100.0 * cli / NULLIF(imp, 0::numeric), 2) AS ctr_pct,
        CASE
            WHEN (receita / NULLIF(invest, 0::numeric)) >= 7::numeric THEN 'ROAS bom (>=7)'::text
            ELSE 'ROAS abaixo de 7 - revisar'::text
        END AS sugestao
   FROM base
  ORDER BY (round(invest)) DESC;","vw_gads_tipos"
"create or replace view public.vw_google_anuncio_asset as
 SELECT a.ad_id,
    da.ad_group_id,
    dg.ad_group_name,
    da.campaign_id,
    dc.campaign_name,
    a.asset_tipo,
    a.posicao,
    a.texto,
    a.performance_label,
    a.pinned_field
   FROM dim_google_anuncio_asset a
     LEFT JOIN dim_google_anuncio da ON da.ad_id = a.ad_id
     LEFT JOIN dim_google_grupo dg ON dg.ad_group_id = da.ad_group_id
     LEFT JOIN dim_google_campanha dc ON dc.campaign_id = da.campaign_id;","vw_google_anuncio_asset"
"create or replace view public.vw_google_anuncio_dia as
 WITH m AS (
         SELECT google_anuncio_metricas.data,
            google_anuncio_metricas.ad_id,
            sum(google_anuncio_metricas.valor) FILTER (WHERE google_anuncio_metricas.metrica = 'cost'::text) AS gasto,
            sum(google_anuncio_metricas.valor) FILTER (WHERE google_anuncio_metricas.metrica = 'impressions'::text) AS impressoes,
            sum(google_anuncio_metricas.valor) FILTER (WHERE google_anuncio_metricas.metrica = 'clicks'::text) AS cliques,
            sum(google_anuncio_metricas.valor) FILTER (WHERE google_anuncio_metricas.metrica = 'conversions'::text) AS conversoes,
            sum(google_anuncio_metricas.valor) FILTER (WHERE google_anuncio_metricas.metrica = 'conversions_value'::text) AS receita,
            sum(google_anuncio_metricas.valor) FILTER (WHERE google_anuncio_metricas.metrica = 'view_through_conversions'::text) AS conv_view_through,
            sum(google_anuncio_metricas.valor) FILTER (WHERE google_anuncio_metricas.metrica = 'interactions'::text) AS interacoes,
            sum(google_anuncio_metricas.valor) FILTER (WHERE google_anuncio_metricas.metrica = 'video_views'::text) AS video_views
           FROM google_anuncio_metricas
          GROUP BY google_anuncio_metricas.data, google_anuncio_metricas.ad_id
        )
 SELECT m.data,
    da.campaign_id,
    dc.campaign_name,
    dc.advertising_channel_type AS tipo,
    da.ad_group_id,
    dg.ad_group_name,
    m.ad_id,
    da.ad_name,
    da.ad_type,
    da.ad_strength,
    da.ad_headlines,
    da.ad_descriptions,
    COALESCE(m.gasto, 0::numeric) AS gasto,
    COALESCE(m.impressoes, 0::numeric) AS impressoes,
    COALESCE(m.cliques, 0::numeric) AS cliques,
    COALESCE(m.conversoes, 0::numeric) AS conversoes,
    COALESCE(m.receita, 0::numeric) AS receita,
    COALESCE(m.conv_view_through, 0::numeric) AS conv_view_through,
    COALESCE(m.interacoes, 0::numeric) AS interacoes,
    COALESCE(m.video_views, 0::numeric) AS video_views,
    COALESCE(m.receita, 0::numeric) / NULLIF(m.gasto, 0::numeric) AS roas,
    m.gasto / NULLIF(m.cliques, 0::numeric) AS cpc,
    m.gasto / NULLIF(m.impressoes, 0::numeric) * 1000::numeric AS cpm,
    m.gasto / NULLIF(m.conversoes, 0::numeric) AS cpa,
    m.cliques / NULLIF(m.impressoes, 0::numeric) * 100::numeric AS ctr,
    m.conversoes / NULLIF(m.cliques, 0::numeric) * 100::numeric AS taxa_conversao,
    da.final_urls,
    da.path1,
    da.path2,
        CASE
            WHEN da.path1 IS NOT NULL AND da.path1 <> ''::text THEN ('/'::text || da.path1) ||
            CASE
                WHEN da.path2 IS NOT NULL AND da.path2 <> ''::text THEN '/'::text || da.path2
                ELSE ''::text
            END
            ELSE NULL::text
        END AS caminho_exibicao
   FROM m
     LEFT JOIN dim_google_anuncio da ON da.ad_id = m.ad_id
     LEFT JOIN dim_google_grupo dg ON dg.ad_group_id = da.ad_group_id
     LEFT JOIN dim_google_campanha dc ON dc.campaign_id = da.campaign_id;","vw_google_anuncio_dia"
"create or replace view public.vw_google_anuncio_lista as
 SELECT da.ad_id,
    da.ad_name,
    da.ad_type,
    da.ad_strength,
    da.status,
    da.ad_group_id,
    dg.ad_group_name,
    da.campaign_id,
    dc.campaign_name,
    dc.advertising_channel_type AS tipo,
    da.ad_headlines,
    da.ad_descriptions,
    da.final_urls,
    da.path1,
    da.path2
   FROM dim_google_anuncio da
     LEFT JOIN dim_google_grupo dg ON dg.ad_group_id = da.ad_group_id
     LEFT JOIN dim_google_campanha dc ON dc.campaign_id = da.campaign_id
  WHERE da.status = 'ENABLED'::text OR (EXISTS ( SELECT 1
           FROM google_anuncio_metricas am
          WHERE am.ad_id = da.ad_id AND am.metrica = 'cost'::text AND am.valor > 0::numeric));","vw_google_anuncio_lista"
"create or replace view public.vw_google_campanha_dia as
 WITH f AS (
         SELECT google_campanha_metricas.data,
            google_campanha_metricas.campaign_id,
            sum(google_campanha_metricas.valor) FILTER (WHERE google_campanha_metricas.metrica = 'cost'::text) AS gasto,
            sum(google_campanha_metricas.valor) FILTER (WHERE google_campanha_metricas.metrica = 'impressions'::text) AS impressoes,
            sum(google_campanha_metricas.valor) FILTER (WHERE google_campanha_metricas.metrica = 'clicks'::text) AS cliques,
            sum(google_campanha_metricas.valor) FILTER (WHERE google_campanha_metricas.metrica = 'conversions'::text) AS conversoes,
            sum(google_campanha_metricas.valor) FILTER (WHERE google_campanha_metricas.metrica = 'conversions_value'::text) AS receita,
            sum(google_campanha_metricas.valor) FILTER (WHERE google_campanha_metricas.metrica = 'view_through_conversions'::text) AS conv_view_through,
            sum(google_campanha_metricas.valor) FILTER (WHERE google_campanha_metricas.metrica = 'interactions'::text) AS interacoes,
            sum(google_campanha_metricas.valor) FILTER (WHERE google_campanha_metricas.metrica = 'video_views'::text) AS video_views,
            max(google_campanha_metricas.valor) FILTER (WHERE google_campanha_metricas.metrica = 'search_impression_share'::text) AS fatia_impressao,
            max(google_campanha_metricas.valor) FILTER (WHERE google_campanha_metricas.metrica = 'search_budget_lost_impression_share'::text) AS fatia_perdida_orcamento,
            max(google_campanha_metricas.valor) FILTER (WHERE google_campanha_metricas.metrica = 'search_rank_lost_impression_share'::text) AS fatia_perdida_rank,
            max(google_campanha_metricas.valor) FILTER (WHERE google_campanha_metricas.metrica = 'search_top_impression_share'::text) AS fatia_topo,
            max(google_campanha_metricas.valor) FILTER (WHERE google_campanha_metricas.metrica = 'search_absolute_top_impression_share'::text) AS fatia_topo_absoluto,
            max(google_campanha_metricas.valor) FILTER (WHERE google_campanha_metricas.metrica = 'search_exact_match_impression_share'::text) AS fatia_exata,
            max(google_campanha_metricas.valor) FILTER (WHERE google_campanha_metricas.metrica = 'search_click_share'::text) AS fatia_cliques
           FROM google_campanha_metricas
          GROUP BY google_campanha_metricas.data, google_campanha_metricas.campaign_id
        ), shop AS (
         SELECT vw_site_venda_midia_dia.data,
            vw_site_venda_midia_dia.campaign_id,
            sum(vw_site_venda_midia_dia.pedidos) AS pedidos,
            sum(vw_site_venda_midia_dia.receita) AS receita
           FROM vw_site_venda_midia_dia
          WHERE vw_site_venda_midia_dia.fonte = 'Google'::text AND vw_site_venda_midia_dia.campaign_id IS NOT NULL
          GROUP BY vw_site_venda_midia_dia.data, vw_site_venda_midia_dia.campaign_id
        )
 SELECT f.data,
    f.campaign_id,
    c.campaign_name,
    c.advertising_channel_type AS tipo,
    c.budget_amount,
    COALESCE(f.gasto, 0::numeric) AS gasto,
    COALESCE(f.impressoes, 0::numeric) AS impressoes,
    COALESCE(f.cliques, 0::numeric) AS cliques,
    COALESCE(f.conversoes, 0::numeric) AS conversoes,
    COALESCE(f.receita, 0::numeric) AS receita,
    COALESCE(f.conv_view_through, 0::numeric) AS conv_view_through,
    COALESCE(f.interacoes, 0::numeric) AS interacoes,
    COALESCE(f.video_views, 0::numeric) AS video_views,
    f.fatia_impressao,
    f.fatia_perdida_orcamento,
    f.fatia_perdida_rank,
    round(f.receita / NULLIF(f.gasto, 0::numeric), 4) AS roas,
    round(f.gasto / NULLIF(f.cliques, 0::numeric), 2) AS cpc,
    round(f.gasto / NULLIF(f.impressoes, 0::numeric) * 1000::numeric, 2) AS cpm,
    round(f.gasto / NULLIF(f.conversoes, 0::numeric), 2) AS cpa,
    round(f.cliques / NULLIF(f.impressoes, 0::numeric) * 100::numeric, 2) AS ctr,
    round(f.conversoes / NULLIF(f.cliques, 0::numeric) * 100::numeric, 2) AS taxa_conversao,
    f.fatia_topo,
    f.fatia_topo_absoluto,
    f.fatia_exata,
    f.fatia_cliques,
        CASE
            WHEN f.data >= (( SELECT config_atribuicao_site.inicio
               FROM config_atribuicao_site
              WHERE config_atribuicao_site.chave = 'shopify_ultimo_clique'::text)) THEN COALESCE(s.receita, 0::numeric)
            ELSE NULL::numeric
        END AS receita_shopify,
        CASE
            WHEN f.data >= (( SELECT config_atribuicao_site.inicio
               FROM config_atribuicao_site
              WHERE config_atribuicao_site.chave = 'shopify_ultimo_clique'::text)) THEN COALESCE(s.pedidos, 0::numeric)
            ELSE NULL::numeric
        END AS pedidos_shopify
   FROM f
     LEFT JOIN dim_google_campanha c ON c.campaign_id = f.campaign_id
     LEFT JOIN shop s ON s.data = f.data AND s.campaign_id = f.campaign_id;","vw_google_campanha_dia"
"create or replace view public.vw_google_campanha_lista as
 SELECT campaign_id,
    campaign_name,
    advertising_channel_type AS tipo,
    status,
    advertising_channel_sub_type AS subtipo,
    bidding_strategy_type AS estrategia_lance,
    target_roas,
    target_cpa,
    budget_amount AS orcamento_diario,
    budget_delivery AS entrega_orcamento,
    start_date AS data_inicio,
    end_date AS data_fim,
    optimization_score
   FROM dim_google_campanha dc
  WHERE status = 'ENABLED'::text OR (EXISTS ( SELECT 1
           FROM google_campanha_metricas m
          WHERE m.campaign_id = dc.campaign_id AND m.metrica = 'cost'::text AND m.valor > 0::numeric));","vw_google_campanha_lista"
"create or replace view public.vw_google_grupo_dia as
 WITH m AS (
         SELECT am.data,
            da.ad_group_id,
            sum(am.valor) FILTER (WHERE am.metrica = 'cost'::text) AS gasto,
            sum(am.valor) FILTER (WHERE am.metrica = 'impressions'::text) AS impressoes,
            sum(am.valor) FILTER (WHERE am.metrica = 'clicks'::text) AS cliques,
            sum(am.valor) FILTER (WHERE am.metrica = 'conversions'::text) AS conversoes,
            sum(am.valor) FILTER (WHERE am.metrica = 'conversions_value'::text) AS receita,
            sum(am.valor) FILTER (WHERE am.metrica = 'interactions'::text) AS interacoes
           FROM google_anuncio_metricas am
             JOIN dim_google_anuncio da ON da.ad_id = am.ad_id
          GROUP BY am.data, da.ad_group_id
        )
 SELECT m.data,
    dg.campaign_id,
    dc.campaign_name,
    dc.advertising_channel_type AS tipo,
    m.ad_group_id,
    dg.ad_group_name,
    COALESCE(m.gasto, 0::numeric) AS gasto,
    COALESCE(m.impressoes, 0::numeric) AS impressoes,
    COALESCE(m.cliques, 0::numeric) AS cliques,
    COALESCE(m.conversoes, 0::numeric) AS conversoes,
    COALESCE(m.receita, 0::numeric) AS receita,
    COALESCE(m.interacoes, 0::numeric) AS interacoes,
    COALESCE(m.receita, 0::numeric) / NULLIF(m.gasto, 0::numeric) AS roas,
    m.gasto / NULLIF(m.cliques, 0::numeric) AS cpc,
    m.gasto / NULLIF(m.impressoes, 0::numeric) * 1000::numeric AS cpm,
    m.gasto / NULLIF(m.conversoes, 0::numeric) AS cpa,
    m.cliques / NULLIF(m.impressoes, 0::numeric) * 100::numeric AS ctr,
    m.conversoes / NULLIF(m.cliques, 0::numeric) * 100::numeric AS taxa_conversao
   FROM m
     LEFT JOIN dim_google_grupo dg ON dg.ad_group_id = m.ad_group_id
     LEFT JOIN dim_google_campanha dc ON dc.campaign_id = dg.campaign_id;","vw_google_grupo_dia"
"create or replace view public.vw_google_grupo_lista as
 SELECT dg.ad_group_id,
    dg.ad_group_name,
    dg.campaign_id,
    dc.campaign_name,
    dc.advertising_channel_type AS tipo,
    dg.status
   FROM dim_google_grupo dg
     LEFT JOIN dim_google_campanha dc ON dc.campaign_id = dg.campaign_id
  WHERE dg.status = 'ENABLED'::text OR (EXISTS ( SELECT 1
           FROM google_anuncio_metricas am
             JOIN dim_google_anuncio da ON da.ad_id = am.ad_id
          WHERE da.ad_group_id = dg.ad_group_id AND am.metrica = 'cost'::text AND am.valor > 0::numeric));","vw_google_grupo_lista"
"create or replace view public.vw_google_impression_share_dia as
 SELECT m.data,
    m.campaign_id,
    dc.campaign_name,
    dc.advertising_channel_type AS tipo,
    max(m.valor) FILTER (WHERE m.metrica = 'search_impression_share'::text) AS is_search,
    max(m.valor) FILTER (WHERE m.metrica = 'search_top_impression_share'::text) AS is_topo,
    max(m.valor) FILTER (WHERE m.metrica = 'search_absolute_top_impression_share'::text) AS is_abs_topo,
    max(m.valor) FILTER (WHERE m.metrica = 'search_budget_lost_impression_share'::text) AS is_perdido_orcamento,
    max(m.valor) FILTER (WHERE m.metrica = 'search_rank_lost_impression_share'::text) AS is_perdido_rank,
    max(m.valor) FILTER (WHERE m.metrica = 'search_exact_match_impression_share'::text) AS is_exata,
    max(m.valor) FILTER (WHERE m.metrica = 'search_click_share'::text) AS click_share
   FROM google_campanha_metricas m
     LEFT JOIN dim_google_campanha dc ON dc.campaign_id = m.campaign_id
  WHERE m.metrica ~~ 'search_%'::text
  GROUP BY m.data, m.campaign_id, dc.campaign_name, dc.advertising_channel_type;","vw_google_impression_share_dia"
"create or replace view public.vw_google_intraday as
 WITH f AS (
         SELECT google_ads_intraday.captured_at,
            google_ads_intraday.data,
            sum(google_ads_intraday.valor) FILTER (WHERE google_ads_intraday.metrica = 'cost'::text) AS gasto,
            sum(google_ads_intraday.valor) FILTER (WHERE google_ads_intraday.metrica = 'impressions'::text) AS impressoes,
            sum(google_ads_intraday.valor) FILTER (WHERE google_ads_intraday.metrica = 'clicks'::text) AS cliques,
            sum(google_ads_intraday.valor) FILTER (WHERE google_ads_intraday.metrica = 'conversions'::text) AS conversoes,
            sum(google_ads_intraday.valor) FILTER (WHERE google_ads_intraday.metrica = 'conversions_value'::text) AS receita,
            sum(google_ads_intraday.valor) FILTER (WHERE google_ads_intraday.metrica = 'interactions'::text) AS interacoes
           FROM google_ads_intraday
          GROUP BY google_ads_intraday.captured_at, google_ads_intraday.data
        )
 SELECT captured_at,
    data,
    COALESCE(gasto, 0::numeric) AS gasto,
    COALESCE(impressoes, 0::numeric) AS impressoes,
    COALESCE(cliques, 0::numeric) AS cliques,
    COALESCE(conversoes, 0::numeric) AS conversoes,
    COALESCE(receita, 0::numeric) AS receita,
    COALESCE(interacoes, 0::numeric) AS interacoes,
    round(receita / NULLIF(gasto, 0::numeric), 4) AS roas,
    round(gasto / NULLIF(impressoes, 0::numeric) * 1000::numeric, 2) AS cpm,
    round(gasto / NULLIF(conversoes, 0::numeric), 2) AS cpa,
    round(cliques / NULLIF(impressoes, 0::numeric) * 100::numeric, 2) AS ctr,
    round(gasto / NULLIF(cliques, 0::numeric), 2) AS cpc,
    round(conversoes / NULLIF(cliques, 0::numeric) * 100::numeric, 2) AS taxa_conversao
   FROM f;","vw_google_intraday"
"create or replace view public.vw_google_intraday_campanha as
 WITH ultimo AS (
         SELECT max(google_ads_intraday.data) AS d
           FROM google_ads_intraday
        ), cap AS (
         SELECT i.data,
            max(i.captured_at) AS c
           FROM google_ads_intraday i
             JOIN ultimo u ON i.data = u.d
          GROUP BY i.data
        ), f AS (
         SELECT i.data,
            i.captured_at,
            i.campaign_id,
            sum(i.valor) FILTER (WHERE i.metrica = 'cost'::text) AS gasto,
            sum(i.valor) FILTER (WHERE i.metrica = 'impressions'::text) AS impressoes,
            sum(i.valor) FILTER (WHERE i.metrica = 'clicks'::text) AS cliques,
            sum(i.valor) FILTER (WHERE i.metrica = 'conversions'::text) AS conversoes,
            sum(i.valor) FILTER (WHERE i.metrica = 'conversions_value'::text) AS receita,
            sum(i.valor) FILTER (WHERE i.metrica = 'interactions'::text) AS interacoes
           FROM google_ads_intraday i
             JOIN cap ON cap.data = i.data AND cap.c = i.captured_at
          GROUP BY i.data, i.captured_at, i.campaign_id
        )
 SELECT f.data,
    f.captured_at,
    f.campaign_id,
    c.campaign_name,
    c.advertising_channel_type AS tipo,
    COALESCE(f.gasto, 0::numeric) AS gasto,
    COALESCE(f.impressoes, 0::numeric) AS impressoes,
    COALESCE(f.cliques, 0::numeric) AS cliques,
    COALESCE(f.conversoes, 0::numeric) AS conversoes,
    COALESCE(f.receita, 0::numeric) AS receita,
    COALESCE(f.interacoes, 0::numeric) AS interacoes,
    round(f.receita / NULLIF(f.gasto, 0::numeric), 4) AS roas,
    round(f.gasto / NULLIF(f.impressoes, 0::numeric) * 1000::numeric, 2) AS cpm,
    round(f.gasto / NULLIF(f.conversoes, 0::numeric), 2) AS cpa,
    round(f.cliques / NULLIF(f.impressoes, 0::numeric) * 100::numeric, 2) AS ctr,
    round(f.gasto / NULLIF(f.cliques, 0::numeric), 2) AS cpc,
    round(f.conversoes / NULLIF(f.cliques, 0::numeric) * 100::numeric, 2) AS taxa_conversao
   FROM f
     LEFT JOIN dim_google_campanha c ON c.campaign_id = f.campaign_id;","vw_google_intraday_campanha"
"create or replace view public.vw_google_keyword_dia as
 WITH m AS (
         SELECT google_keyword_metricas.data,
            google_keyword_metricas.ad_group_id,
            google_keyword_metricas.keyword_text,
            sum(google_keyword_metricas.valor) FILTER (WHERE google_keyword_metricas.metrica = 'cost'::text) AS gasto,
            sum(google_keyword_metricas.valor) FILTER (WHERE google_keyword_metricas.metrica = 'impressions'::text) AS impressoes,
            sum(google_keyword_metricas.valor) FILTER (WHERE google_keyword_metricas.metrica = 'clicks'::text) AS cliques,
            sum(google_keyword_metricas.valor) FILTER (WHERE google_keyword_metricas.metrica = 'conversions'::text) AS conversoes,
            sum(google_keyword_metricas.valor) FILTER (WHERE google_keyword_metricas.metrica = 'conversions_value'::text) AS receita
           FROM google_keyword_metricas
          GROUP BY google_keyword_metricas.data, google_keyword_metricas.ad_group_id, google_keyword_metricas.keyword_text
        )
 SELECT m.data,
    dg.campaign_id,
    dc.campaign_name,
    m.ad_group_id,
    dg.ad_group_name,
    m.keyword_text,
    dk.match_type,
    dk.quality_score,
    dk.creative_quality_score,
    dk.post_click_quality_score,
    dk.expected_ctr,
    COALESCE(m.gasto, 0::numeric) AS gasto,
    COALESCE(m.impressoes, 0::numeric) AS impressoes,
    COALESCE(m.cliques, 0::numeric) AS cliques,
    COALESCE(m.conversoes, 0::numeric) AS conversoes,
    COALESCE(m.receita, 0::numeric) AS receita,
    COALESCE(m.receita, 0::numeric) / NULLIF(m.gasto, 0::numeric) AS roas,
    m.gasto / NULLIF(m.cliques, 0::numeric) AS cpc,
    m.cliques / NULLIF(m.impressoes, 0::numeric) * 100::numeric AS ctr
   FROM m
     LEFT JOIN dim_google_grupo dg ON dg.ad_group_id = m.ad_group_id
     LEFT JOIN dim_google_campanha dc ON dc.campaign_id = dg.campaign_id
     LEFT JOIN dim_google_keyword dk ON dk.ad_group_id = m.ad_group_id AND dk.keyword_text = m.keyword_text;","vw_google_keyword_dia"
"create or replace view public.vw_google_keyword_lista as
 SELECT dk.ad_group_id,
    dg.ad_group_name,
    dg.campaign_id,
    dc.campaign_name,
    dk.keyword_text,
    dk.match_type,
    dk.status,
    dk.quality_score,
    dk.creative_quality_score,
    dk.post_click_quality_score,
    dk.expected_ctr
   FROM dim_google_keyword dk
     LEFT JOIN dim_google_grupo dg ON dg.ad_group_id = dk.ad_group_id
     LEFT JOIN dim_google_campanha dc ON dc.campaign_id = dg.campaign_id
  WHERE dk.status = 'ENABLED'::text OR (EXISTS ( SELECT 1
           FROM google_keyword_metricas km
          WHERE km.ad_group_id = dk.ad_group_id AND km.keyword_text = dk.keyword_text AND (km.metrica = ANY (ARRAY['cost'::text, 'clicks'::text, 'impressions'::text])) AND km.valor > 0::numeric));","vw_google_keyword_lista"
"create or replace view public.vw_google_kpi_dia as
 WITH c AS (
         SELECT google_campanha_metricas.data,
            google_campanha_metricas.campaign_id,
            sum(google_campanha_metricas.valor) FILTER (WHERE google_campanha_metricas.metrica = 'cost'::text) AS gasto,
            sum(google_campanha_metricas.valor) FILTER (WHERE google_campanha_metricas.metrica = 'impressions'::text) AS impressoes,
            sum(google_campanha_metricas.valor) FILTER (WHERE google_campanha_metricas.metrica = 'clicks'::text) AS cliques,
            sum(google_campanha_metricas.valor) FILTER (WHERE google_campanha_metricas.metrica = 'conversions'::text) AS conversoes,
            sum(google_campanha_metricas.valor) FILTER (WHERE google_campanha_metricas.metrica = 'conversions_value'::text) AS receita
           FROM google_campanha_metricas
          GROUP BY google_campanha_metricas.data, google_campanha_metricas.campaign_id
        ), k AS (
         SELECT c.data,
            round(sum(c.gasto), 2) AS gasto,
            sum(c.impressoes) AS impressoes,
            sum(c.cliques) AS cliques,
            round(sum(c.conversoes), 2) AS conversoes,
            round(sum(c.receita), 2) AS receita,
            round(sum(c.receita) / NULLIF(sum(c.gasto), 0::numeric), 2) AS roas,
            round(sum(c.gasto) / NULLIF(sum(c.impressoes), 0::numeric) * 1000::numeric, 2) AS cpm,
            round(sum(c.gasto) / NULLIF(sum(c.conversoes), 0::numeric), 2) AS cpa,
            round(sum(c.cliques) / NULLIF(sum(c.impressoes), 0::numeric) * 100::numeric, 2) AS ctr,
            round(sum(c.gasto) / NULLIF(sum(c.cliques), 0::numeric), 2) AS cpc
           FROM c
          GROUP BY c.data
        ), shop AS (
         SELECT vw_site_venda_midia_dia.data,
            sum(vw_site_venda_midia_dia.pedidos) AS pedidos,
            sum(vw_site_venda_midia_dia.receita) AS receita,
            sum(vw_site_venda_midia_dia.receita) FILTER (WHERE vw_site_venda_midia_dia.campaign_id IS NULL) AS receita_sem_campanha
           FROM vw_site_venda_midia_dia
          WHERE vw_site_venda_midia_dia.fonte = 'Google'::text
          GROUP BY vw_site_venda_midia_dia.data
        )
 SELECT k.data,
    k.gasto,
    k.impressoes,
    k.cliques,
    k.conversoes,
    k.receita,
    k.roas,
    k.cpm,
    k.cpa,
    k.ctr,
    k.cpc,
        CASE
            WHEN k.data >= (( SELECT config_atribuicao_site.inicio
               FROM config_atribuicao_site
              WHERE config_atribuicao_site.chave = 'shopify_ultimo_clique'::text)) THEN round(COALESCE(s.receita, 0::numeric), 2)
            ELSE NULL::numeric
        END AS receita_shopify,
        CASE
            WHEN k.data >= (( SELECT config_atribuicao_site.inicio
               FROM config_atribuicao_site
              WHERE config_atribuicao_site.chave = 'shopify_ultimo_clique'::text)) THEN COALESCE(s.pedidos, 0::numeric)
            ELSE NULL::numeric
        END AS pedidos_shopify,
        CASE
            WHEN k.data >= (( SELECT config_atribuicao_site.inicio
               FROM config_atribuicao_site
              WHERE config_atribuicao_site.chave = 'shopify_ultimo_clique'::text)) THEN round(COALESCE(s.receita_sem_campanha, 0::numeric), 2)
            ELSE NULL::numeric
        END AS receita_shopify_sem_campanha
   FROM k
     LEFT JOIN shop s ON s.data = k.data;","vw_google_kpi_dia"
"create or replace view public.vw_google_negativa as
 SELECT n.nivel,
    n.owner_id,
    n.keyword_text,
    n.match_type,
        CASE
            WHEN n.nivel = 'campaign'::text THEN dc.campaign_name
            ELSE dgc.campaign_name
        END AS campaign_name,
        CASE
            WHEN n.nivel = 'ad_group'::text THEN dg.ad_group_name
            ELSE NULL::text
        END AS ad_group_name
   FROM dim_google_negativa n
     LEFT JOIN dim_google_campanha dc ON n.nivel = 'campaign'::text AND dc.campaign_id = n.owner_id
     LEFT JOIN dim_google_grupo dg ON n.nivel = 'ad_group'::text AND dg.ad_group_id = n.owner_id
     LEFT JOIN dim_google_campanha dgc ON n.nivel = 'ad_group'::text AND dgc.campaign_id = dg.campaign_id;","vw_google_negativa"
"create or replace view public.vw_google_pmax_asset as
 SELECT a.asset_group_id,
    ag.campaign_id,
    dc.campaign_name,
    ag.asset_group_name,
    a.asset_id,
    a.field_type,
    a.asset_type,
    a.texto,
    a.image_url,
    a.youtube_video_id,
    a.performance_label,
    a.status
   FROM dim_google_pmax_asset a
     LEFT JOIN dim_google_pmax_asset_group ag ON ag.asset_group_id = a.asset_group_id
     LEFT JOIN dim_google_campanha dc ON dc.campaign_id = ag.campaign_id;","vw_google_pmax_asset"
"create or replace view public.vw_google_pmax_asset_group as
 SELECT ag.asset_group_id,
    ag.campaign_id,
    dc.campaign_name,
    ag.asset_group_name,
    ag.status
   FROM dim_google_pmax_asset_group ag
     LEFT JOIN dim_google_campanha dc ON dc.campaign_id = ag.campaign_id;","vw_google_pmax_asset_group"
"create or replace view public.vw_google_produto_dia as
 SELECT data,
    campaign_id,
    campaign_name,
    tipo,
    product_item_id,
    product_title,
    brand,
    gasto,
    impressoes,
    cliques,
    conversoes,
    receita,
    roas,
    cpc,
    cpm,
    cpa,
    ctr,
    taxa_conversao
   FROM tab_google_produto_dia;","vw_google_produto_dia"
"create or replace view public.vw_google_termo_dia as
 SELECT data,
    campaign_id,
    campaign_name,
    ad_group_id,
    ad_group_name,
    search_term,
    gasto,
    impressoes,
    cliques,
    conversoes,
    receita,
    roas,
    cpc,
    ctr
   FROM tab_google_termo_dia;","vw_google_termo_dia"
"create or replace view public.vw_influenciador_360 as
 WITH dim AS (
         SELECT d_1.creator_id,
            d_1.nome,
            d_1.cupom,
            d_1.tiktok_username,
            d_1.grupo_cupom,
            d_1.modelo_remuneracao,
            d_1.status,
            d_1.tier,
            d_1.categoria,
            d_1.subsegmento,
            d_1.cidade,
            d_1.estado,
            d_1.seguidores_ig,
            d_1.seguidores_tt,
            COALESCE(d_1.cache_fixo, 0::numeric) AS cache_fixo,
            COALESCE(d_1.comissao_pct, 0::numeric) AS comissao_pct,
            COALESCE(d_1.custo_total, 0::numeric) AS custo_planilha,
            d_1.data_inicio,
            d_1.data_fim
           FROM dim_influenciador d_1
        ), site AS (
         SELECT dim.creator_id,
            s.data,
            sum(s.faturamento_liquido) AS receita_site,
            sum(s.pedidos) AS pedidos_site,
            sum(s.unidades) AS unidades_site
           FROM dim
             JOIN vw_site_cupom_dia s ON s.cupom = dim.cupom
          GROUP BY dim.creator_id, s.data
        ), tiktok AS (
         SELECT dim.creator_id,
            f_1.data,
            round(sum(f_1.gmv), 2) AS receita_tiktok,
            sum(f_1.sku_orders) AS pedidos_tiktok,
            sum(f_1.unidades) AS unidades_tiktok,
            sum(f_1.views) AS views_tiktok
           FROM dim
             JOIN fact_tiktok_video_dia f_1 ON lower(f_1.criador) = lower(dim.tiktok_username)
          GROUP BY dim.creator_id, f_1.data
        ), datas AS (
         SELECT site.creator_id,
            site.data
           FROM site
        UNION
         SELECT tiktok.creator_id,
            tiktok.data
           FROM tiktok
        ), fato AS (
         SELECT dt.creator_id,
            dt.data,
            COALESCE(s.receita_site, 0::numeric) AS receita_site,
            COALESCE(s.pedidos_site, 0::numeric) AS pedidos_site,
            COALESCE(s.unidades_site, 0::numeric) AS unidades_site,
            COALESCE(tk.receita_tiktok, 0::numeric) AS receita_tiktok,
            COALESCE(tk.pedidos_tiktok, 0::bigint) AS pedidos_tiktok,
            COALESCE(tk.unidades_tiktok, 0::bigint) AS unidades_tiktok,
            COALESCE(tk.views_tiktok, 0::bigint) AS views_tiktok
           FROM datas dt
             LEFT JOIN site s ON s.creator_id = dt.creator_id AND s.data = dt.data
             LEFT JOIN tiktok tk ON tk.creator_id = dt.creator_id AND tk.data = dt.data
        ), primeira AS (
         SELECT fato.creator_id,
            min(fato.data) AS data_cache
           FROM fato
          GROUP BY fato.creator_id
        )
 SELECT d.creator_id,
    d.nome,
    d.cupom,
    d.tiktok_username,
    d.grupo_cupom,
    d.modelo_remuneracao,
    d.status,
    d.tier,
    d.categoria,
    d.subsegmento,
    d.cidade,
    d.estado,
    d.seguidores_ig,
    d.seguidores_tt,
    f.data,
    f.receita_site,
    f.pedidos_site,
    f.unidades_site,
    f.receita_tiktok,
    f.pedidos_tiktok,
    f.unidades_tiktok,
    f.views_tiktok,
    f.receita_site + f.receita_tiktok AS receita_total,
    f.pedidos_site + f.pedidos_tiktok::numeric AS pedidos_total,
        CASE
            WHEN p.data_cache = f.data THEN d.cache_fixo
            ELSE 0::numeric
        END AS cache_lancado,
    round(d.comissao_pct * (f.receita_site + f.receita_tiktok), 2) AS comissao_dia,
    round(
        CASE
            WHEN p.data_cache = f.data THEN d.cache_fixo
            ELSE 0::numeric
        END + d.comissao_pct * (f.receita_site + f.receita_tiktok), 2) AS custo_dia,
    d.cache_fixo,
    d.comissao_pct,
    d.custo_planilha,
    d.data_inicio,
    d.data_fim
   FROM fato f
     JOIN dim d ON d.creator_id = f.creator_id
     JOIN primeira p ON p.creator_id = f.creator_id;","vw_influenciador_360"
"create or replace view public.vw_influenciador_resumo as
 WITH agg AS (
         SELECT vw_influenciador_360.creator_id,
            vw_influenciador_360.nome,
            vw_influenciador_360.cupom,
            vw_influenciador_360.tiktok_username,
            vw_influenciador_360.grupo_cupom,
            vw_influenciador_360.modelo_remuneracao,
            vw_influenciador_360.status,
            vw_influenciador_360.tier,
            vw_influenciador_360.categoria,
            vw_influenciador_360.subsegmento,
            vw_influenciador_360.cidade,
            vw_influenciador_360.estado,
            max(vw_influenciador_360.seguidores_ig) AS seguidores_ig,
            max(vw_influenciador_360.seguidores_tt) AS seguidores_tt,
            max(vw_influenciador_360.cache_fixo) AS cache_fixo,
            max(vw_influenciador_360.comissao_pct) AS comissao_pct,
            max(vw_influenciador_360.custo_planilha) AS custo_planilha,
            min(vw_influenciador_360.data_inicio) AS data_inicio,
            max(vw_influenciador_360.data_fim) AS data_fim,
            sum(vw_influenciador_360.receita_site) AS receita_site,
            sum(vw_influenciador_360.receita_tiktok) AS receita_tiktok,
            sum(vw_influenciador_360.receita_total) AS receita_total,
            sum(vw_influenciador_360.pedidos_site) AS pedidos_site,
            sum(vw_influenciador_360.pedidos_tiktok) AS pedidos_tiktok,
            sum(vw_influenciador_360.pedidos_total) AS pedidos_total,
            sum(vw_influenciador_360.cache_lancado) AS cache_total,
            sum(vw_influenciador_360.comissao_dia) AS comissao_total,
            sum(vw_influenciador_360.custo_dia) AS custo_real,
            min(vw_influenciador_360.data) AS primeira_venda,
            max(vw_influenciador_360.data) AS ultima_venda
           FROM vw_influenciador_360
          GROUP BY vw_influenciador_360.creator_id, vw_influenciador_360.nome, vw_influenciador_360.cupom, vw_influenciador_360.tiktok_username, vw_influenciador_360.grupo_cupom, vw_influenciador_360.modelo_remuneracao, vw_influenciador_360.status, vw_influenciador_360.tier, vw_influenciador_360.categoria, vw_influenciador_360.subsegmento, vw_influenciador_360.cidade, vw_influenciador_360.estado
        )
 SELECT creator_id,
    nome,
    cupom,
    tiktok_username,
    grupo_cupom,
    modelo_remuneracao,
    status,
    tier,
    categoria,
    subsegmento,
    cidade,
    estado,
    seguidores_ig,
    seguidores_tt,
    cache_fixo,
    comissao_pct,
    custo_planilha,
    data_inicio,
    data_fim,
    receita_site,
    receita_tiktok,
    receita_total,
    pedidos_site,
    pedidos_tiktok,
    pedidos_total,
    cache_total,
    comissao_total,
    custo_real,
    primeira_venda,
    ultima_venda,
        CASE
            WHEN custo_real > 0::numeric THEN round(receita_total / custo_real, 2)
            ELSE NULL::numeric
        END AS roi,
        CASE
            WHEN pedidos_total > 0::numeric THEN round(receita_total / pedidos_total, 2)
            ELSE NULL::numeric
        END AS ticket,
        CASE
            WHEN receita_total = 0::numeric AND custo_real > 0::numeric THEN ('Sem retorno: pagou '::text || to_char(custo_real, 'FM999G999'::text)) || ' e nao gerou venda rastreada. Revisar cupom/atribuicao ou encerrar.'::text
            WHEN receita_total = 0::numeric THEN 'Permuta sem venda rastreada no periodo. Conferir se o cupom esta ativo e divulgado.'::text
            WHEN custo_real > 0::numeric AND (receita_total / custo_real) < 3::numeric THEN ('ROI baixo ('::text || round(receita_total / custo_real, 1)) || 'x). Custo alto vs retorno; renegociar para comissao ou reduzir cache.'::text
            WHEN custo_real > 0::numeric AND (receita_total / custo_real) >= 10::numeric THEN ('Alto retorno ('::text || round(receita_total / custo_real, 1)) || 'x). Escalar: renovar e ampliar.'::text
            ELSE 'Retorno saudavel. Manter e acompanhar.'::text
        END AS sugestao
   FROM agg a;","vw_influenciador_resumo"
"create or replace view public.vw_intraday_comparativo as
 WITH p AS (
         SELECT (now() AT TIME ZONE 'America/Sao_Paulo'::text)::date AS hoje
        ), canais AS (
         SELECT c.canal,
            c.ordem
           FROM ( VALUES ('Mercado Livre'::text,1), ('Shopee'::text,2), ('Site'::text,3), ('TikTok'::text,4), ('Amazon'::text,5)) c(canal, ordem)
        ), bases AS (
         SELECT b.base,
            b.dias,
            b.ordem_base
           FROM ( VALUES ('Ontem'::text,1,1), ('D-7'::text,7,2), ('D-14'::text,14,3), ('D-28'::text,28,4)) b(base, dias, ordem_base)
        ), hoje AS (
         SELECT fact_venda_hora.canal,
            sum(fact_venda_hora.valor) AS vendido,
            max(fact_venda_hora.ultimo_ts) AS corte
           FROM fact_venda_hora
          WHERE fact_venda_hora.data = (( SELECT p.hoje
                   FROM p))
          GROUP BY fact_venda_hora.canal
        ), c AS (
         SELECT k.canal,
            k.ordem,
            COALESCE(h.vendido, 0::numeric) AS vendido,
            h.corte,
            EXTRACT(hour FROM (h.corte AT TIME ZONE 'America/Sao_Paulo'::text))::integer AS hh,
            (EXTRACT(minute FROM (h.corte AT TIME ZONE 'America/Sao_Paulo'::text)) + EXTRACT(second FROM (h.corte AT TIME ZONE 'America/Sao_Paulo'::text)) / 60.0) / 60.0 AS fr
           FROM canais k
             LEFT JOIN hoje h ON h.canal = k.canal
        ), linhas AS (
         SELECT c.canal,
            c.ordem,
            b.base,
            b.ordem_base,
            (( SELECT p.hoje
                   FROM p)) - b.dias AS data_ref,
            c.vendido,
            ( SELECT sum(
                        CASE
                            WHEN f.hora < c.hh THEN f.valor
                            WHEN f.hora = c.hh THEN f.valor * c.fr
                            ELSE 0::numeric
                        END) AS sum
                   FROM fact_venda_hora f
                  WHERE f.canal = c.canal AND f.data = ((( SELECT p.hoje
                           FROM p)) - b.dias)) AS ref_ate_mesmo_horario,
            ( SELECT sum(f.valor) AS sum
                   FROM fact_venda_hora f
                  WHERE f.canal = c.canal AND f.data = ((( SELECT p.hoje
                           FROM p)) - b.dias)) AS ref_fechamento
           FROM c
             CROSS JOIN bases b
          WHERE c.corte IS NOT NULL
        ), todas AS (
         SELECT linhas.canal,
            linhas.ordem,
            linhas.base,
            linhas.ordem_base,
            linhas.data_ref,
            linhas.vendido,
            linhas.ref_ate_mesmo_horario,
            linhas.ref_fechamento
           FROM linhas
        UNION ALL
         SELECT 'Total'::text,
            9,
            linhas.base,
            linhas.ordem_base,
            linhas.data_ref,
            sum(linhas.vendido) AS sum,
            sum(linhas.ref_ate_mesmo_horario) AS sum,
            sum(linhas.ref_fechamento) AS sum
           FROM linhas
          GROUP BY linhas.base, linhas.ordem_base, linhas.data_ref
        )
 SELECT canal,
    ordem,
    base,
    ordem_base,
    data_ref,
    round(vendido, 2) AS vendido_hoje,
    round(ref_ate_mesmo_horario, 2) AS ref_ate_mesmo_horario,
    round(vendido / NULLIF(ref_ate_mesmo_horario, 0::numeric) - 1::numeric, 4) AS variacao,
    round(ref_fechamento, 2) AS ref_fechamento,
    ( SELECT string_agg(e.titulo, ' ┬À '::text) AS string_agg
           FROM meta_evento e
          WHERE e.data = t.data_ref) AS evento_ref
   FROM todas t;","vw_intraday_comparativo"
"create or replace view public.vw_intraday_comparativo_hora as
 WITH p AS (
         SELECT (now() AT TIME ZONE 'America/Sao_Paulo'::text)::date AS hoje
        ), canais AS (
         SELECT c.canal
           FROM ( VALUES ('Mercado Livre'::text), ('Shopee'::text), ('Site'::text), ('TikTok'::text), ('Amazon'::text)) c(canal)
        ), horas AS (
         SELECT generate_series(0, 23)::smallint AS hora
        ), refs AS (
         SELECT f.canal,
            f.data,
            f.hora,
            f.valor
           FROM fact_venda_hora f
          WHERE f.data = ANY (ARRAY[(( SELECT p.hoje
                   FROM p)) - 1, (( SELECT p.hoje
                   FROM p)) - 7, (( SELECT p.hoje
                   FROM p)) - 14, (( SELECT p.hoje
                   FROM p)) - 28])
        ), por_canal AS (
         SELECT c.canal,
            h.hora,
            sum(r.valor) FILTER (WHERE r.data = ((( SELECT p.hoje
                   FROM p)) - 1) AND r.hora <= h.hora) AS ontem_acum,
            sum(r.valor) FILTER (WHERE r.data = ((( SELECT p.hoje
                   FROM p)) - 7) AND r.hora <= h.hora) AS d7_acum,
            sum(r.valor) FILTER (WHERE r.data = ((( SELECT p.hoje
                   FROM p)) - 14) AND r.hora <= h.hora) AS d14_acum,
            sum(r.valor) FILTER (WHERE r.data = ((( SELECT p.hoje
                   FROM p)) - 28) AND r.hora <= h.hora) AS d28_acum
           FROM canais c
             CROSS JOIN horas h
             LEFT JOIN refs r ON r.canal = c.canal
          GROUP BY c.canal, h.hora
        )
 SELECT por_canal.canal,
    por_canal.hora,
    por_canal.hora + 1 AS hora_fim,
    round(por_canal.ontem_acum, 2) AS ontem_acum,
    round(por_canal.d7_acum, 2) AS d7_acum,
    round(por_canal.d14_acum, 2) AS d14_acum,
    round(por_canal.d28_acum, 2) AS d28_acum
   FROM por_canal
UNION ALL
 SELECT 'Total'::text AS canal,
    por_canal.hora,
    por_canal.hora + 1 AS hora_fim,
    round(sum(por_canal.ontem_acum), 2) AS ontem_acum,
    round(sum(por_canal.d7_acum), 2) AS d7_acum,
    round(sum(por_canal.d14_acum), 2) AS d14_acum,
    round(sum(por_canal.d28_acum), 2) AS d28_acum
   FROM por_canal
  GROUP BY por_canal.hora;","vw_intraday_comparativo_hora"
"create or replace view public.vw_intraday_hoje as
 WITH p AS (
         SELECT (now() AT TIME ZONE 'America/Sao_Paulo'::text)::date AS hoje,
            (now() AT TIME ZONE 'America/Sao_Paulo'::text) AS agora
        ), canais AS (
         SELECT c.canal,
            c.ordem
           FROM ( VALUES ('Mercado Livre'::text,1), ('Shopee'::text,2), ('Site'::text,3), ('TikTok'::text,4), ('Amazon'::text,5)) c(canal, ordem)
        ), f AS (
         SELECT intraday_fatias.canal,
            intraday_fatias.hora,
            intraday_fatias.fatia,
            intraday_fatias.n_dias,
            intraday_fatias.curva_curta
           FROM intraday_fatias(( SELECT p.hoje
                   FROM p)) intraday_fatias(canal, hora, fatia, n_dias, curva_curta)
        ), v AS (
         SELECT fact_venda_hora.canal,
            sum(fact_venda_hora.valor) AS vendido,
            sum(fact_venda_hora.pedidos) AS pedidos,
            max(fact_venda_hora.ultimo_ts) AS corte,
            max(fact_venda_hora.atualizado_em) AS atualizado_em
           FROM fact_venda_hora
          WHERE fact_venda_hora.data = (( SELECT p.hoje
                   FROM p))
          GROUP BY fact_venda_hora.canal
        ), m AS (
         SELECT vw_meta_vs_real_dia.canal,
            sum(vw_meta_vs_real_dia.receita_meta) AS meta_dia
           FROM vw_meta_vs_real_dia
          WHERE vw_meta_vs_real_dia.data = (( SELECT p.hoje
                   FROM p))
          GROUP BY vw_meta_vs_real_dia.canal
        ), ev AS (
         SELECT string_agg(meta_evento.titulo, ' ┬À '::text) AS titulo,
                CASE
                    WHEN bool_or(meta_evento.tipo = ANY (ARRAY['pico'::text, 'feriado'::text])) THEN 'forte'::text
                    WHEN count(*) > 0 THEN 'leve'::text
                    ELSE NULL::text
                END AS nivel
           FROM meta_evento
          WHERE meta_evento.data = (( SELECT p.hoje
                   FROM p))
        ), base AS (
         SELECT c.canal,
            c.ordem,
            COALESCE(v.vendido, 0::numeric) AS vendido,
            COALESCE(v.pedidos, 0::bigint) AS pedidos,
            v.corte,
            v.atualizado_em,
            m.meta_dia,
            EXTRACT(hour FROM (v.corte AT TIME ZONE 'America/Sao_Paulo'::text))::integer AS h,
            EXTRACT(minute FROM (v.corte AT TIME ZONE 'America/Sao_Paulo'::text)) + EXTRACT(second FROM (v.corte AT TIME ZONE 'America/Sao_Paulo'::text)) / 60.0 AS mi
           FROM canais c
             LEFT JOIN v ON v.canal = c.canal
             LEFT JOIN m ON m.canal = c.canal
        ), fr AS (
         SELECT b.canal,
            b.ordem,
            b.vendido,
            b.pedidos,
            b.corte,
            b.atualizado_em,
            b.meta_dia,
            b.h,
            b.mi,
            f0.fatia + (f1.fatia - f0.fatia) * (b.mi / 60.0) AS fatia,
            f0.n_dias,
            f0.curva_curta
           FROM base b
             LEFT JOIN f f0 ON f0.canal = b.canal AND f0.hora = b.h
             LEFT JOIN f f1 ON f1.canal = b.canal AND f1.hora = (b.h + 1)
        ), calc AS (
         SELECT fr.canal,
            fr.ordem,
            fr.vendido,
            fr.pedidos,
            fr.corte,
            fr.atualizado_em,
            fr.meta_dia,
            fr.h,
            fr.mi,
            fr.fatia,
            fr.n_dias,
            fr.curva_curta,
                CASE
                    WHEN fr.fatia >= 0.03 THEN fr.vendido / fr.fatia
                    ELSE NULL::numeric
                END AS projecao,
            e.q10,
            e.q90
           FROM fr
             LEFT JOIN meta_intraday_erro e ON e.canal = fr.canal AND e.hora = GREATEST(8, LEAST(22, fr.h))
        ), canal_linhas AS (
         SELECT ( SELECT p.hoje
                   FROM p) AS data,
            calc.canal,
            calc.ordem,
            calc.corte,
            calc.vendido,
            calc.pedidos,
            calc.fatia,
            calc.projecao,
            calc.projecao * calc.q10 AS faixa_min,
            calc.projecao * calc.q90 AS faixa_max,
            calc.meta_dia,
            calc.n_dias,
            calc.curva_curta,
            calc.atualizado_em
           FROM calc
        ), total AS (
         SELECT ( SELECT p.hoje
                   FROM p) AS data,
            'Total'::text AS canal,
            9 AS ordem,
            min(canal_linhas.corte) AS corte,
            sum(canal_linhas.vendido) AS vendido,
            sum(canal_linhas.pedidos) AS pedidos,
                CASE
                    WHEN count(canal_linhas.projecao) = 5 THEN sum(canal_linhas.vendido) / NULLIF(sum(canal_linhas.projecao), 0::numeric)
                    ELSE NULL::numeric
                END AS fatia,
                CASE
                    WHEN count(canal_linhas.projecao) = 5 THEN sum(canal_linhas.projecao)
                    ELSE NULL::numeric
                END AS projecao,
            sum(canal_linhas.meta_dia) AS meta_dia,
            min(canal_linhas.n_dias) AS n_dias,
            bool_or(canal_linhas.curva_curta) AS curva_curta,
            max(canal_linhas.atualizado_em) AS atualizado_em
           FROM canal_linhas
        ), total_faixa AS (
         SELECT t_1.data,
            t_1.canal,
            t_1.ordem,
            t_1.corte,
            t_1.vendido,
            t_1.pedidos,
            t_1.fatia,
            t_1.projecao,
            t_1.projecao * e.q10 AS faixa_min,
            t_1.projecao * e.q90 AS faixa_max,
            t_1.meta_dia,
            t_1.n_dias,
            t_1.curva_curta,
            t_1.atualizado_em
           FROM total t_1
             LEFT JOIN meta_intraday_erro e ON e.canal = 'Total'::text AND e.hora = GREATEST(8, LEAST(22, EXTRACT(hour FROM ( SELECT p.agora
                   FROM p))::integer))
        ), todas AS (
         SELECT canal_linhas.data,
            canal_linhas.canal,
            canal_linhas.ordem,
            canal_linhas.corte,
            canal_linhas.vendido,
            canal_linhas.pedidos,
            canal_linhas.fatia,
            canal_linhas.projecao,
            canal_linhas.faixa_min,
            canal_linhas.faixa_max,
            canal_linhas.meta_dia,
            canal_linhas.n_dias,
            canal_linhas.curva_curta,
            canal_linhas.atualizado_em
           FROM canal_linhas
        UNION ALL
         SELECT total_faixa.data,
            total_faixa.canal,
            total_faixa.ordem,
            total_faixa.corte,
            total_faixa.vendido,
            total_faixa.pedidos,
            total_faixa.fatia,
            total_faixa.projecao,
            total_faixa.faixa_min,
            total_faixa.faixa_max,
            total_faixa.meta_dia,
            total_faixa.n_dias,
            total_faixa.curva_curta,
            total_faixa.atualizado_em
           FROM total_faixa
        )
 SELECT data,
    canal,
    ordem,
    corte,
    to_char((corte AT TIME ZONE 'America/Sao_Paulo'::text), 'HH24:MI'::text) AS corte_hhmm,
    round(vendido, 2) AS vendido,
    pedidos,
    round(fatia, 4) AS fatia_esperada,
    round(projecao, 2) AS projecao,
    round(faixa_min, 2) AS faixa_min,
    round(faixa_max, 2) AS faixa_max,
    round(meta_dia, 2) AS meta_dia,
    round(projecao / NULLIF(meta_dia, 0::numeric), 4) AS projecao_vs_meta,
        CASE
            WHEN projecao IS NULL OR meta_dia IS NULL THEN NULL::text
            WHEN (projecao / meta_dia) >= 1::numeric THEN 'No alvo'::text
            WHEN (projecao / meta_dia) >= 0.85 THEN 'Aten├º├úo'::text
            ELSE 'Abaixo'::text
        END AS farol,
    round(meta_dia * fatia, 2) AS meta_ate_agora,
    round(vendido / NULLIF(meta_dia * fatia, 0::numeric), 4) AS ritmo_vs_meta,
    n_dias AS n_dias_curva,
    COALESCE(curva_curta, false) AS curva_curta,
    ( SELECT ev.titulo
           FROM ev) AS evento_titulo,
    ( SELECT ev.nivel
           FROM ev) AS evento_nivel,
    EXTRACT(hour FROM ( SELECT p.agora
           FROM p)) >= 8::numeric AS mostrar_projecao,
    atualizado_em
   FROM todas t;","vw_intraday_hoje"
"create or replace view public.vw_intraday_hoje_hora as
 WITH h AS (
         SELECT vw_intraday_hoje.data,
            vw_intraday_hoje.canal,
            vw_intraday_hoje.ordem,
            vw_intraday_hoje.corte,
            vw_intraday_hoje.corte_hhmm,
            vw_intraday_hoje.vendido,
            vw_intraday_hoje.pedidos,
            vw_intraday_hoje.fatia_esperada,
            vw_intraday_hoje.projecao,
            vw_intraday_hoje.faixa_min,
            vw_intraday_hoje.faixa_max,
            vw_intraday_hoje.meta_dia,
            vw_intraday_hoje.projecao_vs_meta,
            vw_intraday_hoje.farol,
            vw_intraday_hoje.meta_ate_agora,
            vw_intraday_hoje.ritmo_vs_meta,
            vw_intraday_hoje.n_dias_curva,
            vw_intraday_hoje.curva_curta,
            vw_intraday_hoje.evento_titulo,
            vw_intraday_hoje.evento_nivel,
            vw_intraday_hoje.mostrar_projecao,
            vw_intraday_hoje.atualizado_em
           FROM vw_intraday_hoje
          WHERE vw_intraday_hoje.canal <> 'Total'::text
        ), tot AS (
         SELECT vw_intraday_hoje.data,
            vw_intraday_hoje.canal,
            vw_intraday_hoje.ordem,
            vw_intraday_hoje.corte,
            vw_intraday_hoje.corte_hhmm,
            vw_intraday_hoje.vendido,
            vw_intraday_hoje.pedidos,
            vw_intraday_hoje.fatia_esperada,
            vw_intraday_hoje.projecao,
            vw_intraday_hoje.faixa_min,
            vw_intraday_hoje.faixa_max,
            vw_intraday_hoje.meta_dia,
            vw_intraday_hoje.projecao_vs_meta,
            vw_intraday_hoje.farol,
            vw_intraday_hoje.meta_ate_agora,
            vw_intraday_hoje.ritmo_vs_meta,
            vw_intraday_hoje.n_dias_curva,
            vw_intraday_hoje.curva_curta,
            vw_intraday_hoje.evento_titulo,
            vw_intraday_hoje.evento_nivel,
            vw_intraday_hoje.mostrar_projecao,
            vw_intraday_hoje.atualizado_em
           FROM vw_intraday_hoje
          WHERE vw_intraday_hoje.canal = 'Total'::text
        ), hc AS (
         SELECT min(EXTRACT(hour FROM (h.corte AT TIME ZONE 'America/Sao_Paulo'::text)))::integer AS h_min
           FROM h
        ), f AS (
         SELECT intraday_fatias.canal,
            intraday_fatias.hora,
            intraday_fatias.fatia,
            intraday_fatias.n_dias,
            intraday_fatias.curva_curta
           FROM intraday_fatias(( SELECT max(h.data) AS max
                   FROM h)) intraday_fatias(canal, hora, fatia, n_dias, curva_curta)
        ), horas AS (
         SELECT generate_series(0, 23)::smallint AS hora
        ), vh AS (
         SELECT v.canal,
            v.hora,
            v.valor
           FROM fact_venda_hora v
          WHERE v.data = (( SELECT max(h.data) AS max
                   FROM h))
        ), serie AS (
         SELECT h.canal,
            hr.hora,
            h.data,
            EXTRACT(hour FROM (h.corte AT TIME ZONE 'America/Sao_Paulo'::text))::integer AS h_corte,
            h.vendido,
            h.projecao,
            h.faixa_min,
            h.faixa_max,
            h.meta_dia,
            h.fatia_esperada,
            ( SELECT COALESCE(sum(vh.valor), 0::numeric) AS ""coalesce""
                   FROM vh
                  WHERE vh.canal = h.canal AND vh.hora <= hr.hora) AS acum,
            f1.fatia AS fatia_fim
           FROM h
             CROSS JOIN horas hr
             LEFT JOIN f f1 ON f1.canal = h.canal AND f1.hora = (hr.hora + 1)
        ), linhas AS (
         SELECT serie.canal,
            serie.data,
            serie.hora,
            serie.hora + 1 AS hora_fim,
                CASE
                    WHEN serie.hora <= serie.h_corte THEN LEAST(serie.acum, serie.vendido)
                    ELSE NULL::numeric
                END AS vendido_acum,
                CASE
                    WHEN serie.hora >= serie.h_corte AND serie.projecao IS NOT NULL AND serie.fatia_esperada < 1::numeric THEN serie.vendido + (serie.projecao - serie.vendido) * GREATEST(0::numeric, (serie.fatia_fim - serie.fatia_esperada) / (1::numeric - serie.fatia_esperada))
                    ELSE NULL::numeric
                END AS projecao_acum,
                CASE
                    WHEN serie.hora >= serie.h_corte AND serie.projecao IS NOT NULL AND serie.fatia_esperada < 1::numeric THEN serie.vendido + (serie.faixa_min - serie.vendido) * GREATEST(0::numeric, (serie.fatia_fim - serie.fatia_esperada) / (1::numeric - serie.fatia_esperada))
                    ELSE NULL::numeric
                END AS faixa_min_acum,
                CASE
                    WHEN serie.hora >= serie.h_corte AND serie.projecao IS NOT NULL AND serie.fatia_esperada < 1::numeric THEN serie.vendido + (serie.faixa_max - serie.vendido) * GREATEST(0::numeric, (serie.fatia_fim - serie.fatia_esperada) / (1::numeric - serie.fatia_esperada))
                    ELSE NULL::numeric
                END AS faixa_max_acum,
            serie.meta_dia * serie.fatia_fim AS meta_acum
           FROM serie
        ), total AS (
         SELECT 'Total'::text AS canal,
            l.data,
            l.hora,
            l.hora_fim,
                CASE
                    WHEN count(l.vendido_acum) = 5 THEN sum(l.vendido_acum)
                    ELSE NULL::numeric
                END AS vendido_acum,
                CASE
                    WHEN (( SELECT tot.projecao
                       FROM tot)) IS NOT NULL AND l.hora >= (( SELECT hc.h_min
                       FROM hc)) THEN sum(COALESCE(l.projecao_acum, l.vendido_acum))
                    ELSE NULL::numeric
                END AS projecao_acum,
            sum(l.meta_acum) AS meta_acum
           FROM linhas l
          GROUP BY l.data, l.hora, l.hora_fim
        ), total_faixa AS (
         SELECT t.canal,
            t.data,
            t.hora,
            t.hora_fim,
            t.vendido_acum,
            t.projecao_acum,
                CASE
                    WHEN t.projecao_acum IS NOT NULL THEN tt.vendido + (tt.faixa_min - tt.vendido) * (t.projecao_acum - tt.vendido) / NULLIF(tt.projecao - tt.vendido, 0::numeric)
                    ELSE NULL::numeric
                END AS faixa_min_acum,
                CASE
                    WHEN t.projecao_acum IS NOT NULL THEN tt.vendido + (tt.faixa_max - tt.vendido) * (t.projecao_acum - tt.vendido) / NULLIF(tt.projecao - tt.vendido, 0::numeric)
                    ELSE NULL::numeric
                END AS faixa_max_acum,
            t.meta_acum
           FROM total t
             CROSS JOIN tot tt
        )
 SELECT linhas.canal,
    linhas.data,
    linhas.hora,
    linhas.hora_fim,
    round(linhas.vendido_acum, 2) AS vendido_acum,
    round(linhas.projecao_acum, 2) AS projecao_acum,
    round(linhas.faixa_min_acum, 2) AS faixa_min_acum,
    round(linhas.faixa_max_acum, 2) AS faixa_max_acum,
    round(linhas.meta_acum, 2) AS meta_acum
   FROM linhas
UNION ALL
 SELECT total_faixa.canal,
    total_faixa.data,
    total_faixa.hora,
    total_faixa.hora_fim,
    round(total_faixa.vendido_acum, 2) AS vendido_acum,
    round(total_faixa.projecao_acum, 2) AS projecao_acum,
    round(total_faixa.faixa_min_acum, 2) AS faixa_min_acum,
    round(total_faixa.faixa_max_acum, 2) AS faixa_max_acum,
    round(total_faixa.meta_acum, 2) AS meta_acum
   FROM total_faixa;","vw_intraday_hoje_hora"
"create or replace view public.vw_item_conversao_dia as
 SELECT data,
    item_id,
    title,
    seller_sku,
    price,
    visitas,
    unidades_vendidas,
    receita,
    pedidos,
    conversao_pct
   FROM tab_item_conversao_dia;","vw_item_conversao_dia"
"create or replace view public.vw_live_canal_dia as
 SELECT (inicio AT TIME ZONE 'America/Sao_Paulo'::text)::date AS dia,
    canal,
    canal = ANY (ARRAY['tiktok'::text, 'shopee'::text]) AS informa_receita,
    count(*) AS lives,
    count(*) FILTER (WHERE COALESCE(gmv, 0::numeric) = 0::numeric AND (canal = ANY (ARRAY['tiktok'::text, 'shopee'::text]))) AS lives_sem_venda,
    round(sum(gmv), 2) AS gmv,
    sum(pedidos) AS pedidos,
    sum(unidades) AS unidades,
    sum(espectadores) AS espectadores,
    sum(visualizacoes) AS visualizacoes,
    sum(comentarios) AS comentarios,
    sum(novos_seguidores) AS novos_seguidores,
    sum((bruto ->> 'atc'::text)::integer) AS adicoes_carrinho,
    round(sum(
        CASE
            WHEN fim > inicio THEN EXTRACT(epoch FROM fim - inicio) / 60.0
            ELSE NULL::numeric
        END), 1) AS minutos_no_ar,
        CASE
            WHEN sum(pedidos) > 0 THEN round(sum(gmv) / sum(pedidos)::numeric, 2)
            ELSE NULL::numeric
        END AS ticket_medio,
        CASE
            WHEN sum(espectadores) > 0 THEN round(100.0 * sum(clientes)::numeric / sum(espectadores)::numeric, 2)
            ELSE NULL::numeric
        END AS conversao_espectador_pct
   FROM live_sessao
  WHERE inicio IS NOT NULL AND NOT COALESCE((bruto ->> 'is_test'::text)::boolean, false)
  GROUP BY ((inicio AT TIME ZONE 'America/Sao_Paulo'::text)::date), canal, (canal = ANY (ARRAY['tiktok'::text, 'shopee'::text]));","vw_live_canal_dia"
"create or replace view public.vw_live_classificacao as
 WITH base AS (
         SELECT s.id,
            s.canal,
            (s.inicio AT TIME ZONE 'America/Sao_Paulo'::text) AS br,
            (s.inicio AT TIME ZONE 'America/Sao_Paulo'::text)::date AS dia,
            s.titulo,
            s.gmv,
            s.espectadores,
                CASE
                    WHEN s.fim > s.inicio THEN EXTRACT(epoch FROM s.fim - s.inicio) / 60.0
                    ELSE NULL::numeric
                END AS dur_min,
            COALESCE((s.bruto ->> 'is_test'::text)::boolean, false) AS teste
           FROM live_sessao s
          WHERE s.inicio IS NOT NULL
        ), campanha AS (
         SELECT base.dia,
            bool_or(COALESCE(base.titulo, ''::text) ~ '(^|[^0-9])([0-9]{1,2})\.\2([^0-9]|$)'::text) AS dia_de_campanha
           FROM base
          GROUP BY base.dia
        )
 SELECT b.id,
    b.canal,
    b.dia,
    b.teste,
    EXTRACT(isodow FROM b.dia)::integer AS dia_semana_num,
        CASE EXTRACT(isodow FROM b.dia)
            WHEN 1 THEN 'segunda'::text
            WHEN 2 THEN 'ter├ºa'::text
            WHEN 3 THEN 'quarta'::text
            WHEN 4 THEN 'quinta'::text
            WHEN 5 THEN 'sexta'::text
            WHEN 6 THEN 's├íbado'::text
            ELSE 'domingo'::text
        END AS dia_semana,
    EXTRACT(isodow FROM b.dia) < 6::numeric AS dia_util,
        CASE
            WHEN EXTRACT(hour FROM b.br) < 9::numeric THEN '1. antes das 9h'::text
            WHEN EXTRACT(hour FROM b.br) < 12::numeric THEN '2. 9h ├ás 12h'::text
            WHEN EXTRACT(hour FROM b.br) < 15::numeric THEN '3. 12h ├ás 15h'::text
            WHEN EXTRACT(hour FROM b.br) < 18::numeric THEN '4. 15h ├ás 18h'::text
            WHEN EXTRACT(hour FROM b.br) < 21::numeric THEN '5. 18h ├ás 21h'::text
            ELSE '6. depois das 21h'::text
        END AS faixa_horario,
        CASE
            WHEN b.dur_min IS NULL THEN NULL::text
            WHEN b.dur_min < 30::numeric THEN '1. menos de 30 min'::text
            WHEN b.dur_min < 60::numeric THEN '2. 30 a 60 min'::text
            WHEN b.dur_min < 120::numeric THEN '3. 1 a 2 h'::text
            WHEN b.dur_min < 180::numeric THEN '4. 2 a 3 h'::text
            ELSE '5. mais de 3 h'::text
        END AS faixa_duracao,
        CASE
            WHEN b.espectadores IS NULL THEN NULL::text
            WHEN b.espectadores < 500 THEN '1. at├® 500'::text
            WHEN b.espectadores < 1500 THEN '2. 500 a 1,5 mil'::text
            WHEN b.espectadores < 4000 THEN '3. 1,5 a 4 mil'::text
            ELSE '4. mais de 4 mil'::text
        END AS faixa_audiencia,
    c.dia_de_campanha,
        CASE
            WHEN b.canal = 'site'::text THEN NULL::boolean
            ELSE COALESCE(b.gmv, 0::numeric) > 0::numeric
        END AS teve_venda
   FROM base b
     JOIN campanha c ON c.dia = b.dia;","vw_live_classificacao"
"create or replace view public.vw_live_dia as
 SELECT (inicio AT TIME ZONE 'America/Sao_Paulo'::text)::date AS dia,
    canal,
    interna,
    count(*) AS lives,
    round(sum(COALESCE(gmv, 0::numeric)), 2) AS gmv,
    sum(COALESCE(pedidos, 0)) AS pedidos,
    sum(COALESCE(unidades, 0)) AS unidades,
    sum(COALESCE(clientes, 0)) AS clientes,
    sum(COALESCE(espectadores, 0)) AS espectadores,
    sum(COALESCE(visualizacoes, 0)) AS visualizacoes,
    sum(COALESCE(curtidas, 0)) AS curtidas,
    sum(COALESCE(comentarios, 0)) AS comentarios,
    sum(COALESCE(novos_seguidores, 0)) AS novos_seguidores,
    round(sum(
        CASE
            WHEN fim > inicio THEN EXTRACT(epoch FROM fim - inicio) / 60.0
            ELSE NULL::numeric
        END), 1) AS minutos_no_ar,
        CASE
            WHEN sum(COALESCE(pedidos, 0)) > 0 THEN round(sum(COALESCE(gmv, 0::numeric)) / sum(COALESCE(pedidos, 0))::numeric, 2)
            ELSE NULL::numeric
        END AS ticket_medio,
        CASE
            WHEN sum(COALESCE(espectadores, 0)) > 0 THEN round(100.0 * sum(COALESCE(clientes, 0))::numeric / sum(COALESCE(espectadores, 0))::numeric, 2)
            ELSE NULL::numeric
        END AS conversao_espectador_pct,
        CASE
            WHEN sum(COALESCE(impressoes_produto, 0)) > 0 THEN round(100.0 * sum(COALESCE(cliques_produto, 0))::numeric / sum(COALESCE(impressoes_produto, 0))::numeric, 2)
            ELSE NULL::numeric
        END AS ctr_produto_pct
   FROM live_sessao
  WHERE inicio IS NOT NULL
  GROUP BY ((inicio AT TIME ZONE 'America/Sao_Paulo'::text)::date), canal, interna;","vw_live_dia"
"create or replace view public.vw_live_produto_dia as
 WITH dias_live AS (
         SELECT live_sessao.canal,
            (live_sessao.inicio AT TIME ZONE 'America/Sao_Paulo'::text)::date AS dia,
            count(*) AS lives
           FROM live_sessao
          WHERE live_sessao.inicio IS NOT NULL AND (live_sessao.canal = ANY (ARRAY['shopee'::text, 'tiktok'::text]))
          GROUP BY live_sessao.canal, ((live_sessao.inicio AT TIME ZONE 'America/Sao_Paulo'::text)::date)
        ), base AS (
         SELECT 'shopee'::text AS canal,
            fact_shopee_venda_produto_dia.data AS dia,
            COALESCE(NULLIF(TRIM(BOTH FROM fact_shopee_venda_produto_dia.produto), ''::text), 'sem nome'::text) AS produto,
            max(fact_shopee_venda_produto_dia.item_sku) AS sku,
            sum(fact_shopee_venda_produto_dia.receita) AS receita,
            sum(fact_shopee_venda_produto_dia.pedidos) AS pedidos,
            sum(fact_shopee_venda_produto_dia.unidades) AS unidades
           FROM fact_shopee_venda_produto_dia
          GROUP BY 'shopee'::text, fact_shopee_venda_produto_dia.data, (COALESCE(NULLIF(TRIM(BOTH FROM fact_shopee_venda_produto_dia.produto), ''::text), 'sem nome'::text))
        UNION ALL
         SELECT 'tiktok'::text AS text,
            fact_tiktok_venda_produto_dia.data,
            COALESCE(NULLIF(TRIM(BOTH FROM fact_tiktok_venda_produto_dia.produto), ''::text), 'sem nome'::text) AS ""coalesce"",
            max(fact_tiktok_venda_produto_dia.seller_sku) AS max,
            sum(fact_tiktok_venda_produto_dia.receita) AS sum,
            sum(fact_tiktok_venda_produto_dia.pedidos) AS sum,
            sum(fact_tiktok_venda_produto_dia.unidades) AS sum
           FROM fact_tiktok_venda_produto_dia
          GROUP BY 'tiktok'::text, fact_tiktok_venda_produto_dia.data, (COALESCE(NULLIF(TRIM(BOTH FROM fact_tiktok_venda_produto_dia.produto), ''::text), 'sem nome'::text))
        )
 SELECT b.canal,
    b.dia,
    b.produto,
    b.sku,
    round(b.receita, 2) AS receita,
    b.pedidos,
    b.unidades,
    d.lives IS NOT NULL AS teve_live,
    COALESCE(d.lives, 0::bigint) AS lives_no_dia,
    to_char(b.dia::timestamp with time zone, 'ID'::text) <> ALL (ARRAY['6'::text, '7'::text]) AS dia_util
   FROM base b
     LEFT JOIN dias_live d ON d.canal = b.canal AND d.dia = b.dia;","vw_live_produto_dia"
"create or replace view public.vw_live_publico_dia as
 SELECT (inicio AT TIME ZONE 'America/Sao_Paulo'::text)::date AS dia,
    canal,
    count(*) AS lives,
    sum(espectadores) AS espectadores,
    sum(visualizacoes) AS visualizacoes,
        CASE
            WHEN sum(espectadores) > 0 THEN round(sum(tempo_medio_seg::numeric * espectadores::numeric) / sum(espectadores)::numeric, 0)
            ELSE NULL::numeric
        END AS tempo_medio_seg,
    round(percentile_cont(0.5::double precision) WITHIN GROUP (ORDER BY (espectadores::double precision))::numeric, 0) AS mediana_espectadores,
    sum(comentarios) AS comentarios,
    sum(curtidas) AS curtidas,
    sum(novos_seguidores) AS novos_seguidores,
    sum(clientes) AS compradores,
    sum(pedidos) AS pedidos,
    round(sum(gmv), 2) AS gmv
   FROM live_sessao
  WHERE inicio IS NOT NULL AND NOT COALESCE((bruto ->> 'is_test'::text)::boolean, false)
  GROUP BY ((inicio AT TIME ZONE 'America/Sao_Paulo'::text)::date), canal;","vw_live_publico_dia"
"create or replace view public.vw_live_publico_faixa as
 SELECT (inicio AT TIME ZONE 'America/Sao_Paulo'::text)::date AS dia,
    canal,
        CASE
            WHEN espectadores < 500 THEN '1. ate 500'::text
            WHEN espectadores < 1500 THEN '2. 500 a 1,5 mil'::text
            WHEN espectadores < 4000 THEN '3. 1,5 a 4 mil'::text
            ELSE '4. mais de 4 mil'::text
        END AS faixa,
    count(*) AS lives,
    sum(espectadores) AS espectadores,
    sum(pedidos) AS pedidos,
    sum(clientes) AS compradores,
    round(sum(gmv), 2) AS gmv,
    round(sum(
        CASE
            WHEN fim > inicio THEN EXTRACT(epoch FROM fim - inicio) / 3600.0
            ELSE NULL::numeric
        END), 2) AS horas
   FROM live_sessao
  WHERE inicio IS NOT NULL AND espectadores IS NOT NULL AND (canal = ANY (ARRAY['shopee'::text, 'tiktok'::text])) AND NOT COALESCE((bruto ->> 'is_test'::text)::boolean, false)
  GROUP BY ((inicio AT TIME ZONE 'America/Sao_Paulo'::text)::date), canal, (
        CASE
            WHEN espectadores < 500 THEN '1. ate 500'::text
            WHEN espectadores < 1500 THEN '2. 500 a 1,5 mil'::text
            WHEN espectadores < 4000 THEN '3. 1,5 a 4 mil'::text
            ELSE '4. mais de 4 mil'::text
        END);","vw_live_publico_faixa"
"create or replace view public.vw_live_sessao as
 SELECT s.id,
    s.canal,
    s.ref_externa,
    (s.inicio AT TIME ZONE 'America/Sao_Paulo'::text)::date AS dia,
    s.titulo,
    s.apresentador,
    s.interna,
    s.inicio,
    s.fim,
        CASE
            WHEN s.fim > s.inicio THEN round(EXTRACT(epoch FROM s.fim - s.inicio) / 60.0, 1)
            ELSE NULL::numeric
        END AS duracao_min,
    s.gmv,
    s.pedidos,
    s.unidades,
    s.clientes,
    s.produtos_distintos,
    s.espectadores,
    s.visualizacoes,
    s.tempo_medio_seg,
    s.curtidas,
    s.comentarios,
    s.compartilhamentos,
    s.novos_seguidores,
    s.impressoes_produto,
    s.cliques_produto,
        CASE
            WHEN s.pedidos > 0 THEN round(s.gmv / s.pedidos::numeric, 2)
            ELSE NULL::numeric
        END AS ticket_medio,
        CASE
            WHEN s.fim > s.inicio AND EXTRACT(epoch FROM s.fim - s.inicio) > 0::numeric THEN round(s.gmv / (EXTRACT(epoch FROM s.fim - s.inicio) / 3600.0), 2)
            ELSE NULL::numeric
        END AS gmv_por_hora,
        CASE
            WHEN s.espectadores > 0 THEN round(100.0 * s.clientes::numeric / s.espectadores::numeric, 2)
            ELSE NULL::numeric
        END AS conversao_espectador_pct,
        CASE
            WHEN s.impressoes_produto > 0 THEN round(100.0 * s.cliques_produto::numeric / s.impressoes_produto::numeric, 2)
            ELSE NULL::numeric
        END AS ctr_produto_pct,
        CASE
            WHEN s.cliques_produto > 0 THEN round(100.0 * s.pedidos::numeric / s.cliques_produto::numeric, 2)
            ELSE NULL::numeric
        END AS clique_para_pedido_pct,
        CASE
            WHEN s.visualizacoes > 0 THEN round(1000.0 * s.gmv / s.visualizacoes::numeric, 2)
            ELSE NULL::numeric
        END AS gmv_por_mil_views,
    s.fonte,
    s.observacao,
    s.atualizado_em,
    a.quem_apresentou,
    a.teve_influenciador,
    a.influenciador
   FROM live_sessao s
     LEFT JOIN live_apresentacao a ON a.canal = s.canal AND a.ref_externa = s.ref_externa;","vw_live_sessao"
"create or replace view public.vw_live_shopee_produto as
 SELECT s.sessao_id,
    (s.inicio AT TIME ZONE 'America/Sao_Paulo'::text)::date AS dia,
    to_char((s.inicio AT TIME ZONE 'America/Sao_Paulo'::text), 'DD/MM/YYYY'::text) AS data_br,
    to_char((s.inicio AT TIME ZONE 'America/Sao_Paulo'::text), 'HH24:MI'::text) AS hora_br,
    COALESCE(NULLIF(TRIM(BOTH FROM s.titulo), ''::text), 'sem titulo'::text) AS live,
    p.item_id,
    COALESCE(NULLIF(TRIM(BOTH FROM d.nome), ''::text), 'item '::text || p.item_id) AS produto,
    d.item_sku AS sku,
    p.cliques,
    p.atc,
    p.pedidos_feitos,
    p.itens_feitos,
    round(p.vendas_feitas, 2) AS vendas_feitas,
    p.pedidos_confirmados,
    p.itens_confirmados,
    round(p.vendas_confirmadas, 2) AS vendas_confirmadas,
        CASE
            WHEN p.cliques > 0 THEN round(100.0 * p.pedidos_confirmados::numeric / p.cliques::numeric, 2)
            ELSE NULL::numeric
        END AS clique_para_pedido_pct,
        CASE
            WHEN p.atc > 0 THEN round(100.0 * p.pedidos_confirmados::numeric / p.atc::numeric, 2)
            ELSE NULL::numeric
        END AS atc_para_pedido_pct
   FROM live_shopee_produto p
     JOIN live_shopee_sessao s ON s.sessao_id = p.sessao_id
     LEFT JOIN dim_shopee_produto d ON d.item_id = p.item_id::text;","vw_live_shopee_produto"
"create or replace view public.vw_live_shopee_produto_dia as
 WITH live AS (
         SELECT (s.inicio AT TIME ZONE 'America/Sao_Paulo'::text)::date AS dia,
            p.item_id::text AS item_id,
            sum(p.cliques) AS cliques,
            sum(p.atc) AS atc,
            sum(p.pedidos_confirmados) AS pedidos,
            sum(p.itens_confirmados) AS itens,
            sum(p.vendas_confirmadas) AS vendas,
            count(*) AS lives
           FROM live_shopee_produto p
             JOIN live_shopee_sessao s ON s.sessao_id = p.sessao_id
          GROUP BY ((s.inicio AT TIME ZONE 'America/Sao_Paulo'::text)::date), (p.item_id::text)
        ), canal AS (
         SELECT fact_shopee_venda_produto_dia.data AS dia,
            fact_shopee_venda_produto_dia.item_id,
            sum(fact_shopee_venda_produto_dia.pedidos) AS pedidos,
            sum(fact_shopee_venda_produto_dia.unidades) AS unidades,
            sum(fact_shopee_venda_produto_dia.receita) AS receita
           FROM fact_shopee_venda_produto_dia
          GROUP BY fact_shopee_venda_produto_dia.data, fact_shopee_venda_produto_dia.item_id
        )
 SELECT COALESCE(l.dia, c.dia) AS dia,
    COALESCE(l.item_id, c.item_id) AS item_id,
    COALESCE(NULLIF(TRIM(BOTH FROM d.nome), ''::text), 'item '::text || COALESCE(l.item_id, c.item_id)) AS produto,
    d.item_sku AS sku,
    l.lives AS lives_com_o_produto,
    l.cliques,
    l.atc,
    l.pedidos AS pedidos_live,
    l.itens AS itens_live,
    round(l.vendas, 2) AS vendas_live,
    c.pedidos AS pedidos_canal,
    c.unidades AS unidades_canal,
    round(c.receita, 2) AS receita_canal,
        CASE
            WHEN c.receita > 0::numeric AND l.vendas IS NOT NULL THEN round(100.0 * l.vendas / c.receita, 1)
            ELSE NULL::numeric
        END AS pct_da_receita_do_canal
   FROM live l
     FULL JOIN canal c ON c.dia = l.dia AND c.item_id = l.item_id
     LEFT JOIN dim_shopee_produto d ON d.item_id = COALESCE(l.item_id, c.item_id);","vw_live_shopee_produto_dia"
"create or replace view public.vw_live_silencio as
 WITH ult AS (
         SELECT live_sessao.canal,
            max((live_sessao.inicio AT TIME ZONE 'America/Sao_Paulo'::text)::date) AS ultimo_dia
           FROM live_sessao
          WHERE live_sessao.inicio IS NOT NULL AND NOT COALESCE((live_sessao.bruto ->> 'is_test'::text)::boolean, false)
          GROUP BY live_sessao.canal
        )
 SELECT canal,
    ultimo_dia,
    (( SELECT count(*) AS count
           FROM generate_series((u.ultimo_dia + 1)::timestamp with time zone, ((now() AT TIME ZONE 'America/Sao_Paulo'::text)::date - 1)::timestamp with time zone, '1 day'::interval) d(d)
          WHERE EXTRACT(isodow FROM d.d) < 6::numeric))::integer AS dias_uteis_sem_live,
        CASE canal
            WHEN 'shopee'::text THEN 2
            WHEN 'tiktok'::text THEN 5
            ELSE 2
        END AS limite,
    ( SELECT round(sum(s2.gmv) / NULLIF(count(DISTINCT (s2.inicio AT TIME ZONE 'America/Sao_Paulo'::text)::date), 0)::numeric, 0) AS round
           FROM live_sessao s2
          WHERE s2.canal = u.canal AND s2.gmv IS NOT NULL AND s2.inicio >= (now() - '45 days'::interval)) AS gmv_por_dia_ativo
   FROM ult u;","vw_live_silencio"
"create or replace view public.vw_live_site_cupom as
 SELECT s.id AS live_id,
    (s.inicio AT TIME ZONE 'America/Sao_Paulo'::text)::date AS dia_live,
    s.titulo,
    lc.cupom,
    cd.data AS dia_venda,
    cd.pedidos,
    cd.total_pago
   FROM live_sessao s
     JOIN live_cupom lc ON lc.live_id = s.id
     LEFT JOIN vw_site_cupom_dia cd ON cd.cupom = lc.cupom
  WHERE s.canal = 'site'::text;","vw_live_site_cupom"
"create or replace view public.vw_live_site_dia as
 SELECT cd.data AS dia,
    cd.cupom,
    cd.pedidos,
    round(cd.total_pago, 2) AS total_pago,
        CASE
            WHEN cd.pedidos > 0 THEN round(cd.total_pago / cd.pedidos::numeric, 2)
            ELSE NULL::numeric
        END AS ticket_medio
   FROM vw_site_cupom_dia cd
     JOIN live_marcador_site m ON m.cupom = cd.cupom AND m.ativo;","vw_live_site_dia"
"create or replace view public.vw_live_site_reguas as
 SELECT vw_live_site_dia.dia,
    'cupom de live'::text AS regua,
    sum(vw_live_site_dia.pedidos)::integer AS pedidos,
    round(sum(vw_live_site_dia.total_pago), 2) AS valor
   FROM vw_live_site_dia
  GROUP BY vw_live_site_dia.dia
UNION ALL
 SELECT live_site_atribuicao_dia.dia,
    'atribui├º├úo do LyveCom'::text AS regua,
    sum(live_site_atribuicao_dia.pedidos)::integer AS pedidos,
    round(sum(live_site_atribuicao_dia.valor), 2) AS valor
   FROM live_site_atribuicao_dia
  GROUP BY live_site_atribuicao_dia.dia;","vw_live_site_reguas"
"create or replace view public.vw_live_ticket_dia as
 WITH live AS (
         SELECT (live_sessao.inicio AT TIME ZONE 'America/Sao_Paulo'::text)::date AS dia,
            live_sessao.canal,
            sum(live_sessao.gmv) AS gmv,
            sum(live_sessao.pedidos) AS pedidos
           FROM live_sessao
          WHERE live_sessao.inicio IS NOT NULL AND (live_sessao.canal = ANY (ARRAY['shopee'::text, 'tiktok'::text])) AND NOT COALESCE((live_sessao.bruto ->> 'is_test'::text)::boolean, false)
          GROUP BY ((live_sessao.inicio AT TIME ZONE 'America/Sao_Paulo'::text)::date), live_sessao.canal
        UNION ALL
         SELECT live_site_atribuicao_dia.dia,
            'site'::text AS text,
            sum(live_site_atribuicao_dia.valor) AS sum,
            sum(live_site_atribuicao_dia.pedidos) AS sum
           FROM live_site_atribuicao_dia
          GROUP BY live_site_atribuicao_dia.dia, 'site'::text
        ), canal AS (
         SELECT fact_receita_diaria.data AS dia,
                CASE fact_receita_diaria.canal_venda
                    WHEN 'Shopee'::text THEN 'shopee'::text
                    WHEN 'TikTok'::text THEN 'tiktok'::text
                    WHEN 'Site'::text THEN 'site'::text
                    ELSE NULL::text
                END AS canal,
            sum(fact_receita_diaria.receita_total) AS receita,
            sum(fact_receita_diaria.pedidos) AS pedidos
           FROM fact_receita_diaria
          WHERE fact_receita_diaria.canal_venda = ANY (ARRAY['Shopee'::text, 'TikTok'::text, 'Site'::text])
          GROUP BY fact_receita_diaria.data, (
                CASE fact_receita_diaria.canal_venda
                    WHEN 'Shopee'::text THEN 'shopee'::text
                    WHEN 'TikTok'::text THEN 'tiktok'::text
                    WHEN 'Site'::text THEN 'site'::text
                    ELSE NULL::text
                END)
        )
 SELECT c.dia,
    c.canal,
    round(l.gmv, 2) AS gmv_live,
    l.pedidos AS pedidos_live,
        CASE
            WHEN l.pedidos > 0 THEN round(l.gmv / l.pedidos::numeric, 2)
            ELSE NULL::numeric
        END AS ticket_live,
    round(c.receita, 2) AS receita_canal,
    c.pedidos AS pedidos_canal,
        CASE
            WHEN c.pedidos > 0::numeric THEN round(c.receita / c.pedidos, 2)
            ELSE NULL::numeric
        END AS ticket_canal,
        CASE
            WHEN (c.pedidos - COALESCE(l.pedidos, 0::bigint)::numeric) > 0::numeric THEN round(c.receita - COALESCE(l.gmv, 0::numeric), 2)
            ELSE NULL::numeric
        END AS receita_fora,
        CASE
            WHEN (c.pedidos - COALESCE(l.pedidos, 0::bigint)::numeric) > 0::numeric THEN c.pedidos - COALESCE(l.pedidos, 0::bigint)::numeric
            ELSE NULL::numeric
        END AS pedidos_fora,
        CASE
            WHEN (c.pedidos - COALESCE(l.pedidos, 0::bigint)::numeric) > 0::numeric THEN round((c.receita - COALESCE(l.gmv, 0::numeric)) / (c.pedidos - COALESCE(l.pedidos, 0::bigint)::numeric), 2)
            ELSE NULL::numeric
        END AS ticket_fora,
        CASE
            WHEN l.pedidos > 0 AND (c.pedidos - l.pedidos::numeric) > 0::numeric AND ((c.receita - l.gmv) / (c.pedidos - l.pedidos::numeric)) > 0::numeric THEN round(100.0 * (l.gmv / l.pedidos::numeric / ((c.receita - l.gmv) / (c.pedidos - l.pedidos::numeric)) - 1::numeric), 1)
            ELSE NULL::numeric
        END AS premio_pct,
    c.canal = 'site'::text AS regua_e_piso
   FROM canal c
     LEFT JOIN live l ON l.canal = c.canal AND l.dia = c.dia
  WHERE c.canal IS NOT NULL;","vw_live_ticket_dia"
"create or replace view public.vw_live_tiktok_share as
 SELECT c.data AS dia,
    round(c.gmv_live, 2) AS gmv_live_canal,
    round(COALESCE(n.gmv, 0::numeric), 2) AS gmv_nossas_lives,
    COALESCE(n.lives, 0::bigint) AS nossas_lives,
    round(GREATEST(c.gmv_live - COALESCE(n.gmv, 0::numeric), 0::numeric), 2) AS gmv_de_terceiros,
        CASE
            WHEN c.gmv_live > 0::numeric THEN round(100.0 * COALESCE(n.gmv, 0::numeric) / c.gmv_live, 1)
            ELSE NULL::numeric
        END AS share_nossas_pct,
    c.compradores_live AS compradores_live_canal,
    c.visit_live AS visitas_live_canal
   FROM fact_tiktok_conteudo_dia c
     LEFT JOIN ( SELECT (live_sessao.inicio AT TIME ZONE 'America/Sao_Paulo'::text)::date AS dia,
            count(*) AS lives,
            sum(COALESCE(live_sessao.gmv, 0::numeric)) AS gmv
           FROM live_sessao
          WHERE live_sessao.canal = 'tiktok'::text AND live_sessao.interna AND live_sessao.inicio IS NOT NULL
          GROUP BY ((live_sessao.inicio AT TIME ZONE 'America/Sao_Paulo'::text)::date)) n ON n.dia = c.data
  WHERE COALESCE(c.gmv_live, 0::numeric) > 0::numeric;","vw_live_tiktok_share"
"create or replace view public.vw_live_top as
 SELECT id,
    canal,
    (inicio AT TIME ZONE 'America/Sao_Paulo'::text)::date AS dia,
    to_char((inicio AT TIME ZONE 'America/Sao_Paulo'::text), 'DD/MM/YYYY'::text) AS data_br,
    to_char((inicio AT TIME ZONE 'America/Sao_Paulo'::text), 'HH24:MI'::text) AS hora_br,
    to_char((inicio AT TIME ZONE 'America/Sao_Paulo'::text), 'TMDy'::text) AS dia_semana,
    COALESCE(NULLIF(TRIM(BOTH FROM titulo), ''::text), 'sem titulo'::text) AS titulo,
        CASE
            WHEN fim > inicio THEN round(EXTRACT(epoch FROM fim - inicio) / 60.0, 0)
            ELSE NULL::numeric
        END AS duracao_min,
    round(gmv, 2) AS gmv,
    pedidos,
    unidades,
    espectadores,
        CASE
            WHEN pedidos > 0 THEN round(gmv / pedidos::numeric, 2)
            ELSE NULL::numeric
        END AS ticket_medio,
        CASE
            WHEN fim > inicio THEN round(gmv / (EXTRACT(epoch FROM fim - inicio) / 3600.0), 2)
            ELSE NULL::numeric
        END AS gmv_por_hora,
        CASE
            WHEN espectadores > 0 AND pedidos IS NOT NULL THEN round(100.0 * pedidos::numeric / espectadores::numeric, 2)
            ELSE NULL::numeric
        END AS pedidos_por_100_espectadores,
    canal = ANY (ARRAY['tiktok'::text, 'shopee'::text]) AS informa_receita
   FROM live_sessao s
  WHERE inicio IS NOT NULL AND NOT COALESCE((bruto ->> 'is_test'::text)::boolean, false);","vw_live_top"
"create or replace view public.vw_meta_ad_diario as
 SELECT m.data,
    m.ad_id,
    COALESCE(da.ad_name, ('(novo ÔÇö aguardando sync #'::text || m.ad_id) || ')'::text) AS ad_name,
    da.adset_id,
    COALESCE(cj.adset_name, '(novo ÔÇö aguardando sync)'::text) AS adset_name,
    da.campaign_id,
    COALESCE(ca.campaign_name, '(novo ÔÇö aguardando sync)'::text) AS campaign_name,
    COALESCE(ca.objetivo, 'OUTROS'::text) AS objetivo,
    COALESCE(sum(m.valor) FILTER (WHERE m.metrica = 'spend'::text), 0::numeric) AS gasto,
    COALESCE(sum(m.valor) FILTER (WHERE m.metrica = 'impressions'::text), 0::numeric) AS impressoes,
    sum(m.valor) FILTER (WHERE m.metrica = 'reach'::text) AS alcance,
    COALESCE(sum(m.valor) FILTER (WHERE m.metrica = 'clicks'::text), 0::numeric) AS cliques,
    COALESCE(sum(m.valor) FILTER (WHERE m.metrica = 'actions_purchase'::text), 0::numeric) AS compras,
    COALESCE(sum(m.valor) FILTER (WHERE m.metrica = 'action_values_purchase'::text), 0::numeric) AS receita,
    COALESCE(sum(m.valor) FILTER (WHERE m.metrica = 'actions_add_to_cart'::text), 0::numeric) AS add_carrinho,
    COALESCE(sum(m.valor) FILTER (WHERE m.metrica = 'actions_initiate_checkout'::text), 0::numeric) AS checkout_iniciado,
    COALESCE(sum(m.valor) FILTER (WHERE m.metrica = 'actions_landing_page_view'::text), 0::numeric) AS lpv,
    COALESCE(sum(m.valor) FILTER (WHERE m.metrica = 'video_thruplay_watched_actions_video_view'::text), 0::numeric) AS thruplays,
    round(COALESCE(sum(m.valor) FILTER (WHERE m.metrica = 'action_values_purchase'::text), 0::numeric) / NULLIF(sum(m.valor) FILTER (WHERE m.metrica = 'spend'::text), 0::numeric), 2) AS roas,
    round(COALESCE(sum(m.valor) FILTER (WHERE m.metrica = 'spend'::text), 0::numeric) / NULLIF(sum(m.valor) FILTER (WHERE m.metrica = 'impressions'::text), 0::numeric) * 1000::numeric, 2) AS cpm,
    round(COALESCE(sum(m.valor) FILTER (WHERE m.metrica = 'spend'::text), 0::numeric) / NULLIF(sum(m.valor) FILTER (WHERE m.metrica = 'actions_purchase'::text), 0::numeric), 2) AS cpa,
    round(COALESCE(sum(m.valor) FILTER (WHERE m.metrica = 'clicks'::text), 0::numeric) / NULLIF(sum(m.valor) FILTER (WHERE m.metrica = 'impressions'::text), 0::numeric) * 100::numeric, 2) AS ctr,
    round(COALESCE(sum(m.valor) FILTER (WHERE m.metrica = 'spend'::text), 0::numeric) / NULLIF(sum(m.valor) FILTER (WHERE m.metrica = 'clicks'::text), 0::numeric), 2) AS cpc
   FROM meta_ads_metricas m
     LEFT JOIN dim_meta_anuncio da ON da.ad_id = m.ad_id
     LEFT JOIN dim_meta_conjunto cj ON cj.adset_id = da.adset_id
     LEFT JOIN dim_meta_campanha ca ON ca.campaign_id = da.campaign_id
  GROUP BY m.data, m.ad_id, da.ad_name, da.adset_id, cj.adset_name, da.campaign_id, ca.campaign_name, ca.objetivo;","vw_meta_ad_diario"
"create or replace view public.vw_meta_ad_status as
 SELECT a.ad_id,
    a.adset_id,
    a.campaign_id,
    a.status AS status_anuncio,
    cj.status AS status_conjunto,
    cp.configured_status AS status_campanha,
    COALESCE(a.effective_status, a.status) AS status_efetivo,
    COALESCE(a.effective_status = 'ACTIVE'::text, false) AS no_ar
   FROM dim_meta_anuncio a
     LEFT JOIN dim_meta_conjunto cj ON cj.adset_id = a.adset_id
     LEFT JOIN dim_meta_campanha cp ON cp.campaign_id = a.campaign_id;","vw_meta_ad_status"
"create or replace view public.vw_meta_anuncio_dia as
 WITH hoje AS (
         SELECT max(meta_ads_intraday.data) AS d
           FROM meta_ads_intraday
        ), f AS (
         SELECT meta_ads_metricas.data,
            meta_ads_metricas.ad_id,
            sum(meta_ads_metricas.valor) FILTER (WHERE meta_ads_metricas.metrica = 'spend'::text) AS gasto,
            sum(meta_ads_metricas.valor) FILTER (WHERE meta_ads_metricas.metrica = 'impressions'::text) AS impressoes,
            sum(meta_ads_metricas.valor) FILTER (WHERE meta_ads_metricas.metrica = 'reach'::text) AS alcance,
            sum(meta_ads_metricas.valor) FILTER (WHERE meta_ads_metricas.metrica = 'clicks'::text) AS cliques,
            sum(meta_ads_metricas.valor) FILTER (WHERE meta_ads_metricas.metrica = 'actions_purchase'::text) AS compras,
            sum(meta_ads_metricas.valor) FILTER (WHERE meta_ads_metricas.metrica = 'action_values_purchase'::text) AS receita,
            sum(meta_ads_metricas.valor) FILTER (WHERE meta_ads_metricas.metrica = 'actions_add_to_cart'::text) AS add_to_cart,
            sum(meta_ads_metricas.valor) FILTER (WHERE meta_ads_metricas.metrica = 'actions_initiate_checkout'::text) AS checkout,
            sum(meta_ads_metricas.valor) FILTER (WHERE meta_ads_metricas.metrica = 'actions_landing_page_view'::text) AS lpv,
            sum(meta_ads_metricas.valor) FILTER (WHERE meta_ads_metricas.metrica = 'video_p25_watched_actions_video_view'::text) AS video_25,
            sum(meta_ads_metricas.valor) FILTER (WHERE meta_ads_metricas.metrica = 'video_p50_watched_actions_video_view'::text) AS video_50,
            sum(meta_ads_metricas.valor) FILTER (WHERE meta_ads_metricas.metrica = 'video_p75_watched_actions_video_view'::text) AS video_75,
            sum(meta_ads_metricas.valor) FILTER (WHERE meta_ads_metricas.metrica = 'video_p100_watched_actions_video_view'::text) AS video_100,
            sum(meta_ads_metricas.valor) FILTER (WHERE meta_ads_metricas.metrica = 'video_thruplay_watched_actions_video_view'::text) AS thruplay,
            sum(meta_ads_metricas.valor) FILTER (WHERE meta_ads_metricas.metrica = 'purchase_roas_omni_purchase'::text) AS roas_meta
           FROM meta_ads_metricas
          GROUP BY meta_ads_metricas.data, meta_ads_metricas.ad_id
        ), diario AS (
         SELECT f.data,
            a.campaign_id,
            c.campaign_name,
            c.objetivo,
            a.adset_id,
            s.adset_name,
            f.ad_id,
            a.ad_name,
            COALESCE(f.gasto, 0::numeric) AS gasto,
            COALESCE(f.impressoes, 0::numeric) AS impressoes,
            COALESCE(f.alcance, 0::numeric) AS alcance,
            COALESCE(f.cliques, 0::numeric) AS cliques,
            COALESCE(f.compras, 0::numeric) AS compras,
            COALESCE(f.receita, 0::numeric) AS receita,
            COALESCE(f.add_to_cart, 0::numeric) AS add_to_cart,
            COALESCE(f.checkout, 0::numeric) AS checkout,
            COALESCE(f.lpv, 0::numeric) AS lpv,
            COALESCE(f.video_25, 0::numeric) AS video_25,
            COALESCE(f.video_50, 0::numeric) AS video_50,
            COALESCE(f.video_75, 0::numeric) AS video_75,
            COALESCE(f.video_100, 0::numeric) AS video_100,
            COALESCE(f.thruplay, 0::numeric) AS thruplay,
            round(f.receita / NULLIF(f.gasto, 0::numeric), 4) AS roas,
            round(f.gasto / NULLIF(f.impressoes, 0::numeric) * 1000::numeric, 2) AS cpm,
            round(f.gasto / NULLIF(f.compras, 0::numeric), 2) AS cpa,
            round(f.cliques / NULLIF(f.impressoes, 0::numeric) * 100::numeric, 2) AS ctr,
            round(f.gasto / NULLIF(f.cliques, 0::numeric), 2) AS cpc,
            round(f.receita / NULLIF(f.compras, 0::numeric), 2) AS ticket,
            round(f.roas_meta, 4) AS roas_meta,
            round(f.impressoes / NULLIF(f.alcance, 0::numeric), 2) AS frequencia,
            round(f.compras / NULLIF(f.cliques, 0::numeric) * 100::numeric, 2) AS taxa_conversao,
            a.creative_id,
            a.title AS ad_title,
            a.body AS ad_body,
            a.thumbnail_url,
            a.facebook_permalink_url,
            a.instagram_permalink_url
           FROM f
             LEFT JOIN dim_meta_anuncio a ON a.ad_id = f.ad_id
             LEFT JOIN dim_meta_conjunto s ON s.adset_id = a.adset_id
             LEFT JOIN dim_meta_campanha c ON c.campaign_id = a.campaign_id
        )
 SELECT diario.data,
    diario.campaign_id,
    diario.campaign_name,
    diario.objetivo,
    diario.adset_id,
    diario.adset_name,
    diario.ad_id,
    diario.ad_name,
    diario.gasto,
    diario.impressoes,
    diario.alcance,
    diario.cliques,
    diario.compras,
    diario.receita,
    diario.add_to_cart,
    diario.checkout,
    diario.lpv,
    diario.video_25,
    diario.video_50,
    diario.video_75,
    diario.video_100,
    diario.thruplay,
    diario.roas,
    diario.cpm,
    diario.cpa,
    diario.ctr,
    diario.cpc,
    diario.ticket,
    diario.roas_meta,
    diario.frequencia,
    diario.taxa_conversao,
    diario.creative_id,
    diario.ad_title,
    diario.ad_body,
    diario.thumbnail_url,
    diario.facebook_permalink_url,
    diario.instagram_permalink_url
   FROM diario
  WHERE (( SELECT hoje.d
           FROM hoje)) IS NULL OR diario.data <> (( SELECT hoje.d
           FROM hoje))
UNION ALL
 SELECT vw_meta_intraday_anuncio.data,
    vw_meta_intraday_anuncio.campaign_id,
    vw_meta_intraday_anuncio.campaign_name,
    vw_meta_intraday_anuncio.objetivo,
    vw_meta_intraday_anuncio.adset_id,
    vw_meta_intraday_anuncio.adset_name,
    vw_meta_intraday_anuncio.ad_id,
    vw_meta_intraday_anuncio.ad_name,
    vw_meta_intraday_anuncio.gasto,
    vw_meta_intraday_anuncio.impressoes,
    vw_meta_intraday_anuncio.alcance,
    vw_meta_intraday_anuncio.cliques,
    vw_meta_intraday_anuncio.compras,
    vw_meta_intraday_anuncio.receita,
    vw_meta_intraday_anuncio.add_to_cart,
    vw_meta_intraday_anuncio.checkout,
    vw_meta_intraday_anuncio.lpv,
    vw_meta_intraday_anuncio.video_25,
    vw_meta_intraday_anuncio.video_50,
    vw_meta_intraday_anuncio.video_75,
    vw_meta_intraday_anuncio.video_100,
    vw_meta_intraday_anuncio.thruplay,
    vw_meta_intraday_anuncio.roas,
    vw_meta_intraday_anuncio.cpm,
    vw_meta_intraday_anuncio.cpa,
    vw_meta_intraday_anuncio.ctr,
    vw_meta_intraday_anuncio.cpc,
    vw_meta_intraday_anuncio.ticket,
    vw_meta_intraday_anuncio.roas_meta,
    vw_meta_intraday_anuncio.frequencia,
    vw_meta_intraday_anuncio.taxa_conversao,
    vw_meta_intraday_anuncio.creative_id,
    vw_meta_intraday_anuncio.ad_title,
    vw_meta_intraday_anuncio.ad_body,
    vw_meta_intraday_anuncio.thumbnail_url,
    vw_meta_intraday_anuncio.facebook_permalink_url,
    vw_meta_intraday_anuncio.instagram_permalink_url
   FROM vw_meta_intraday_anuncio;","vw_meta_anuncio_dia"
"create or replace view public.vw_meta_anuncio_dia_completo as
 WITH dias AS (
         SELECT DISTINCT vw_meta_anuncio_dia.adset_id,
            vw_meta_anuncio_dia.data
           FROM vw_meta_anuncio_dia
          WHERE vw_meta_anuncio_dia.adset_id IS NOT NULL AND vw_meta_anuncio_dia.data >= ((now() AT TIME ZONE 'America/Los_Angeles'::text)::date - 90)
        ), esperado AS (
         SELECT a.ad_id,
            d.data
           FROM dim_meta_anuncio a
             JOIN dias d ON d.adset_id = a.adset_id
          WHERE a.effective_status = 'ACTIVE'::text
        ), faltando AS (
         SELECT e.ad_id,
            e.data
           FROM esperado e
             LEFT JOIN vw_meta_anuncio_dia v ON v.ad_id = e.ad_id AND v.data = e.data
          WHERE v.ad_id IS NULL
        )
 SELECT v.data,
    v.campaign_id,
    v.campaign_name,
    v.objetivo,
    v.adset_id,
    v.adset_name,
    v.ad_id,
    v.ad_name,
    v.gasto,
    v.impressoes,
    v.alcance,
    v.cliques,
    v.compras,
    v.receita,
    v.add_to_cart,
    v.checkout,
    v.lpv,
    v.video_25,
    v.video_50,
    v.video_75,
    v.video_100,
    v.thruplay,
    v.roas,
    v.cpm,
    v.cpa,
    v.ctr,
    v.cpc,
    v.ticket,
    v.roas_meta,
    v.frequencia,
    v.taxa_conversao,
    v.creative_id,
    v.ad_title,
    v.ad_body,
    v.thumbnail_url,
    v.facebook_permalink_url,
    v.instagram_permalink_url,
    d.object_type,
    d.effective_status,
    false AS sem_entrega
   FROM vw_meta_anuncio_dia v
     LEFT JOIN dim_meta_anuncio d ON d.ad_id = v.ad_id
UNION ALL
 SELECT f.data,
    a.campaign_id,
    c.campaign_name,
    c.objetivo,
    a.adset_id,
    s.adset_name,
    f.ad_id,
    a.ad_name,
    0 AS gasto,
    0 AS impressoes,
    0 AS alcance,
    0 AS cliques,
    0 AS compras,
    0 AS receita,
    0 AS add_to_cart,
    0 AS checkout,
    0 AS lpv,
    0 AS video_25,
    0 AS video_50,
    0 AS video_75,
    0 AS video_100,
    0 AS thruplay,
    NULL::numeric AS roas,
    NULL::numeric AS cpm,
    NULL::numeric AS cpa,
    NULL::numeric AS ctr,
    NULL::numeric AS cpc,
    NULL::numeric AS ticket,
    NULL::numeric AS roas_meta,
    NULL::numeric AS frequencia,
    NULL::numeric AS taxa_conversao,
    a.creative_id,
    a.title AS ad_title,
    a.body AS ad_body,
    a.thumbnail_url,
    a.facebook_permalink_url,
    a.instagram_permalink_url,
    a.object_type,
    a.effective_status,
    true AS sem_entrega
   FROM faltando f
     JOIN dim_meta_anuncio a ON a.ad_id = f.ad_id
     LEFT JOIN dim_meta_conjunto s ON s.adset_id = a.adset_id
     LEFT JOIN dim_meta_campanha c ON c.campaign_id = a.campaign_id;","vw_meta_anuncio_dia_completo"
"create or replace view public.vw_meta_campanha_config as
 SELECT campaign_id,
    campaign_name,
    objetivo,
    buying_type,
    bid_strategy,
    NULLIF(special_ad_category, 'NONE'::text) AS special_ad_category,
        CASE
            WHEN COALESCE(daily_budget, 0::numeric) > 0::numeric THEN daily_budget / 100.0
            ELSE NULL::numeric
        END AS orcamento_diario,
        CASE
            WHEN COALESCE(lifetime_budget, 0::numeric) > 0::numeric THEN lifetime_budget / 100.0
            ELSE NULL::numeric
        END AS orcamento_vitalicio,
        CASE
            WHEN COALESCE(budget_remaining, 0::numeric) > 0::numeric THEN budget_remaining / 100.0
            ELSE NULL::numeric
        END AS orcamento_restante,
        CASE
            WHEN COALESCE(spend_cap, 0::numeric) > 0::numeric THEN spend_cap / 100.0
            ELSE NULL::numeric
        END AS spend_cap,
    configured_status,
    effective_status,
    created_time,
    start_time,
    stop_time
   FROM dim_meta_campanha;","vw_meta_campanha_config"
"create or replace view public.vw_meta_campanha_diario as
 SELECT data,
    campaign_id,
    campaign_name,
    objetivo,
    sum(gasto) AS gasto,
    sum(impressoes) AS impressoes,
    sum(cliques) AS cliques,
    sum(compras) AS compras,
    sum(receita) AS receita,
    sum(add_carrinho) AS add_carrinho,
    sum(checkout_iniciado) AS checkout_iniciado,
    sum(lpv) AS lpv,
    sum(thruplays) AS thruplays,
    round(sum(receita) / NULLIF(sum(gasto), 0::numeric), 2) AS roas,
    round(sum(gasto) / NULLIF(sum(impressoes), 0::numeric) * 1000::numeric, 2) AS cpm,
    round(sum(gasto) / NULLIF(sum(compras), 0::numeric), 2) AS cpa,
    round(sum(cliques) / NULLIF(sum(impressoes), 0::numeric) * 100::numeric, 2) AS ctr,
    round(sum(gasto) / NULLIF(sum(cliques), 0::numeric), 2) AS cpc
   FROM vw_meta_ad_diario
  GROUP BY data, campaign_id, campaign_name, objetivo;","vw_meta_campanha_diario"
"create or replace view public.vw_meta_campanhas as
 WITH base AS (
         SELECT vw_meta_campanha_diario.campaign_name,
            vw_meta_campanha_diario.objetivo,
                CASE
                    WHEN vw_meta_campanha_diario.objetivo = 'OUTCOME_SALES'::text THEN 'Fundo'::text
                    WHEN vw_meta_campanha_diario.objetivo = 'OUTCOME_LEADS'::text THEN 'Meio'::text
                    WHEN vw_meta_campanha_diario.objetivo = ANY (ARRAY['OUTCOME_TRAFFIC'::text, 'OUTCOME_ENGAGEMENT'::text, 'OUTCOME_AWARENESS'::text, 'OUTCOME_REACH'::text, 'OUTCOME_VIDEO_VIEWS'::text]) THEN 'Topo'::text
                    ELSE 'Outros'::text
                END AS grupo,
            sum(vw_meta_campanha_diario.gasto) AS invest,
            sum(vw_meta_campanha_diario.receita) AS receita,
            sum(vw_meta_campanha_diario.cliques) AS cli,
            sum(vw_meta_campanha_diario.impressoes) AS imp
           FROM vw_meta_campanha_diario
          WHERE vw_meta_campanha_diario.data >= ((now() AT TIME ZONE 'America/Sao_Paulo'::text)::date - 29)
          GROUP BY vw_meta_campanha_diario.campaign_name, vw_meta_campanha_diario.objetivo
        )
 SELECT campaign_name AS campanha,
    grupo,
    round(invest) AS invest,
    round(receita) AS receita,
    round(receita / NULLIF(invest, 0::numeric), 2) AS roas,
    round(100.0 * cli / NULLIF(imp, 0::numeric), 2) AS ctr_pct,
    round(invest / NULLIF(cli, 0::numeric), 2) AS cpc,
        CASE
            WHEN grupo = 'Fundo'::text AND (receita / NULLIF(invest, 0::numeric)) < 7::numeric THEN 'Fundo abaixo de 7: otimizar'::text
            WHEN grupo = 'Topo'::text THEN 'Avaliar por CTR/CPC'::text
            ELSE 'Ok'::text
        END AS sugestao
   FROM base
  ORDER BY (round(invest)) DESC;","vw_meta_campanhas"
"create or replace view public.vw_meta_criativo_dia as
 WITH base AS (
         SELECT vw_meta_anuncio_dia.data,
            COALESCE(""substring""(vw_meta_anuncio_dia.thumbnail_url, '/(\d+_\d+_\d+)_n\.(?:jpg|jpeg|png|webp)'::text), vw_meta_anuncio_dia.creative_id, vw_meta_anuncio_dia.ad_id) AS criativo_key,
            vw_meta_anuncio_dia.ad_id,
            vw_meta_anuncio_dia.gasto,
            vw_meta_anuncio_dia.receita,
            vw_meta_anuncio_dia.impressoes,
            vw_meta_anuncio_dia.cliques,
            vw_meta_anuncio_dia.compras
           FROM vw_meta_anuncio_dia
        )
 SELECT data,
    count(DISTINCT criativo_key) FILTER (WHERE gasto > 0::numeric) AS criativos_com_investimento,
    count(DISTINCT criativo_key) AS criativos_total,
    count(DISTINCT ad_id) FILTER (WHERE gasto > 0::numeric) AS anuncios_com_investimento,
    round(sum(gasto), 2) AS gasto,
    round(sum(receita), 2) AS receita,
    sum(impressoes) AS impressoes,
    sum(cliques) AS cliques,
    sum(compras) AS compras,
    round(sum(gasto) / NULLIF(count(DISTINCT criativo_key) FILTER (WHERE gasto > 0::numeric), 0)::numeric, 2) AS gasto_por_criativo
   FROM base
  GROUP BY data;","vw_meta_criativo_dia"
"create or replace view public.vw_meta_criativo_formato as
 WITH a AS (
         SELECT vw_meta_anuncio_dia.ad_id,
            sum(vw_meta_anuncio_dia.gasto) AS invest,
            sum(vw_meta_anuncio_dia.receita) AS receita,
            sum(vw_meta_anuncio_dia.cliques) AS cli,
            sum(vw_meta_anuncio_dia.impressoes) AS imp,
            sum(vw_meta_anuncio_dia.thruplay) AS tp
           FROM vw_meta_anuncio_dia
          WHERE vw_meta_anuncio_dia.data >= ((now() AT TIME ZONE 'America/Sao_Paulo'::text)::date - 29)
          GROUP BY vw_meta_anuncio_dia.ad_id
        )
 SELECT
        CASE
            WHEN tp > 0::numeric THEN 'Video'::text
            ELSE 'Imagem/Outro'::text
        END AS formato,
    count(*) AS criativos,
    round(sum(invest)) AS invest,
    round(sum(receita)) AS receita,
    round(sum(receita) / NULLIF(sum(invest), 0::numeric), 2) AS roas,
    round(100.0 * sum(cli) / NULLIF(sum(imp), 0::numeric), 2) AS ctr_pct
   FROM a
  GROUP BY (
        CASE
            WHEN tp > 0::numeric THEN 'Video'::text
            ELSE 'Imagem/Outro'::text
        END)
  ORDER BY (round(sum(invest))) DESC;","vw_meta_criativo_formato"
"create or replace view public.vw_meta_criativos as
 WITH a AS (
         SELECT vw_meta_anuncio_dia.ad_id,
            max(vw_meta_anuncio_dia.ad_name) AS ad_name,
            max(vw_meta_anuncio_dia.campaign_name) AS campanha,
            max(vw_meta_anuncio_dia.objetivo) AS objetivo,
            max(vw_meta_anuncio_dia.adset_name) AS publico,
            max(vw_meta_anuncio_dia.ad_title) AS titulo,
            sum(vw_meta_anuncio_dia.gasto) AS invest,
            sum(vw_meta_anuncio_dia.receita) AS receita,
            sum(vw_meta_anuncio_dia.cliques) AS cli,
            sum(vw_meta_anuncio_dia.impressoes) AS imp,
            sum(vw_meta_anuncio_dia.compras) AS compras,
            sum(vw_meta_anuncio_dia.impressoes) / NULLIF(sum(vw_meta_anuncio_dia.alcance), 0::numeric) AS freq,
            sum(vw_meta_anuncio_dia.video_25) AS v25,
            sum(vw_meta_anuncio_dia.thruplay) AS tp
           FROM vw_meta_anuncio_dia
          WHERE vw_meta_anuncio_dia.data >= ((now() AT TIME ZONE 'America/Sao_Paulo'::text)::date - 29)
          GROUP BY vw_meta_anuncio_dia.ad_id
        )
 SELECT ad_name AS criativo,
    campanha,
    publico,
        CASE
            WHEN objetivo = 'OUTCOME_SALES'::text THEN 'Fundo'::text
            WHEN objetivo = ANY (ARRAY['OUTCOME_TRAFFIC'::text, 'OUTCOME_ENGAGEMENT'::text, 'OUTCOME_AWARENESS'::text, 'OUTCOME_REACH'::text, 'OUTCOME_VIDEO_VIEWS'::text]) THEN 'Topo'::text
            ELSE 'Outros'::text
        END AS grupo,
    round(invest) AS invest,
    imp AS impressoes,
    round(100.0 * cli / NULLIF(imp, 0::numeric), 2) AS ctr_pct,
    round(receita) AS receita,
    round(receita / NULLIF(invest, 0::numeric), 2) AS roas,
    compras,
    round(freq, 1) AS frequencia,
    round(100.0 * v25 / NULLIF(imp, 0::numeric), 1) AS hook_pct,
    ""left""(COALESCE(titulo, ''::text), 45) AS titulo,
        CASE
            WHEN imp < 1000::numeric THEN 'Em aprendizado (<1000 impressoes)'::text
            WHEN objetivo = 'OUTCOME_SALES'::text AND (receita / NULLIF(invest, 0::numeric)) >= 7::numeric THEN 'Vencedor Fundo (ROAS>=7) - escalar'::text
            WHEN objetivo = 'OUTCOME_SALES'::text THEN 'Fundo abaixo de 7 - revisar/cortar'::text
            WHEN (100.0 * cli / NULLIF(imp, 0::numeric)) >= 2::numeric THEN 'Topo CTR bom'::text
            ELSE 'Topo CTR baixo - revisar criativo'::text
        END AS sugestao
   FROM a
  WHERE invest > 0::numeric
  ORDER BY (round(invest)) DESC;","vw_meta_criativos"
"create or replace view public.vw_meta_criativos_top as
 SELECT criativo,
    campanha,
    publico,
    grupo,
    invest,
    impressoes,
    ctr_pct,
    receita,
    roas,
    compras,
    frequencia,
    hook_pct,
    titulo,
    sugestao
   FROM vw_meta_criativos
  ORDER BY invest DESC NULLS LAST, criativo, publico;","vw_meta_criativos_top"
"create or replace view public.vw_meta_demografia as
 SELECT faixa_idade,
    genero,
    round(sum(gasto)) AS invest,
    round(sum(receita)) AS receita,
    round(sum(receita) / NULLIF(sum(gasto), 0::numeric), 2) AS roas,
    round(100.0 * sum(cliques) / NULLIF(sum(impressoes), 0::numeric), 2) AS ctr_pct,
    sum(compras) AS compras
   FROM vw_meta_demografia_dia
  WHERE data >= ((now() AT TIME ZONE 'America/Sao_Paulo'::text)::date - 29)
  GROUP BY faixa_idade, genero
  ORDER BY (round(sum(gasto))) DESC;","vw_meta_demografia"
"create or replace view public.vw_meta_demografia_dia as
 SELECT m.data,
    m.ad_id,
    da.ad_name,
    da.campaign_id,
    ca.campaign_name,
    ca.objetivo,
    m.faixa_idade,
    m.genero,
    COALESCE(sum(m.valor) FILTER (WHERE m.metrica = 'spend'::text), 0::numeric) AS gasto,
    COALESCE(sum(m.valor) FILTER (WHERE m.metrica = 'impressions'::text), 0::numeric) AS impressoes,
    COALESCE(sum(m.valor) FILTER (WHERE m.metrica = 'clicks'::text), 0::numeric) AS cliques,
    COALESCE(sum(m.valor) FILTER (WHERE m.metrica = 'actions_purchase'::text), 0::numeric) AS compras,
    COALESCE(sum(m.valor) FILTER (WHERE m.metrica = 'action_values_purchase'::text), 0::numeric) AS receita,
    COALESCE(sum(m.valor) FILTER (WHERE m.metrica = 'actions_add_to_cart'::text), 0::numeric) AS add_carrinho,
    COALESCE(sum(m.valor) FILTER (WHERE m.metrica = 'actions_initiate_checkout'::text), 0::numeric) AS checkout_iniciado,
    round(COALESCE(sum(m.valor) FILTER (WHERE m.metrica = 'action_values_purchase'::text), 0::numeric) / NULLIF(sum(m.valor) FILTER (WHERE m.metrica = 'spend'::text), 0::numeric), 2) AS roas,
    round(COALESCE(sum(m.valor) FILTER (WHERE m.metrica = 'spend'::text), 0::numeric) / NULLIF(sum(m.valor) FILTER (WHERE m.metrica = 'impressions'::text), 0::numeric) * 1000::numeric, 2) AS cpm,
    round(COALESCE(sum(m.valor) FILTER (WHERE m.metrica = 'spend'::text), 0::numeric) / NULLIF(sum(m.valor) FILTER (WHERE m.metrica = 'actions_purchase'::text), 0::numeric), 2) AS cpa,
    round(COALESCE(sum(m.valor) FILTER (WHERE m.metrica = 'clicks'::text), 0::numeric) / NULLIF(sum(m.valor) FILTER (WHERE m.metrica = 'impressions'::text), 0::numeric) * 100::numeric, 2) AS ctr,
    round(COALESCE(sum(m.valor) FILTER (WHERE m.metrica = 'spend'::text), 0::numeric) / NULLIF(sum(m.valor) FILTER (WHERE m.metrica = 'clicks'::text), 0::numeric), 2) AS cpc
   FROM meta_ads_demografia m
     LEFT JOIN dim_meta_anuncio da ON da.ad_id = m.ad_id
     LEFT JOIN dim_meta_campanha ca ON ca.campaign_id = da.campaign_id
  GROUP BY m.data, m.ad_id, da.ad_name, da.campaign_id, ca.campaign_name, ca.objetivo, m.faixa_idade, m.genero;","vw_meta_demografia_dia"
"create or replace view public.vw_meta_fadiga as
 WITH cur AS (
         SELECT vw_meta_anuncio_dia.ad_id,
            max(vw_meta_anuncio_dia.ad_name) AS nome,
            max(vw_meta_anuncio_dia.adset_name) AS publico,
            sum(vw_meta_anuncio_dia.gasto) AS invest,
            sum(vw_meta_anuncio_dia.receita) AS receita,
            sum(vw_meta_anuncio_dia.impressoes) AS imp,
            sum(vw_meta_anuncio_dia.impressoes) / NULLIF(sum(vw_meta_anuncio_dia.alcance), 0::numeric) AS freq
           FROM vw_meta_anuncio_dia
          WHERE vw_meta_anuncio_dia.data >= ((now() AT TIME ZONE 'America/Sao_Paulo'::text)::date - 6) AND vw_meta_anuncio_dia.objetivo = 'OUTCOME_SALES'::text
          GROUP BY vw_meta_anuncio_dia.ad_id
        ), prev AS (
         SELECT vw_meta_anuncio_dia.ad_id,
            sum(vw_meta_anuncio_dia.gasto) AS invest,
            sum(vw_meta_anuncio_dia.receita) AS receita,
            sum(vw_meta_anuncio_dia.impressoes) / NULLIF(sum(vw_meta_anuncio_dia.alcance), 0::numeric) AS freq
           FROM vw_meta_anuncio_dia
          WHERE vw_meta_anuncio_dia.data >= ((now() AT TIME ZONE 'America/Sao_Paulo'::text)::date - 13) AND vw_meta_anuncio_dia.data <= ((now() AT TIME ZONE 'America/Sao_Paulo'::text)::date - 7) AND vw_meta_anuncio_dia.objetivo = 'OUTCOME_SALES'::text
          GROUP BY vw_meta_anuncio_dia.ad_id
        )
 SELECT c.nome AS criativo,
    c.publico,
    round(c.invest) AS invest_7d,
    round(c.receita / NULLIF(c.invest, 0::numeric), 2) AS roas_7d,
    round(p.receita / NULLIF(p.invest, 0::numeric), 2) AS roas_ant,
    round(c.freq, 1) AS freq_7d,
    round(p.freq, 1) AS freq_ant,
        CASE
            WHEN c.imp < 1000::numeric THEN 'Amostra baixa'::text
            WHEN (c.receita / NULLIF(c.invest, 0::numeric)) < (p.receita / NULLIF(p.invest, 0::numeric)) AND c.freq > p.freq AND c.freq >= 3::numeric THEN 'FADIGA: freq subindo + ROAS caindo - renovar criativo'::text
            WHEN (c.receita / NULLIF(c.invest, 0::numeric)) < (p.receita / NULLIF(p.invest, 0::numeric)) THEN 'ROAS caindo sem freq subir - regressao de amostra, aceitar'::text
            WHEN (c.receita / NULLIF(c.invest, 0::numeric)) > (p.receita / NULLIF(p.invest, 0::numeric)) THEN 'Melhorando'::text
            ELSE 'Estavel'::text
        END AS diagnostico
   FROM cur c
     LEFT JOIN prev p ON p.ad_id = c.ad_id
  WHERE c.invest > 0::numeric
  ORDER BY c.invest DESC;","vw_meta_fadiga"
"create or replace view public.vw_meta_funil as
 WITH k AS (
         SELECT sum(vw_meta_kpi_dia.gasto) AS gasto,
            sum(vw_meta_kpi_dia.cliques) AS cli,
            sum(vw_meta_kpi_dia.lpv) AS lpv,
            sum(vw_meta_kpi_dia.add_carrinho) AS carrinho,
            sum(vw_meta_kpi_dia.checkout_iniciado) AS checkout,
            sum(vw_meta_kpi_dia.compras) AS compras
           FROM vw_meta_kpi_dia
          WHERE vw_meta_kpi_dia.data >= ((now() AT TIME ZONE 'America/Sao_Paulo'::text)::date - 29)
        )
 SELECT ord,
    etapa,
    valor,
    cpa,
    taxa_passagem
   FROM ( SELECT 1 AS ord,
            'Cliques'::text AS etapa,
            k.cli AS valor,
            round(k.gasto / NULLIF(k.cli, 0::numeric), 2) AS cpa,
            NULL::text AS taxa_passagem
           FROM k
        UNION ALL
         SELECT 2,
            'LPV (visita pagina)'::text,
            k.lpv,
            round(k.gasto / NULLIF(k.lpv, 0::numeric), 2) AS round,
            round(100.0 * k.lpv / NULLIF(k.cli, 0::numeric), 1) || '% dos cliques'::text
           FROM k
        UNION ALL
         SELECT 3,
            'Add carrinho'::text,
            k.carrinho,
            round(k.gasto / NULLIF(k.carrinho, 0::numeric), 2) AS round,
            round(100.0 * k.carrinho / NULLIF(k.lpv, 0::numeric), 1) || '% das LPV'::text
           FROM k
        UNION ALL
         SELECT 4,
            'Checkout iniciado'::text,
            k.checkout,
            round(k.gasto / NULLIF(k.checkout, 0::numeric), 2) AS round,
            round(100.0 * k.checkout / NULLIF(k.carrinho, 0::numeric), 1) || '% dos carrinhos'::text
           FROM k
        UNION ALL
         SELECT 5,
            'Compras'::text,
            k.compras,
            round(k.gasto / NULLIF(k.compras, 0::numeric), 2) AS round,
            round(100.0 * k.compras / NULLIF(k.checkout, 0::numeric), 1) || '% dos checkouts'::text
           FROM k) t
  ORDER BY ord;","vw_meta_funil"
"create or replace view public.vw_meta_grupos as
 WITH base AS (
         SELECT
                CASE
                    WHEN vw_meta_campanha_diario.objetivo = 'OUTCOME_SALES'::text THEN 3
                    WHEN vw_meta_campanha_diario.objetivo = 'OUTCOME_LEADS'::text THEN 2
                    WHEN vw_meta_campanha_diario.objetivo = ANY (ARRAY['OUTCOME_TRAFFIC'::text, 'OUTCOME_ENGAGEMENT'::text, 'OUTCOME_AWARENESS'::text, 'OUTCOME_REACH'::text, 'OUTCOME_VIDEO_VIEWS'::text]) THEN 1
                    ELSE 9
                END AS ord,
                CASE
                    WHEN vw_meta_campanha_diario.objetivo = 'OUTCOME_SALES'::text THEN 'Fundo (Vendas)'::text
                    WHEN vw_meta_campanha_diario.objetivo = 'OUTCOME_LEADS'::text THEN 'Meio (Consideracao)'::text
                    WHEN vw_meta_campanha_diario.objetivo = ANY (ARRAY['OUTCOME_TRAFFIC'::text, 'OUTCOME_ENGAGEMENT'::text, 'OUTCOME_AWARENESS'::text, 'OUTCOME_REACH'::text, 'OUTCOME_VIDEO_VIEWS'::text]) THEN 'Topo (Alcance/Trafego)'::text
                    ELSE 'Outros/Sem objetivo'::text
                END AS grupo,
            vw_meta_campanha_diario.gasto,
            vw_meta_campanha_diario.receita,
            vw_meta_campanha_diario.cliques,
            vw_meta_campanha_diario.impressoes
           FROM vw_meta_campanha_diario
          WHERE vw_meta_campanha_diario.data >= ((now() AT TIME ZONE 'America/Sao_Paulo'::text)::date - 29)
        )
 SELECT ord,
    grupo,
    round(sum(gasto)) AS invest,
    round(100.0 * sum(gasto) / sum(sum(gasto)) OVER (), 1) AS share_pct,
    round(sum(receita)) AS receita,
    round(sum(receita) / NULLIF(sum(gasto), 0::numeric), 2) AS roas,
    round(100.0 * sum(cliques) / NULLIF(sum(impressoes), 0::numeric), 2) AS ctr_pct,
    round(sum(gasto) / NULLIF(sum(cliques), 0::numeric), 2) AS cpc,
        CASE
            WHEN ord = 3 THEN 'Meta ROAS 7 - decide por ROAS'::text
            WHEN ord = 1 THEN 'Decide por CTR/CPC (trafego barato) - sem meta de ROAS'::text
            WHEN ord = 2 THEN 'Meta ROAS 3'::text
            ELSE 'Revisar'::text
        END AS meta_leitura,
        CASE
            WHEN ord = 3 AND (sum(receita) / NULLIF(sum(gasto), 0::numeric)) < 7::numeric THEN 'Abaixo da meta 7: otimizar criativo/publico/pagina/preco'::text
            WHEN ord = 1 THEN 'Avaliar por CTR/CPC, nao por ROAS'::text
            ELSE 'Ok'::text
        END AS sugestao
   FROM base
  GROUP BY ord, grupo
  ORDER BY ord;","vw_meta_grupos"
"create or replace view public.vw_meta_hora_dia as
 SELECT m.data,
    m.ad_id,
    da.ad_name,
    da.campaign_id,
    ca.campaign_name,
    ca.objetivo,
    m.hora,
    ""left""(m.hora, 2)::integer AS hora_num,
    COALESCE(sum(m.valor) FILTER (WHERE m.metrica = 'spend'::text), 0::numeric) AS gasto,
    COALESCE(sum(m.valor) FILTER (WHERE m.metrica = 'impressions'::text), 0::numeric) AS impressoes,
    COALESCE(sum(m.valor) FILTER (WHERE m.metrica = 'clicks'::text), 0::numeric) AS cliques,
    COALESCE(sum(m.valor) FILTER (WHERE m.metrica = 'actions_purchase'::text), 0::numeric) AS compras,
    COALESCE(sum(m.valor) FILTER (WHERE m.metrica = 'action_values_purchase'::text), 0::numeric) AS receita,
    round(COALESCE(sum(m.valor) FILTER (WHERE m.metrica = 'action_values_purchase'::text), 0::numeric) / NULLIF(sum(m.valor) FILTER (WHERE m.metrica = 'spend'::text), 0::numeric), 2) AS roas,
    round(COALESCE(sum(m.valor) FILTER (WHERE m.metrica = 'spend'::text), 0::numeric) / NULLIF(sum(m.valor) FILTER (WHERE m.metrica = 'actions_purchase'::text), 0::numeric), 2) AS cpa,
    round(COALESCE(sum(m.valor) FILTER (WHERE m.metrica = 'clicks'::text), 0::numeric) / NULLIF(sum(m.valor) FILTER (WHERE m.metrica = 'impressions'::text), 0::numeric) * 100::numeric, 2) AS ctr
   FROM meta_ads_hora m
     LEFT JOIN dim_meta_anuncio da ON da.ad_id = m.ad_id
     LEFT JOIN dim_meta_campanha ca ON ca.campaign_id = da.campaign_id
  GROUP BY m.data, m.ad_id, da.ad_name, da.campaign_id, ca.campaign_name, ca.objetivo, m.hora;","vw_meta_hora_dia"
"create or replace view public.vw_meta_horario as
 SELECT hora,
    round(sum(gasto)) AS invest,
    round(sum(receita)) AS receita,
    round(sum(receita) / NULLIF(sum(gasto), 0::numeric), 2) AS roas,
    round(100.0 * sum(cliques) / NULLIF(sum(impressoes), 0::numeric), 2) AS ctr_pct
   FROM vw_meta_hora_dia
  WHERE data >= ((now() AT TIME ZONE 'America/Sao_Paulo'::text)::date - 29)
  GROUP BY hora, hora_num
  ORDER BY hora_num;","vw_meta_horario"
"create or replace view public.vw_meta_intraday as
 WITH bruto AS (
         SELECT meta_ads_intraday.data,
            meta_ads_intraday.captured_at,
            meta_ads_intraday.metrica,
            meta_ads_intraday.valor
           FROM meta_ads_intraday
        UNION ALL
         SELECT meta_ads_intraday_conta.data,
            meta_ads_intraday_conta.captured_at,
            meta_ads_intraday_conta.metrica,
            meta_ads_intraday_conta.valor
           FROM meta_ads_intraday_conta
        ), f AS (
         SELECT bruto.captured_at,
            bruto.data,
            sum(bruto.valor) FILTER (WHERE bruto.metrica = 'spend'::text) AS gasto,
            sum(bruto.valor) FILTER (WHERE bruto.metrica = 'impressions'::text) AS impressoes,
            sum(bruto.valor) FILTER (WHERE bruto.metrica = 'reach'::text) AS alcance,
            sum(bruto.valor) FILTER (WHERE bruto.metrica = 'clicks'::text) AS cliques,
            sum(bruto.valor) FILTER (WHERE bruto.metrica = 'actions_purchase'::text) AS compras,
            sum(bruto.valor) FILTER (WHERE bruto.metrica = 'action_values_purchase'::text) AS receita,
            sum(bruto.valor) FILTER (WHERE bruto.metrica = 'actions_add_to_cart'::text) AS add_to_cart,
            sum(bruto.valor) FILTER (WHERE bruto.metrica = 'actions_initiate_checkout'::text) AS checkout,
            sum(bruto.valor) FILTER (WHERE bruto.metrica = 'actions_landing_page_view'::text) AS lpv
           FROM bruto
          GROUP BY bruto.captured_at, bruto.data
        )
 SELECT captured_at,
    data,
    COALESCE(gasto, 0::numeric) AS gasto,
    COALESCE(impressoes, 0::numeric) AS impressoes,
    COALESCE(alcance, 0::numeric) AS alcance,
    COALESCE(cliques, 0::numeric) AS cliques,
    COALESCE(compras, 0::numeric) AS compras,
    COALESCE(receita, 0::numeric) AS receita,
    COALESCE(add_to_cart, 0::numeric) AS add_to_cart,
    COALESCE(checkout, 0::numeric) AS checkout,
    COALESCE(lpv, 0::numeric) AS lpv,
    round(receita / NULLIF(gasto, 0::numeric), 4) AS roas,
    round(gasto / NULLIF(impressoes, 0::numeric) * 1000::numeric, 2) AS cpm,
    round(gasto / NULLIF(compras, 0::numeric), 2) AS cpa,
    round(cliques / NULLIF(impressoes, 0::numeric) * 100::numeric, 2) AS ctr,
    round(gasto / NULLIF(cliques, 0::numeric), 2) AS cpc,
    round(receita / NULLIF(compras, 0::numeric), 2) AS ticket
   FROM f;","vw_meta_intraday"
"create or replace view public.vw_meta_intraday_anuncio as
 WITH ultimo AS (
         SELECT max(meta_ads_intraday.data) AS d
           FROM meta_ads_intraday
        ), cap AS (
         SELECT i.data,
            max(i.captured_at) AS c
           FROM meta_ads_intraday i
             JOIN ultimo u ON i.data = u.d
          GROUP BY i.data
        ), f AS (
         SELECT i.data,
            i.captured_at,
            i.ad_id,
            sum(i.valor) FILTER (WHERE i.metrica = 'spend'::text) AS gasto,
            sum(i.valor) FILTER (WHERE i.metrica = 'impressions'::text) AS impressoes,
            sum(i.valor) FILTER (WHERE i.metrica = 'reach'::text) AS alcance,
            sum(i.valor) FILTER (WHERE i.metrica = 'clicks'::text) AS cliques,
            sum(i.valor) FILTER (WHERE i.metrica = 'actions_purchase'::text) AS compras,
            sum(i.valor) FILTER (WHERE i.metrica = 'action_values_purchase'::text) AS receita,
            sum(i.valor) FILTER (WHERE i.metrica = 'actions_add_to_cart'::text) AS add_to_cart,
            sum(i.valor) FILTER (WHERE i.metrica = 'actions_initiate_checkout'::text) AS checkout,
            sum(i.valor) FILTER (WHERE i.metrica = 'actions_landing_page_view'::text) AS lpv,
            sum(i.valor) FILTER (WHERE i.metrica = 'video_p25_watched_actions_video_view'::text) AS video_25,
            sum(i.valor) FILTER (WHERE i.metrica = 'video_p50_watched_actions_video_view'::text) AS video_50,
            sum(i.valor) FILTER (WHERE i.metrica = 'video_p75_watched_actions_video_view'::text) AS video_75,
            sum(i.valor) FILTER (WHERE i.metrica = 'video_p100_watched_actions_video_view'::text) AS video_100,
            sum(i.valor) FILTER (WHERE i.metrica = 'video_thruplay_watched_actions_video_view'::text) AS thruplay,
            sum(i.valor) FILTER (WHERE i.metrica = 'purchase_roas_omni_purchase'::text) AS roas_meta
           FROM meta_ads_intraday i
             JOIN cap ON cap.data = i.data AND cap.c = i.captured_at
          GROUP BY i.data, i.captured_at, i.ad_id
        )
 SELECT f.data,
    f.captured_at,
    a.campaign_id,
    c.campaign_name,
    c.objetivo,
    a.adset_id,
    s.adset_name,
    f.ad_id,
    a.ad_name,
    COALESCE(f.gasto, 0::numeric) AS gasto,
    COALESCE(f.impressoes, 0::numeric) AS impressoes,
    COALESCE(f.alcance, 0::numeric) AS alcance,
    COALESCE(f.cliques, 0::numeric) AS cliques,
    COALESCE(f.compras, 0::numeric) AS compras,
    COALESCE(f.receita, 0::numeric) AS receita,
    COALESCE(f.add_to_cart, 0::numeric) AS add_to_cart,
    COALESCE(f.checkout, 0::numeric) AS checkout,
    COALESCE(f.lpv, 0::numeric) AS lpv,
    COALESCE(f.video_25, 0::numeric) AS video_25,
    COALESCE(f.video_50, 0::numeric) AS video_50,
    COALESCE(f.video_75, 0::numeric) AS video_75,
    COALESCE(f.video_100, 0::numeric) AS video_100,
    COALESCE(f.thruplay, 0::numeric) AS thruplay,
    round(f.receita / NULLIF(f.gasto, 0::numeric), 4) AS roas,
    round(f.gasto / NULLIF(f.impressoes, 0::numeric) * 1000::numeric, 2) AS cpm,
    round(f.gasto / NULLIF(f.compras, 0::numeric), 2) AS cpa,
    round(f.cliques / NULLIF(f.impressoes, 0::numeric) * 100::numeric, 2) AS ctr,
    round(f.gasto / NULLIF(f.cliques, 0::numeric), 2) AS cpc,
    round(f.receita / NULLIF(f.compras, 0::numeric), 2) AS ticket,
    round(f.roas_meta, 4) AS roas_meta,
    round(f.impressoes / NULLIF(f.alcance, 0::numeric), 2) AS frequencia,
    round(f.compras / NULLIF(f.cliques, 0::numeric) * 100::numeric, 2) AS taxa_conversao,
    a.creative_id,
    a.title AS ad_title,
    a.body AS ad_body,
    a.thumbnail_url,
    a.facebook_permalink_url,
    a.instagram_permalink_url
   FROM f
     LEFT JOIN dim_meta_anuncio a ON a.ad_id = f.ad_id
     LEFT JOIN dim_meta_conjunto s ON s.adset_id = a.adset_id
     LEFT JOIN dim_meta_campanha c ON c.campaign_id = a.campaign_id;","vw_meta_intraday_anuncio"
"create or replace view public.vw_meta_kpi_dia as
 SELECT data,
    sum(gasto) AS gasto,
    sum(impressoes) AS impressoes,
    sum(cliques) AS cliques,
    sum(compras) AS compras,
    sum(receita) AS receita,
    sum(add_carrinho) AS add_carrinho,
    sum(checkout_iniciado) AS checkout_iniciado,
    sum(lpv) AS lpv,
    round(sum(receita) / NULLIF(sum(gasto), 0::numeric), 2) AS roas,
    round(sum(gasto) / NULLIF(sum(impressoes), 0::numeric) * 1000::numeric, 2) AS cpm,
    round(sum(gasto) / NULLIF(sum(compras), 0::numeric), 2) AS cpa,
    round(sum(cliques) / NULLIF(sum(impressoes), 0::numeric) * 100::numeric, 2) AS ctr,
    round(sum(gasto) / NULLIF(sum(cliques), 0::numeric), 2) AS cpc
   FROM vw_meta_ad_diario
  GROUP BY data;","vw_meta_kpi_dia"
"create or replace view public.vw_meta_posicionamento as
 SELECT plataforma,
    posicionamento,
    dispositivo,
    round(sum(gasto)) AS invest,
    round(sum(receita)) AS receita,
    round(sum(receita) / NULLIF(sum(gasto), 0::numeric), 2) AS roas,
    round(100.0 * sum(cliques) / NULLIF(sum(impressoes), 0::numeric), 2) AS ctr_pct
   FROM vw_meta_posicionamento_dia
  WHERE data >= ((now() AT TIME ZONE 'America/Sao_Paulo'::text)::date - 29)
  GROUP BY plataforma, posicionamento, dispositivo
  ORDER BY (round(sum(gasto))) DESC;","vw_meta_posicionamento"
"create or replace view public.vw_meta_posicionamento_dia as
 SELECT m.data,
    m.ad_id,
    da.ad_name,
    da.campaign_id,
    ca.campaign_name,
    ca.objetivo,
    m.plataforma,
    m.posicionamento,
    m.dispositivo,
    COALESCE(sum(m.valor) FILTER (WHERE m.metrica = 'spend'::text), 0::numeric) AS gasto,
    COALESCE(sum(m.valor) FILTER (WHERE m.metrica = 'impressions'::text), 0::numeric) AS impressoes,
    COALESCE(sum(m.valor) FILTER (WHERE m.metrica = 'clicks'::text), 0::numeric) AS cliques,
    COALESCE(sum(m.valor) FILTER (WHERE m.metrica = 'actions_purchase'::text), 0::numeric) AS compras,
    COALESCE(sum(m.valor) FILTER (WHERE m.metrica = 'action_values_purchase'::text), 0::numeric) AS receita,
    COALESCE(sum(m.valor) FILTER (WHERE m.metrica = 'video_thruplay_watched_actions_video_view'::text), 0::numeric) AS thruplays,
    round(COALESCE(sum(m.valor) FILTER (WHERE m.metrica = 'action_values_purchase'::text), 0::numeric) / NULLIF(sum(m.valor) FILTER (WHERE m.metrica = 'spend'::text), 0::numeric), 2) AS roas,
    round(COALESCE(sum(m.valor) FILTER (WHERE m.metrica = 'spend'::text), 0::numeric) / NULLIF(sum(m.valor) FILTER (WHERE m.metrica = 'impressions'::text), 0::numeric) * 1000::numeric, 2) AS cpm,
    round(COALESCE(sum(m.valor) FILTER (WHERE m.metrica = 'spend'::text), 0::numeric) / NULLIF(sum(m.valor) FILTER (WHERE m.metrica = 'actions_purchase'::text), 0::numeric), 2) AS cpa,
    round(COALESCE(sum(m.valor) FILTER (WHERE m.metrica = 'clicks'::text), 0::numeric) / NULLIF(sum(m.valor) FILTER (WHERE m.metrica = 'impressions'::text), 0::numeric) * 100::numeric, 2) AS ctr,
    round(COALESCE(sum(m.valor) FILTER (WHERE m.metrica = 'spend'::text), 0::numeric) / NULLIF(sum(m.valor) FILTER (WHERE m.metrica = 'clicks'::text), 0::numeric), 2) AS cpc
   FROM meta_ads_posicionamento m
     LEFT JOIN dim_meta_anuncio da ON da.ad_id = m.ad_id
     LEFT JOIN dim_meta_campanha ca ON ca.campaign_id = da.campaign_id
  GROUP BY m.data, m.ad_id, da.ad_name, da.campaign_id, ca.campaign_name, ca.objetivo, m.plataforma, m.posicionamento, m.dispositivo;","vw_meta_posicionamento_dia"
"create or replace view public.vw_meta_publicos as
 WITH a AS (
         SELECT vw_meta_anuncio_dia.adset_name,
            max(vw_meta_anuncio_dia.objetivo) AS obj,
            sum(vw_meta_anuncio_dia.gasto) AS invest,
            sum(vw_meta_anuncio_dia.receita) AS receita,
            sum(vw_meta_anuncio_dia.cliques) AS cli,
            sum(vw_meta_anuncio_dia.impressoes) AS imp,
            sum(vw_meta_anuncio_dia.compras) AS compras,
            sum(vw_meta_anuncio_dia.impressoes) / NULLIF(sum(vw_meta_anuncio_dia.alcance), 0::numeric) AS freq
           FROM vw_meta_anuncio_dia
          WHERE vw_meta_anuncio_dia.data >= ((now() AT TIME ZONE 'America/Sao_Paulo'::text)::date - 29)
          GROUP BY vw_meta_anuncio_dia.adset_name
        )
 SELECT adset_name AS publico,
        CASE
            WHEN obj = 'OUTCOME_SALES'::text THEN 'Fundo'::text
            WHEN obj = ANY (ARRAY['OUTCOME_TRAFFIC'::text, 'OUTCOME_ENGAGEMENT'::text, 'OUTCOME_AWARENESS'::text, 'OUTCOME_REACH'::text, 'OUTCOME_VIDEO_VIEWS'::text]) THEN 'Topo'::text
            ELSE 'Outros'::text
        END AS grupo,
    round(invest) AS invest,
    round(100.0 * cli / NULLIF(imp, 0::numeric), 2) AS ctr_pct,
    round(receita) AS receita,
    round(receita / NULLIF(invest, 0::numeric), 2) AS roas,
    compras,
    round(freq, 1) AS frequencia,
        CASE
            WHEN obj = 'OUTCOME_SALES'::text AND (receita / NULLIF(invest, 0::numeric)) >= 7::numeric THEN 'Publico quente (ROAS>=7) - escalar/testar campeoes aqui'::text
            WHEN obj = 'OUTCOME_SALES'::text AND (receita / NULLIF(invest, 0::numeric)) < 1::numeric THEN 'Publico frio (ROAS<1) - cortar'::text
            WHEN obj = 'OUTCOME_SALES'::text THEN 'Fundo abaixo de 7 - revisar'::text
            ELSE 'Topo: avaliar CTR'::text
        END AS sugestao
   FROM a
  WHERE invest > 0::numeric
  ORDER BY (round(invest)) DESC;","vw_meta_publicos"
"create or replace view public.vw_meta_resumo_mes as
 SELECT mes,
    sum(receita_total_meta) AS receita_meta,
    sum(receita_meta_acum_d1) AS receita_esperada,
    sum(receita_real_d1) AS receita_real,
    sum(projecao_receita) AS receita_proj,
    sum(invest_ads_meta) AS ads_meta,
    sum(ads_meta_acum_d1) AS ads_esperado,
    sum(ads_real_d1) AS ads_real,
    sum(projecao_ads) AS ads_proj,
    sum(invest_afil_meta) AS afil_meta,
    sum(afil_meta_acum_d1) AS afil_esperado,
    sum(afil_inv_d1) AS afil_real,
    sum(projecao_afil) AS afil_proj,
    sum(invest_afil_meta) FILTER (WHERE NOT afil_sem_lancamento) AS afil_meta_comp,
    sum(afil_meta_acum_d1) FILTER (WHERE NOT afil_sem_lancamento) AS afil_esperado_comp,
    count(*) FILTER (WHERE COALESCE(invest_afil_meta, 0::numeric) > 0::numeric) AS canais_afil_total,
    count(*) FILTER (WHERE COALESCE(invest_afil_meta, 0::numeric) > 0::numeric AND NOT afil_sem_lancamento) AS canais_afil_lancados,
    sum(COALESCE(invest_ads_meta, 0::numeric) + COALESCE(invest_afil_meta, 0::numeric)) AS invest_meta,
    sum(invest_meta_acum_d1) AS invest_esperado,
    sum(invest_real_d1) AS invest_real,
    sum(projecao_invest) AS invest_proj,
    100.0 * sum(invest_real_d1) / NULLIF(sum(receita_real_d1), 0::numeric) AS pct_real,
    100.0 * sum(COALESCE(invest_ads_meta, 0::numeric) + COALESCE(invest_afil_meta, 0::numeric)) / NULLIF(sum(receita_total_meta), 0::numeric) AS pct_meta,
    100.0 * sum(projecao_invest) / NULLIF(sum(projecao_receita), 0::numeric) AS pct_proj,
    sum(projecao_invest) - sum(COALESCE(invest_ads_meta, 0::numeric) + COALESCE(invest_afil_meta, 0::numeric)) AS excesso_fechamento,
    sum(receita_real_d1) / NULLIF(sum(ads_real_d1), 0::numeric) AS retorno_ads,
    bool_or(afil_sem_lancamento) AS tem_afil_sem_lancamento,
    count(*) FILTER (WHERE afil_sem_lancamento) AS canais_afil_sem_lancamento
   FROM vw_meta_vs_real_mensal
  GROUP BY mes;","vw_meta_resumo_mes"
"create or replace view public.vw_meta_vs_real_dia as
 WITH m AS (
         SELECT c.mes,
            c.data,
            c.canal,
            c.peso,
            mc.receita_total_meta * c.peso AS receita_meta,
            mc.invest_ads_meta * c.peso AS ads_meta,
            mc.receita_afil_meta * c.peso AS receita_afil_meta,
            mc.invest_afil_meta * c.peso AS invest_afil_meta,
            mc.receita_ads_meta * c.peso AS receita_ads_meta,
            mc.receita_ads_meta AS receita_ads_meta_mes,
            mc.invest_ads_meta AS invest_ads_meta_mes
           FROM meta_curva_dia c
             JOIN meta_canal_mes mc USING (mes, canal)
        )
 SELECT m.data,
    m.canal,
    m.mes,
    m.peso,
    m.receita_meta,
        CASE
            WHEN m.data < CURRENT_DATE THEN COALESCE(f.receita_total, rm.receita)
            ELSE NULL::numeric
        END AS receita_real,
    m.ads_meta,
        CASE
            WHEN m.data < CURRENT_DATE THEN COALESCE(f.invest_ads, rm.invest)
            ELSE NULL::numeric
        END AS ads_real,
    m.receita_afil_meta,
        CASE
            WHEN m.data < CURRENT_DATE THEN af.rec
            ELSE NULL::numeric
        END AS receita_afil_real,
    m.invest_afil_meta,
        CASE
            WHEN m.data < CURRENT_DATE THEN af.inv
            ELSE NULL::numeric
        END AS invest_afil_real,
        CASE
            WHEN m.data < CURRENT_DATE AND m.receita_meta > 0::numeric THEN COALESCE(f.receita_total, rm.receita) / m.receita_meta
            ELSE NULL::numeric
        END AS atg_receita,
        CASE
            WHEN m.data < CURRENT_DATE AND m.ads_meta > 0::numeric THEN COALESCE(f.invest_ads, rm.invest) / m.ads_meta
            ELSE NULL::numeric
        END AS atg_ads,
        CASE
            WHEN m.data < CURRENT_DATE THEN COALESCE(f.invest_ads, rm.invest, 0::numeric) - m.ads_meta
            ELSE NULL::numeric
        END AS excesso_ads_dia,
        CASE
            WHEN m.data < CURRENT_DATE THEN COALESCE(f.receita_total, rm.receita, 0::numeric) - m.receita_meta
            ELSE NULL::numeric
        END AS gap_receita_dia,
    m.data < CURRENT_DATE AS dia_fechado,
    m.data = CURRENT_DATE AS dia_em_curso,
    m.data > CURRENT_DATE AS dia_futuro,
    m.data >= (CURRENT_DATE - 2) AND m.data < CURRENT_DATE AS dado_provisorio,
    m.data >= (CURRENT_DATE - 15) AND m.data < CURRENT_DATE AS afiliado_maturando,
    to_char(m.data::timestamp with time zone, 'IYYY-IW'::text) AS semana,
    m.receita_ads_meta,
        CASE
            WHEN m.data < CURRENT_DATE THEN f.receita_ads
            ELSE NULL::numeric
        END AS receita_ads_real,
        CASE
            WHEN m.invest_ads_meta_mes > 0::numeric THEN m.receita_ads_meta_mes / m.invest_ads_meta_mes
            ELSE NULL::numeric
        END AS roas_ads_meta,
        CASE
            WHEN m.data < CURRENT_DATE AND COALESCE(f.invest_ads, 0::numeric) > 0::numeric THEN f.receita_ads / f.invest_ads
            ELSE NULL::numeric
        END AS roas_ads_real,
        CASE
            WHEN m.data < CURRENT_DATE AND COALESCE(f.receita_total, 0::numeric) > 0::numeric THEN f.receita_ads / f.receita_total
            ELSE NULL::numeric
        END AS share_ads_real
   FROM m
     LEFT JOIN fact_receita_diaria f ON f.data = m.data AND f.canal_venda = m.canal
     LEFT JOIN mv_afiliado_canal_dia af ON af.data = m.data AND af.canal = m.canal
     LEFT JOIN realizado_manual rm ON rm.data = m.data AND rm.canal = m.canal;","vw_meta_vs_real_dia"
"create or replace view public.vw_meta_vs_real_mensal as
 WITH cur AS (
         SELECT meta_curva_dia.mes,
            meta_curva_dia.canal,
            sum(meta_curva_dia.peso) FILTER (WHERE meta_curva_dia.data < CURRENT_DATE) AS curva_d1,
            sum(meta_curva_dia.peso) FILTER (WHERE meta_curva_dia.data <= (CURRENT_DATE - 3)) AS curva_d3
           FROM meta_curva_dia
          GROUP BY meta_curva_dia.mes, meta_curva_dia.canal
        ), rf AS (
         SELECT date_trunc('month'::text, f.data::timestamp with time zone)::date AS mes,
            f.canal_venda AS canal,
            sum(f.receita_total) FILTER (WHERE f.data < CURRENT_DATE) AS receita_d1,
            sum(f.invest_ads) FILTER (WHERE f.data < CURRENT_DATE) AS ads_d1,
            sum(f.receita_total) FILTER (WHERE f.data <= (CURRENT_DATE - 3)) AS receita_d3
           FROM fact_receita_diaria f
          WHERE f.data >= '2026-08-01'::date
          GROUP BY (date_trunc('month'::text, f.data::timestamp with time zone)::date), f.canal_venda
        ), ra AS (
         SELECT date_trunc('month'::text, mv_afiliado_canal_dia.data::timestamp with time zone)::date AS mes,
            mv_afiliado_canal_dia.canal,
            sum(mv_afiliado_canal_dia.rec) FILTER (WHERE mv_afiliado_canal_dia.data < CURRENT_DATE) AS afil_rec_d1,
            sum(mv_afiliado_canal_dia.inv) FILTER (WHERE mv_afiliado_canal_dia.data < CURRENT_DATE) AS afil_inv_d1
           FROM mv_afiliado_canal_dia
          WHERE mv_afiliado_canal_dia.data >= '2026-08-01'::date
          GROUP BY (date_trunc('month'::text, mv_afiliado_canal_dia.data::timestamp with time zone)::date), mv_afiliado_canal_dia.canal
        ), man AS (
         SELECT date_trunc('month'::text, realizado_manual.data::timestamp with time zone)::date AS mes,
            realizado_manual.canal,
            sum(realizado_manual.receita) FILTER (WHERE realizado_manual.data < CURRENT_DATE) AS rec_d1,
            sum(realizado_manual.invest) FILTER (WHERE realizado_manual.data < CURRENT_DATE) AS inv_d1
           FROM realizado_manual
          GROUP BY (date_trunc('month'::text, realizado_manual.data::timestamp with time zone)::date), realizado_manual.canal
        ), b AS (
         SELECT mc.mes,
            mc.canal,
            mc.receita_total_meta,
            mc.receita_ads_meta,
            mc.invest_ads_meta,
            mc.receita_afil_meta,
            mc.invest_afil_meta,
            mc.share_afil_meta,
            mc.comissao_afil_meta,
            COALESCE(rf.receita_d1, man.rec_d1) AS receita_real_d1,
            COALESCE(rf.ads_d1, man.inv_d1) AS ads_real_d1,
            rf.receita_d3,
            ra.afil_rec_d1,
            ra.afil_inv_d1,
            cur.curva_d1,
            cur.curva_d3,
            ra.afil_inv_d1 IS NULL AND COALESCE(mc.invest_afil_meta, 0::numeric) > 0::numeric AS afil_sem_lancamento
           FROM meta_canal_mes mc
             LEFT JOIN cur ON cur.mes = mc.mes AND cur.canal = mc.canal
             LEFT JOIN rf ON rf.mes = mc.mes AND rf.canal = mc.canal
             LEFT JOIN ra ON ra.mes = mc.mes AND ra.canal = mc.canal
             LEFT JOIN man ON man.mes = mc.mes AND man.canal = mc.canal
        ), d AS (
         SELECT b.mes,
            b.canal,
            b.receita_total_meta,
            b.receita_ads_meta,
            b.invest_ads_meta,
            b.receita_afil_meta,
            b.invest_afil_meta,
            b.share_afil_meta,
            b.comissao_afil_meta,
            b.receita_real_d1,
            b.ads_real_d1,
            b.receita_d3,
            b.afil_rec_d1,
            b.afil_inv_d1,
            b.curva_d1,
            b.curva_d3,
            b.afil_sem_lancamento,
            b.receita_total_meta * b.curva_d1 AS receita_meta_acum_d1,
            b.invest_ads_meta * b.curva_d1 AS ads_meta_acum_d1,
            b.invest_afil_meta * b.curva_d1 AS afil_meta_acum_d1,
            (COALESCE(b.invest_ads_meta, 0::numeric) + COALESCE(b.invest_afil_meta, 0::numeric)) * b.curva_d1 AS invest_meta_acum_d1,
            COALESCE(b.ads_real_d1, 0::numeric) + COALESCE(b.afil_inv_d1, 0::numeric) AS invest_real_d1,
            b.receita_real_d1 - b.receita_total_meta * b.curva_d1 AS gap_receita_d1
           FROM b
        ), e AS (
         SELECT d.mes,
            d.canal,
            d.receita_total_meta,
            d.receita_ads_meta,
            d.invest_ads_meta,
            d.receita_afil_meta,
            d.invest_afil_meta,
            d.share_afil_meta,
            d.comissao_afil_meta,
            d.receita_real_d1,
            d.ads_real_d1,
            d.receita_d3,
            d.afil_rec_d1,
            d.afil_inv_d1,
            d.curva_d1,
            d.curva_d3,
            d.afil_sem_lancamento,
            d.receita_meta_acum_d1,
            d.ads_meta_acum_d1,
            d.afil_meta_acum_d1,
            d.invest_meta_acum_d1,
            d.invest_real_d1,
            d.gap_receita_d1,
            d.ads_real_d1 - d.ads_meta_acum_d1 AS excesso_ads,
            d.afil_inv_d1 - d.afil_meta_acum_d1 AS excesso_afil,
            d.invest_real_d1 - d.invest_meta_acum_d1 AS excesso_invest,
                CASE
                    WHEN d.curva_d1 > 0::numeric THEN d.receita_real_d1 / d.curva_d1
                    ELSE NULL::numeric
                END AS projecao_receita,
                CASE
                    WHEN d.curva_d1 > 0::numeric THEN d.ads_real_d1 / d.curva_d1
                    ELSE NULL::numeric
                END AS projecao_ads,
                CASE
                    WHEN d.curva_d1 > 0::numeric THEN d.afil_inv_d1 / d.curva_d1
                    ELSE NULL::numeric
                END AS projecao_afil,
                CASE
                    WHEN d.curva_d1 > 0::numeric THEN d.invest_real_d1 / d.curva_d1
                    ELSE NULL::numeric
                END AS projecao_invest,
                CASE
                    WHEN d.receita_real_d1 > 0::numeric THEN 100.0 * d.invest_real_d1 / d.receita_real_d1
                    ELSE NULL::numeric
                END AS pct_real,
                CASE
                    WHEN d.receita_total_meta > 0::numeric THEN 100.0 * (COALESCE(d.invest_ads_meta, 0::numeric) + COALESCE(d.invest_afil_meta, 0::numeric)) / d.receita_total_meta
                    ELSE NULL::numeric
                END AS pct_meta,
                CASE
                    WHEN d.receita_real_d1 > 0::numeric AND d.receita_total_meta > 0::numeric THEN 100.0 * d.invest_real_d1 / d.receita_real_d1 - 100.0 * (COALESCE(d.invest_ads_meta, 0::numeric) + COALESCE(d.invest_afil_meta, 0::numeric)) / d.receita_total_meta
                    ELSE NULL::numeric
                END AS desvio_pp,
                CASE
                    WHEN d.ads_real_d1 > 0::numeric THEN d.receita_real_d1 / d.ads_real_d1
                    ELSE NULL::numeric
                END AS retorno_ads
           FROM d
        )
 SELECT mes,
    canal,
    receita_total_meta,
    receita_ads_meta,
    invest_ads_meta,
    receita_afil_meta,
    invest_afil_meta,
    share_afil_meta,
    comissao_afil_meta,
    receita_real_d1,
    ads_real_d1,
    receita_d3,
    afil_rec_d1,
    afil_inv_d1,
    curva_d1,
    curva_d3,
    afil_sem_lancamento,
    receita_meta_acum_d1,
    ads_meta_acum_d1,
    afil_meta_acum_d1,
    invest_meta_acum_d1,
    invest_real_d1,
    gap_receita_d1,
    excesso_ads,
    excesso_afil,
    excesso_invest,
    projecao_receita,
    projecao_ads,
    projecao_afil,
    projecao_invest,
    pct_real,
    pct_meta,
    desvio_pp,
    retorno_ads,
        CASE
            WHEN receita_total_meta IS NULL OR receita_real_d1 IS NULL OR desvio_pp IS NULL THEN 'ÔÇô'::text
            WHEN desvio_pp <= 0::numeric THEN 'No alvo'::text
            WHEN excesso_invest > (0.02 * invest_meta_acum_d1) AND gap_receita_d1 < ('-0.02'::numeric * receita_meta_acum_d1) THEN 'Gasto e receita'::text
            WHEN excesso_invest > (0.02 * invest_meta_acum_d1) THEN 'Gasto acima'::text
            WHEN gap_receita_d1 < ('-0.02'::numeric * receita_meta_acum_d1) THEN 'Receita abaixo'::text
            ELSE 'Aten├º├úo'::text
        END AS origem_desvio,
        CASE
            WHEN curva_d3 IS NULL OR COALESCE(receita_total_meta, 0::numeric) = 0::numeric OR receita_d3 IS NULL THEN 'ÔÇô'::text
            WHEN (receita_d3 / NULLIF(receita_total_meta * curva_d3, 0::numeric)) >= 1::numeric THEN 'No alvo'::text
            WHEN (receita_d3 / NULLIF(receita_total_meta * curva_d3, 0::numeric)) >= 0.85 THEN 'Aten├º├úo'::text
            ELSE 'Abaixo'::text
        END AS farol_receita
   FROM e;","vw_meta_vs_real_mensal"
"create or replace view public.vw_meta_vs_real_mes as
 WITH par AS (
         SELECT GREATEST(date_trunc('month'::text, CURRENT_DATE::timestamp with time zone)::date, '2026-09-01'::date) AS m
        ), cur AS (
         SELECT c.canal,
            sum(c.peso) FILTER (WHERE c.data < CURRENT_DATE) AS curva_d1,
            sum(c.peso) FILTER (WHERE c.data <= (CURRENT_DATE - 3)) AS curva_d3
           FROM meta_curva_dia c,
            par par_1
          WHERE c.mes = par_1.m
          GROUP BY c.canal
        ), rf AS (
         SELECT f.canal_venda AS canal,
            sum(f.receita_total) FILTER (WHERE f.data < CURRENT_DATE) AS receita_d1,
            sum(f.invest_ads) FILTER (WHERE f.data < CURRENT_DATE) AS ads_d1,
            sum(f.receita_total) FILTER (WHERE f.data <= (CURRENT_DATE - 3)) AS receita_d3,
            sum(f.invest_ads) FILTER (WHERE f.data <= (CURRENT_DATE - 3)) AS ads_d3
           FROM fact_receita_diaria f,
            par par_1
          WHERE f.data >= par_1.m AND f.data < (par_1.m + '1 mon'::interval)
          GROUP BY f.canal_venda
        ), ra AS (
         SELECT x.canal,
            sum(x.rec) FILTER (WHERE x.data < CURRENT_DATE) AS afil_rec_d1,
            sum(x.inv) FILTER (WHERE x.data < CURRENT_DATE) AS afil_inv_d1
           FROM ( SELECT vw_ml_afiliado_dia.data,
                    'Mercado Livre'::text AS canal,
                    vw_ml_afiliado_dia.gmv_afiliado AS rec,
                    vw_ml_afiliado_dia.custo_afiliado AS inv
                   FROM vw_ml_afiliado_dia
                UNION ALL
                 SELECT vw_shopee_afiliado_dia.data,
                    'Shopee'::text,
                    vw_shopee_afiliado_dia.gmv_afiliado,
                    vw_shopee_afiliado_dia.custo_afiliado
                   FROM vw_shopee_afiliado_dia
                UNION ALL
                 SELECT vw_tiktok_afiliado_dia.data,
                    'TikTok'::text,
                    vw_tiktok_afiliado_dia.gmv_afiliado,
                    vw_tiktok_afiliado_dia.custo_total
                   FROM vw_tiktok_afiliado_dia) x,
            par par_1
          WHERE x.data >= par_1.m AND x.data < (par_1.m + '1 mon'::interval)
          GROUP BY x.canal
        ), man AS (
         SELECT rm.canal,
            sum(rm.receita) FILTER (WHERE rm.data < CURRENT_DATE) AS rec_d1,
            sum(rm.invest) FILTER (WHERE rm.data < CURRENT_DATE) AS inv_d1
           FROM realizado_manual rm,
            par par_1
          WHERE rm.data >= par_1.m AND rm.data < (par_1.m + '1 mon'::interval)
          GROUP BY rm.canal
        )
 SELECT mc.canal,
    mc.receita_total_meta,
    mc.receita_ads_meta,
    mc.invest_ads_meta,
    mc.receita_afil_meta,
    mc.invest_afil_meta,
    COALESCE(rf.receita_d1, man.rec_d1) AS receita_real_d1,
    COALESCE(rf.ads_d1, man.inv_d1) AS ads_real_d1,
    ra.afil_rec_d1,
    ra.afil_inv_d1,
    cur.curva_d1,
    cur.curva_d3,
    mc.receita_total_meta * cur.curva_d1 AS receita_meta_acum_d1,
    mc.invest_ads_meta * cur.curva_d1 AS ads_meta_acum_d1,
        CASE
            WHEN cur.curva_d3 > 0::numeric AND COALESCE(mc.receita_total_meta, 0::numeric) > 0::numeric THEN rf.receita_d3 / (mc.receita_total_meta * cur.curva_d3)
            ELSE NULL::numeric
        END AS atg_receita_d3,
        CASE
            WHEN cur.curva_d1 > 0::numeric THEN COALESCE(rf.receita_d1, man.rec_d1) / cur.curva_d1
            ELSE NULL::numeric
        END AS projecao_receita,
        CASE
            WHEN cur.curva_d1 > 0::numeric THEN COALESCE(rf.ads_d1, man.inv_d1) / cur.curva_d1
            ELSE NULL::numeric
        END AS projecao_ads,
        CASE
            WHEN cur.curva_d3 IS NULL OR COALESCE(mc.receita_total_meta, 0::numeric) = 0::numeric OR rf.receita_d3 IS NULL THEN 'ÔÇô'::text
            WHEN (rf.receita_d3 / NULLIF(mc.receita_total_meta * cur.curva_d3, 0::numeric)) >= 1::numeric THEN 'No alvo'::text
            WHEN (rf.receita_d3 / NULLIF(mc.receita_total_meta * cur.curva_d3, 0::numeric)) >= 0.85 THEN 'Aten├º├úo'::text
            ELSE 'Abaixo'::text
        END AS farol_receita
   FROM meta_canal_mes mc
     JOIN par ON mc.mes = par.m
     LEFT JOIN cur ON cur.canal = mc.canal
     LEFT JOIN rf ON rf.canal = mc.canal
     LEFT JOIN ra ON ra.canal = mc.canal
     LEFT JOIN man ON man.canal = mc.canal;","vw_meta_vs_real_mes"
"create or replace view public.vw_ml_ads_intraday as
 SELECT captured_at,
    data,
    invest_ads,
    receita_ads,
    impressoes_ads,
    cliques_ads,
        CASE
            WHEN invest_ads > 0::numeric THEN round(receita_ads / invest_ads, 2)
            ELSE NULL::numeric
        END AS roas_ads
   FROM ml_visao_geral_intraday;","vw_ml_ads_intraday"
"create or replace view public.vw_ml_ads_saude as
 WITH dias AS (
         SELECT generate_series((CURRENT_DATE - 45)::timestamp with time zone, CURRENT_DATE::timestamp with time zone, '1 day'::interval)::date AS d
        ), fontes AS (
         SELECT 'product_ads'::text AS fonte,
            ml_product_ads_campanha_metricas.date AS d,
            sum(ml_product_ads_campanha_metricas.cost) AS v
           FROM ml_product_ads_campanha_metricas
          GROUP BY ml_product_ads_campanha_metricas.date
        UNION ALL
         SELECT 'display'::text,
            ml_display_criativo_metricas.date,
            sum(ml_display_criativo_metricas.consumed_budget) AS sum
           FROM ml_display_criativo_metricas
          GROUP BY ml_display_criativo_metricas.date
        UNION ALL
         SELECT 'brand_ads'::text,
            ml_brand_ads_metricas_dia.date,
            sum(ml_brand_ads_metricas_dia.consumed_budget) AS sum
           FROM ml_brand_ads_metricas_dia
          GROUP BY ml_brand_ads_metricas_dia.date
        ), grade AS (
         SELECT f.fonte,
            dias.d,
            COALESCE(x.v, 0::numeric) AS valor,
            x.d IS NULL AS sem_linha
           FROM dias
             CROSS JOIN ( SELECT DISTINCT fontes.fonte
                   FROM fontes) f
             LEFT JOIN fontes x ON x.fonte = f.fonte AND x.d = dias.d
        ), viz AS (
         SELECT g.fonte,
            g.d,
            g.valor,
            g.sem_linha,
            lag(g.valor) OVER (PARTITION BY g.fonte ORDER BY g.d) AS ant,
            lead(g.valor) OVER (PARTITION BY g.fonte ORDER BY g.d) AS prox
           FROM grade g
        )
 SELECT fonte,
    d AS data,
    round(valor, 2) AS valor,
    round(ant, 2) AS dia_anterior,
    round(prox, 2) AS dia_seguinte,
        CASE
            WHEN sem_linha THEN 'SEM LINHA'::text
            WHEN valor = 0::numeric AND COALESCE(ant, 0::numeric) > 0::numeric AND COALESCE(prox, 0::numeric) > 0::numeric THEN 'BURACO'::text
            ELSE 'ZERO'::text
        END AS situacao
   FROM viz
  WHERE d < CURRENT_DATE AND (sem_linha OR valor = 0::numeric AND COALESCE(ant, 0::numeric) > 0::numeric AND COALESCE(prox, 0::numeric) > 0::numeric)
  ORDER BY d DESC, fonte;","vw_ml_ads_saude"
"create or replace view public.vw_ml_afiliado_base as
 SELECT data_venda AS data,
    data_ml,
    pedido_id,
    item_id,
    seller_sku,
    titulo,
    categoria,
    quantidade,
    valor_venda,
    comissao_pedido,
    fee,
    fee_pct,
    afiliado_username,
    afiliado_nome,
    campanha_id,
    COALESCE(campanha_tipo, 'SEM_CAMPANHA'::text) AS campanha_tipo,
        CASE campanha_tipo
            WHEN 'CLOSED'::text THEN 'Campanha exclusiva'::text
            WHEN 'OPEN'::text THEN 'Campanha com afiliados'::text
            ELSE 'Sem campanha (custo zero)'::text
        END AS campanha_rotulo,
    COALESCE(comissao_pedido, 0::numeric) > 0::numeric AS tem_custo,
    casou_pedido,
    verificado,
    conversao_fim
   FROM ml_afiliado_venda v;","vw_ml_afiliado_base"
"create or replace view public.vw_ml_afiliado_campanha_dia as
 SELECT data,
    campanha_id,
    campanha_tipo,
    max(campanha_rotulo) AS campanha_rotulo,
    count(DISTINCT pedido_id) AS pedidos,
    count(DISTINCT afiliado_username) AS afiliados,
    sum(quantidade) AS unidades,
    round(sum(valor_venda), 2) AS gmv,
    round(sum(comissao_pedido), 2) AS custo,
    round(100.0 * sum(comissao_pedido) / NULLIF(sum(valor_venda), 0::numeric), 2) AS taxa_efetiva_pct,
    round(min(fee_pct), 2) AS fee_min_pct,
    round(max(fee_pct), 2) AS fee_max_pct
   FROM vw_ml_afiliado_base
  GROUP BY data, campanha_id, campanha_tipo;","vw_ml_afiliado_campanha_dia"
"create or replace view public.vw_ml_afiliado_creator_dia as
 SELECT data,
    afiliado_username,
    max(afiliado_nome) AS afiliado_nome,
    count(DISTINCT pedido_id) AS pedidos,
    sum(quantidade) AS unidades,
    round(sum(valor_venda), 2) AS gmv,
    round(sum(comissao_pedido), 2) AS custo,
    round(100.0 * sum(comissao_pedido) / NULLIF(sum(valor_venda), 0::numeric), 2) AS taxa_efetiva_pct,
    count(DISTINCT item_id) AS skus,
    count(DISTINCT campanha_id) AS campanhas
   FROM vw_ml_afiliado_base
  GROUP BY data, afiliado_username;","vw_ml_afiliado_creator_dia"
"create or replace view public.vw_ml_afiliado_creator_resumo as
 WITH b AS (
         SELECT vw_ml_afiliado_base.data,
            vw_ml_afiliado_base.data_ml,
            vw_ml_afiliado_base.pedido_id,
            vw_ml_afiliado_base.item_id,
            vw_ml_afiliado_base.seller_sku,
            vw_ml_afiliado_base.titulo,
            vw_ml_afiliado_base.categoria,
            vw_ml_afiliado_base.quantidade,
            vw_ml_afiliado_base.valor_venda,
            vw_ml_afiliado_base.comissao_pedido,
            vw_ml_afiliado_base.fee,
            vw_ml_afiliado_base.fee_pct,
            vw_ml_afiliado_base.afiliado_username,
            vw_ml_afiliado_base.afiliado_nome,
            vw_ml_afiliado_base.campanha_id,
            vw_ml_afiliado_base.campanha_tipo,
            vw_ml_afiliado_base.campanha_rotulo,
            vw_ml_afiliado_base.tem_custo,
            vw_ml_afiliado_base.casou_pedido,
            vw_ml_afiliado_base.verificado,
            vw_ml_afiliado_base.conversao_fim
           FROM vw_ml_afiliado_base
          WHERE vw_ml_afiliado_base.data >= (CURRENT_DATE - 30)
        ), r AS (
         SELECT b.afiliado_username,
            max(b.afiliado_nome) AS afiliado_nome,
            count(DISTINCT b.pedido_id) AS pedidos,
            sum(b.quantidade) AS unidades,
            sum(b.valor_venda) AS gmv,
            sum(b.comissao_pedido) AS custo,
            count(DISTINCT b.item_id) AS skus,
            min(b.data) AS primeira_venda,
            max(b.data) AS ultima_venda,
            count(DISTINCT b.data) AS dias_ativos,
            mode() WITHIN GROUP (ORDER BY b.campanha_tipo) AS campanha_predominante
           FROM b
          GROUP BY b.afiliado_username
        ), c AS (
         SELECT r.afiliado_username,
            r.afiliado_nome,
            r.pedidos,
            r.unidades,
            r.gmv,
            r.custo,
            r.skus,
            r.primeira_venda,
            r.ultima_venda,
            r.dias_ativos,
            r.campanha_predominante,
            rank() OVER (ORDER BY r.custo DESC) AS rank_custo,
            round(100.0 * sum(r.custo) OVER (ORDER BY r.custo DESC, r.afiliado_username) / NULLIF(sum(r.custo) OVER (), 0::numeric), 2) AS custo_acum_pct,
            round(100.0 * r.custo / NULLIF(sum(r.custo) OVER (), 0::numeric), 3) AS share_custo_pct,
            row_number() OVER (ORDER BY r.gmv DESC, r.afiliado_username) AS rank_gmv,
            round(100.0 * sum(r.gmv) OVER (ORDER BY r.gmv DESC, r.afiliado_username) / NULLIF(sum(r.gmv) OVER (), 0::numeric), 2) AS gmv_acum_pct,
            round(100.0 * r.gmv / NULLIF(sum(r.gmv) OVER (), 0::numeric), 3) AS share_gmv_pct,
            count(*) OVER () AS total_afiliados,
            round(sum(r.gmv) OVER (), 2) AS gmv_total_geral,
            round(sum(r.custo) OVER (), 2) AS custo_total_geral,
            sum(r.pedidos) OVER () AS pedidos_total_geral,
            sum(r.unidades) OVER () AS unidades_total_geral
           FROM r
        )
 SELECT afiliado_username,
    afiliado_nome,
    pedidos,
    unidades,
    round(gmv, 2) AS gmv,
    round(custo, 2) AS custo,
    round(100.0 * custo / NULLIF(gmv, 0::numeric), 2) AS taxa_efetiva_pct,
    round(gmv / NULLIF(pedidos, 0)::numeric, 2) AS ticket,
    skus,
    dias_ativos,
    primeira_venda,
    ultima_venda,
    campanha_predominante,
    rank_custo,
    custo_acum_pct,
    share_custo_pct,
    rank_gmv,
    gmv_acum_pct,
    share_gmv_pct,
    total_afiliados,
    gmv_total_geral,
    custo_total_geral,
    pedidos_total_geral,
    unidades_total_geral,
    ( SELECT min(c_1.rank_gmv) AS min
           FROM c c_1
          WHERE c_1.gmv_acum_pct >= 50::numeric) AS afiliados_p50_venda,
    ( SELECT min(c_1.rank_gmv) AS min
           FROM c c_1
          WHERE c_1.gmv_acum_pct >= 80::numeric) AS afiliados_p80_venda
   FROM c;","vw_ml_afiliado_creator_resumo"
"create or replace view public.vw_ml_afiliado_dia as
 WITH mat AS (
         SELECT f.data,
            5 - count(*) FILTER (WHERE f2.status = 'ok'::text) AS ml_faltando
           FROM ml_afiliado_fila f
             CROSS JOIN LATERAL generate_series(f.data::timestamp with time zone, (f.data + 4)::timestamp with time zone, '1 day'::interval) g(d)
             LEFT JOIN ml_afiliado_fila f2 ON f2.data = g.d::date
          GROUP BY f.data
        ), agg AS (
         SELECT vw_ml_afiliado_base.data,
            count(*) AS linhas,
            count(DISTINCT vw_ml_afiliado_base.pedido_id) AS pedidos_afiliado,
            sum(vw_ml_afiliado_base.quantidade) AS unidades_afiliado,
            count(DISTINCT vw_ml_afiliado_base.afiliado_username) AS afiliados_ativos,
            sum(vw_ml_afiliado_base.valor_venda) AS gmv_afiliado,
            sum(vw_ml_afiliado_base.comissao_pedido) AS custo_afiliado,
            sum(vw_ml_afiliado_base.valor_venda) FILTER (WHERE vw_ml_afiliado_base.campanha_tipo = 'CLOSED'::text) AS gmv_exclusiva,
            sum(vw_ml_afiliado_base.comissao_pedido) FILTER (WHERE vw_ml_afiliado_base.campanha_tipo = 'CLOSED'::text) AS custo_exclusiva,
            sum(vw_ml_afiliado_base.valor_venda) FILTER (WHERE vw_ml_afiliado_base.campanha_tipo = 'OPEN'::text) AS gmv_aberta,
            sum(vw_ml_afiliado_base.comissao_pedido) FILTER (WHERE vw_ml_afiliado_base.campanha_tipo = 'OPEN'::text) AS custo_aberta,
            sum(vw_ml_afiliado_base.valor_venda) FILTER (WHERE vw_ml_afiliado_base.campanha_tipo = 'SEM_CAMPANHA'::text) AS gmv_sem_campanha,
            avg(vw_ml_afiliado_base.valor_venda) AS ticket_afiliado
           FROM vw_ml_afiliado_base
          GROUP BY vw_ml_afiliado_base.data
        )
 SELECT a.data,
    m.ml_faltando = 0 AS completo,
    m.ml_faltando AS dias_ml_faltando,
    t.pedidos_total,
    a.pedidos_afiliado,
    round(100.0 * a.pedidos_afiliado::numeric / NULLIF(t.pedidos_total, 0)::numeric, 2) AS pct_pedidos_afiliado,
    a.unidades_afiliado,
    a.afiliados_ativos,
    round(t.gmv_total, 2) AS gmv_total,
    round(a.gmv_afiliado, 2) AS gmv_afiliado,
    round(100.0 * a.gmv_afiliado / NULLIF(t.gmv_total, 0::numeric), 2) AS pct_gmv_afiliado,
    round(a.custo_afiliado, 2) AS custo_afiliado,
    round(100.0 * a.custo_afiliado / NULLIF(a.gmv_afiliado, 0::numeric), 2) AS comissao_efetiva_pct,
    round(100.0 * a.custo_afiliado / NULLIF(t.gmv_total, 0::numeric), 2) AS custo_pct_gmv_total,
    round(a.ticket_afiliado, 2) AS ticket_afiliado,
    round((t.gmv_total - a.gmv_afiliado) / NULLIF(t.pedidos_total - a.pedidos_afiliado, 0)::numeric, 2) AS ticket_sem_afiliado,
    round(a.gmv_exclusiva, 2) AS gmv_exclusiva,
    round(a.custo_exclusiva, 2) AS custo_exclusiva,
    round(100.0 * a.custo_exclusiva / NULLIF(a.gmv_exclusiva, 0::numeric), 2) AS taxa_exclusiva_pct,
    round(a.gmv_aberta, 2) AS gmv_aberta,
    round(a.custo_aberta, 2) AS custo_aberta,
    round(100.0 * a.custo_aberta / NULLIF(a.gmv_aberta, 0::numeric), 2) AS taxa_aberta_pct,
    round(COALESCE(a.gmv_sem_campanha, 0::numeric), 2) AS gmv_sem_campanha,
    round(100.0 * COALESCE(a.gmv_sem_campanha, 0::numeric) / NULLIF(a.gmv_afiliado, 0::numeric), 2) AS pct_gmv_custo_zero
   FROM agg a
     LEFT JOIN LATERAL ( SELECT count(*) AS pedidos_total,
            sum(p.total_amount) AS gmv_total
           FROM ml_pedido p
          WHERE p.status = 'paid'::text AND p.data_venda = a.data) t ON true
     LEFT JOIN mat m ON m.data = a.data;","vw_ml_afiliado_dia"
"create or replace view public.vw_ml_afiliado_produto_dia as
 WITH agg AS (
         SELECT vw_ml_afiliado_base.data,
            vw_ml_afiliado_base.item_id,
            max(vw_ml_afiliado_base.seller_sku) AS seller_sku,
            max(vw_ml_afiliado_base.titulo) AS produto,
            max(vw_ml_afiliado_base.categoria) AS categoria,
            count(DISTINCT vw_ml_afiliado_base.pedido_id) AS pedidos_afiliado,
            sum(vw_ml_afiliado_base.quantidade) AS unidades_afiliado,
            count(DISTINCT vw_ml_afiliado_base.afiliado_username) AS afiliados,
            sum(vw_ml_afiliado_base.valor_venda) AS gmv_afiliado,
            sum(vw_ml_afiliado_base.comissao_pedido) AS custo_afiliado
           FROM vw_ml_afiliado_base
          GROUP BY vw_ml_afiliado_base.data, vw_ml_afiliado_base.item_id
        )
 SELECT a.data,
    a.item_id,
    a.seller_sku,
    a.produto,
    a.categoria,
    a.pedidos_afiliado,
    a.unidades_afiliado,
    a.afiliados,
    round(a.gmv_afiliado, 2) AS gmv_afiliado,
    round(a.custo_afiliado, 2) AS custo_afiliado,
    round(100.0 * a.custo_afiliado / NULLIF(a.gmv_afiliado, 0::numeric), 2) AS comissao_efetiva_pct,
    round(a.gmv_afiliado - a.custo_afiliado, 2) AS liquido_afiliado,
    t.pedidos_total,
    round(t.gmv_total, 2) AS gmv_total,
    round(100.0 * a.pedidos_afiliado::numeric / NULLIF(t.pedidos_total, 0)::numeric, 2) AS pct_pedidos_via_afiliado,
    round(100.0 * a.gmv_afiliado / NULLIF(t.gmv_total, 0::numeric), 2) AS pct_gmv_via_afiliado
   FROM agg a
     LEFT JOIN LATERAL ( SELECT count(DISTINCT x.pedido_id) AS pedidos_total,
            sum(x.unit_price * x.quantity::numeric) AS gmv_total
           FROM ( SELECT ml_pedido_item.pedido_id,
                    ml_pedido_item.quantity,
                    ml_pedido_item.unit_price
                   FROM ml_pedido_item
                  WHERE ml_pedido_item.data_venda = a.data AND ml_pedido_item.item_id = a.item_id
                UNION
                 SELECT ml_pedido_item_rt.pedido_id,
                    ml_pedido_item_rt.quantity,
                    ml_pedido_item_rt.unit_price
                   FROM ml_pedido_item_rt
                  WHERE ml_pedido_item_rt.data_venda = a.data AND ml_pedido_item_rt.item_id = a.item_id) x) t ON true;","vw_ml_afiliado_produto_dia"
"create or replace view public.vw_ml_afiliado_saude as
 WITH fila AS (
         SELECT count(*) FILTER (WHERE ml_afiliado_fila.status = 'ok'::text) AS dias_ok,
            count(*) FILTER (WHERE ml_afiliado_fila.status = 'pendente'::text) AS dias_pendentes,
            count(*) FILTER (WHERE ml_afiliado_fila.status = 'erro'::text) AS dias_erro,
            min(ml_afiliado_fila.data) FILTER (WHERE ml_afiliado_fila.status = 'ok'::text) AS primeiro_dia_ok,
            max(ml_afiliado_fila.data) FILTER (WHERE ml_afiliado_fila.status = 'ok'::text) AS ultimo_dia_ok
           FROM ml_afiliado_fila
        ), base AS (
         SELECT count(*) AS linhas,
            count(*) FILTER (WHERE vw_ml_afiliado_base.casou_pedido) AS linhas_com_pedido,
            count(DISTINCT vw_ml_afiliado_base.afiliado_username) AS afiliados,
            min(vw_ml_afiliado_base.data) AS primeiro_dia,
            max(vw_ml_afiliado_base.data) AS ultimo_dia
           FROM vw_ml_afiliado_base
        ), inc AS (
         SELECT count(*) AS dias_brt_incompletos
           FROM vw_ml_afiliado_dia
          WHERE COALESCE(vw_ml_afiliado_dia.completo, false) = false AND vw_ml_afiliado_dia.data < (CURRENT_DATE - 4)
        )
 SELECT 'Mercado Livre'::text AS canal,
    b.linhas,
    b.afiliados,
    b.primeiro_dia,
    b.ultimo_dia,
    round(100.0 * b.linhas_com_pedido::numeric / NULLIF(b.linhas, 0)::numeric, 2) AS pct_casou_ml_pedido,
    f.dias_ok,
    f.dias_pendentes,
    f.dias_erro,
    f.primeiro_dia_ok,
    f.ultimo_dia_ok,
    i.dias_brt_incompletos,
    CURRENT_DATE - 1 - f.ultimo_dia_ok AS dias_atraso,
        CASE
            WHEN f.ultimo_dia_ok IS NULL THEN 'sem coleta'::text
            WHEN f.ultimo_dia_ok >= (CURRENT_DATE - 1) THEN 'ok'::text
            WHEN f.ultimo_dia_ok >= (CURRENT_DATE - 3) THEN 'atrasado'::text
            ELSE 'parado'::text
        END AS situacao
   FROM base b
     CROSS JOIN fila f
     CROSS JOIN inc i;","vw_ml_afiliado_saude"
"create or replace view public.vw_ml_anuncio_dia as
 SELECT item_id,
    data,
    visitas,
    pedidos,
    unidades,
    faturamento,
    comissao
   FROM tab_ml_anuncio_dia;","vw_ml_anuncio_dia"
"create or replace view public.vw_ml_anuncio_hist as
 SELECT h.id,
    h.item_id,
    i.title AS nome,
    i.seller_sku AS sku,
    h.campo,
    h.valor_antigo,
    h.valor_novo,
    h.mudou_em,
    i.thumbnail,
    i.permalink
   FROM ml_anuncio_hist h
     LEFT JOIN ml_item i ON i.item_id = h.item_id;","vw_ml_anuncio_hist"
"create or replace view public.vw_ml_competicao as
 SELECT i.item_id,
    i.title AS nome,
    i.seller_sku AS sku,
    i.status AS anuncio_status,
    i.price AS preco_lista,
    i.preco_venda,
    i.preco_regular,
    i.em_promocao,
    i.tipo_promocao,
    i.promo_campanha,
        CASE
            WHEN i.preco_regular IS NOT NULL AND i.preco_regular > 0::numeric AND i.preco_venda IS NOT NULL THEN round((1::numeric - i.preco_venda / i.preco_regular) * 100::numeric, 1)
            ELSE NULL::numeric
        END AS desconto_pct,
    i.available_quantity AS estoque_disponivel,
    i.sold_quantity AS vendidos,
    i.health,
    i.catalog_listing,
    i.catalog_product_id,
    i.logistic_type,
    i.free_shipping,
    i.domain_id,
    i.permalink,
    i.thumbnail,
    c.status AS buybox_status,
        CASE c.status
            WHEN 'winning'::text THEN 'Ganhando'::text
            WHEN 'sharing_first_place'::text THEN 'Empatado'::text
            WHEN 'competing'::text THEN 'Perdendo'::text
            WHEN 'listed'::text THEN 'Listado'::text
            WHEN 'not_listed'::text THEN 'N├úo inscrito'::text
            ELSE c.status
        END AS situacao,
    c.price_to_win,
    c.current_price AS preco_competicao,
        CASE
            WHEN c.status = 'competing'::text AND c.price_to_win IS NOT NULL AND c.current_price IS NOT NULL THEN round(c.current_price - c.price_to_win, 2)
            ELSE NULL::numeric
        END AS baixar_para_ganhar,
    c.boosts,
        CASE
            WHEN c.boosts IS NULL THEN NULL::bigint
            ELSE ( SELECT count(*) AS count
               FROM jsonb_array_elements(c.boosts) b(value)
              WHERE (b.value ->> 'status'::text) = 'opportunity'::text)
        END AS oportunidades_boost,
    c.competitors,
    c.reason,
    c.atualizado_em
   FROM ml_item i
     LEFT JOIN ml_item_competicao c ON c.item_id = i.item_id;","vw_ml_competicao"
"create or replace view public.vw_ml_concorrente_dia as
 WITH base AS (
         SELECT ml_concorrente_snapshot.data_ref,
            ml_concorrente_snapshot.alias,
            ml_concorrente_snapshot.categoria,
            ml_concorrente_snapshot.receita_acum,
            ml_concorrente_snapshot.unidades_acum,
            ml_concorrente_snapshot.visitas_acum,
            ml_concorrente_snapshot.base_anterior_acum,
            ml_concorrente_snapshot.base_estimada,
            ml_concorrente_snapshot.base_fonte,
            ml_concorrente_snapshot.eh_piso,
            ml_concorrente_snapshot.posicao
           FROM ml_concorrente_snapshot
        UNION ALL
         SELECT ml_concorrente_snapshot.data_ref,
            ml_concorrente_snapshot.alias,
            'total'::text,
            sum(ml_concorrente_snapshot.receita_acum) AS sum,
            sum(ml_concorrente_snapshot.unidades_acum) AS sum,
            sum(ml_concorrente_snapshot.visitas_acum) AS sum,
                CASE
                    WHEN bool_or(ml_concorrente_snapshot.base_anterior_acum IS NULL) THEN NULL::numeric
                    ELSE sum(ml_concorrente_snapshot.base_anterior_acum)
                END AS sum,
            bool_or(ml_concorrente_snapshot.base_estimada) AS bool_or,
                CASE
                    WHEN bool_or(ml_concorrente_snapshot.base_fonte = 'congelado'::text) THEN 'congelado'::text
                    WHEN bool_or(ml_concorrente_snapshot.base_fonte = 'prorrateado'::text) THEN 'prorrateado'::text
                    WHEN bool_or(ml_concorrente_snapshot.base_fonte = 'historico'::text) THEN 'historico'::text
                    WHEN bool_or(ml_concorrente_snapshot.base_fonte = 'detalhe'::text) THEN 'detalhe'::text
                    ELSE 'ranking'::text
                END AS ""case"",
            bool_or(ml_concorrente_snapshot.eh_piso) AS bool_or,
            NULL::integer AS int4
           FROM ml_concorrente_snapshot
          GROUP BY ml_concorrente_snapshot.data_ref, ml_concorrente_snapshot.alias
        ), janela AS (
         SELECT b.data_ref,
            b.alias,
            b.categoria,
            b.receita_acum,
            b.unidades_acum,
            b.visitas_acum,
            b.base_anterior_acum,
            b.base_estimada,
            b.base_fonte,
            b.eh_piso,
            b.posicao,
            lag(b.data_ref) OVER w AS data_ant,
            lag(b.receita_acum) OVER w AS receita_ant,
            lag(b.unidades_acum) OVER w AS unidades_ant
           FROM base b
          WINDOW w AS (PARTITION BY b.alias, b.categoria, (date_trunc('month'::text, b.data_ref::timestamp with time zone)) ORDER BY b.data_ref)
        )
 SELECT j.data_ref,
    date_trunc('month'::text, j.data_ref::timestamp with time zone)::date AS mes,
    j.alias,
    d.nome,
    d.tipo,
    d.acompanhado,
    j.categoria,
    j.receita_acum,
    j.unidades_acum,
    j.visitas_acum,
    COALESCE(j.receita_acum - j.receita_ant, j.receita_acum) AS receita_periodo,
    COALESCE(j.unidades_acum - j.unidades_ant, j.unidades_acum) AS unidades_periodo,
    COALESCE(j.data_ref - j.data_ant, EXTRACT(day FROM j.data_ref)::integer) AS dias_cobertos,
    j.data_ant IS NULL AS primeira_do_mes,
    j.data_ant IS NOT NULL AND (j.data_ref - j.data_ant) > 1 AS periodo_agregado,
    round(COALESCE(j.receita_acum - j.receita_ant, j.receita_acum) / NULLIF(COALESCE(j.data_ref - j.data_ant, EXTRACT(day FROM j.data_ref)::integer), 0)::numeric, 2) AS receita_dia_media,
    j.base_anterior_acum,
        CASE
            WHEN j.base_anterior_acum > 0::numeric THEN round(j.receita_acum / j.base_anterior_acum - 1::numeric, 6)
            ELSE NULL::numeric
        END AS crescimento,
    j.base_estimada,
    j.base_fonte,
    j.eh_piso,
    j.posicao,
    j.data_ref = (date_trunc('month'::text, j.data_ref::timestamp with time zone) + '1 mon -1 days'::interval)::date AS mes_fechado
   FROM janela j
     JOIN dim_ml_concorrente d ON d.alias = j.alias;","vw_ml_concorrente_dia"
"create or replace view public.vw_ml_concorrente_mes as
 SELECT DISTINCT ON (mes, alias, categoria) mes,
    data_ref,
    alias,
    nome,
    tipo,
    acompanhado,
    categoria,
    receita_acum,
    unidades_acum,
    visitas_acum,
    base_anterior_acum,
    crescimento,
    base_estimada,
    base_fonte,
    eh_piso,
    mes_fechado
   FROM vw_ml_concorrente_dia
  ORDER BY mes, alias, categoria, data_ref DESC;","vw_ml_concorrente_mes"
"create or replace view public.vw_ml_display_campanha_dia as
 SELECT m.date AS data,
    m.campaign_id::text AS campaign_id,
    c.name AS campaign_name,
    c.type AS tipo,
    c.goal,
    c.status,
    m.consumed_budget AS investimento,
    m.prints AS impressoes,
    m.clicks AS cliques,
    m.reach AS alcance,
    m.average_frequency AS frequencia,
    m.active_views AS views_ativas,
    m.completed_views AS views_completas,
    m.q25,
    m.q50,
    m.q75,
    m.q100,
    m.et_units_quantity AS unidades,
    m.et_direct_amount AS receita,
    m.et_attribution_ppv AS ppv,
    m.et_attribution_add_to_cart AS add_to_cart,
    m.et_attribution_checkout AS checkout,
    m.et_attribution_bookmark AS favoritos,
    m.tp_units_quantity AS unidades_tp,
    m.tp_direct_amount AS receita_tp,
    m.tp_attribution_ppv AS ppv_tp,
    m.tp_attribution_add_to_cart AS add_to_cart_tp,
    m.tp_attribution_checkout AS checkout_tp
   FROM ml_display_campanha_metricas m
     JOIN ml_display_campanha c USING (campaign_id);","vw_ml_display_campanha_dia"
"create or replace view public.vw_ml_display_campanha_lista as
 SELECT campaign_id::text AS campaign_id,
    name AS campaign_name,
    status,
    type AS tipo,
    goal,
    start_date,
    end_date,
    site_id,
    advertiser_id
   FROM ml_display_campanha;","vw_ml_display_campanha_lista"
"create or replace view public.vw_ml_display_criativo_dia as
 SELECT m.date AS data,
    m.creative_id::text AS creative_id,
    cr.name AS creative_name,
    m.line_item_id::text AS line_item_id,
    l.name AS line_item_name,
    m.campaign_id::text AS campaign_id,
    c.name AS campaign_name,
    cr.status,
    m.consumed_budget AS investimento,
    m.prints AS impressoes,
    m.clicks AS cliques,
    m.reach AS alcance,
    m.average_frequency AS frequencia,
    m.active_views AS views_ativas,
    m.completed_views AS views_completas,
    m.q25,
    m.q50,
    m.q75,
    m.q100,
    m.et_units_quantity AS unidades,
    m.et_direct_amount AS receita,
    m.et_attribution_ppv AS ppv,
    m.et_attribution_add_to_cart AS add_to_cart,
    m.et_attribution_checkout AS checkout,
    m.et_attribution_bookmark AS favoritos,
    m.tp_units_quantity AS unidades_tp,
    m.tp_direct_amount AS receita_tp,
    m.tp_attribution_ppv AS ppv_tp,
    m.tp_attribution_add_to_cart AS add_to_cart_tp,
    m.tp_attribution_checkout AS checkout_tp
   FROM ml_display_criativo_metricas m
     JOIN ml_display_criativo cr ON cr.creative_id = m.creative_id AND cr.line_item_id = m.line_item_id
     JOIN ml_display_line_item l ON l.line_item_id = m.line_item_id
     JOIN ml_display_campanha c ON c.campaign_id = m.campaign_id;","vw_ml_display_criativo_dia"
"create or replace view public.vw_ml_display_criativo_lista as
 SELECT cr.creative_id::text AS creative_id,
    cr.name AS creative_name,
    cr.status,
    cr.line_item_id::text AS line_item_id,
    l.name AS line_item_name,
    cr.campaign_id::text AS campaign_id,
    c.name AS campaign_name
   FROM ml_display_criativo cr
     JOIN ml_display_line_item l ON l.line_item_id = cr.line_item_id
     JOIN ml_display_campanha c ON c.campaign_id = cr.campaign_id;","vw_ml_display_criativo_lista"
"create or replace view public.vw_ml_display_kpi_dia as
 SELECT date AS data,
    sum(consumed_budget) AS investimento,
    sum(prints) AS impressoes,
    sum(clicks) AS cliques,
    sum(reach) AS alcance,
    sum(et_units_quantity) AS unidades,
    sum(et_direct_amount) AS receita,
    sum(tp_units_quantity) AS unidades_tp,
    sum(tp_direct_amount) AS receita_tp,
    sum(et_attribution_ppv) AS ppv,
    sum(et_attribution_add_to_cart) AS add_to_cart,
    sum(et_attribution_checkout) AS checkout,
    sum(active_views) AS views_ativas,
    sum(completed_views) AS views_completas
   FROM ml_display_campanha_metricas
  GROUP BY date;","vw_ml_display_kpi_dia"
"create or replace view public.vw_ml_display_line_item_dia as
 SELECT m.date AS data,
    m.line_item_id::text AS line_item_id,
    l.name AS line_item_name,
    m.campaign_id::text AS campaign_id,
    c.name AS campaign_name,
    l.status,
    l.type AS tipo,
    m.consumed_budget AS investimento,
    m.prints AS impressoes,
    m.clicks AS cliques,
    m.reach AS alcance,
    m.average_frequency AS frequencia,
    m.active_views AS views_ativas,
    m.completed_views AS views_completas,
    m.q25,
    m.q50,
    m.q75,
    m.q100,
    m.et_units_quantity AS unidades,
    m.et_direct_amount AS receita,
    m.et_attribution_ppv AS ppv,
    m.et_attribution_add_to_cart AS add_to_cart,
    m.et_attribution_checkout AS checkout,
    m.et_attribution_bookmark AS favoritos,
    m.tp_units_quantity AS unidades_tp,
    m.tp_direct_amount AS receita_tp,
    m.tp_attribution_ppv AS ppv_tp,
    m.tp_attribution_add_to_cart AS add_to_cart_tp,
    m.tp_attribution_checkout AS checkout_tp
   FROM ml_display_line_item_metricas m
     JOIN ml_display_line_item l USING (line_item_id)
     JOIN ml_display_campanha c ON c.campaign_id = m.campaign_id;","vw_ml_display_line_item_dia"
"create or replace view public.vw_ml_display_line_item_lista as
 SELECT l.line_item_id::text AS line_item_id,
    l.name AS line_item_name,
    l.status,
    l.type AS tipo,
    l.start_date,
    l.end_date,
    l.campaign_id::text AS campaign_id,
    c.name AS campaign_name,
    c.type AS campaign_tipo
   FROM ml_display_line_item l
     JOIN ml_display_campanha c USING (campaign_id);","vw_ml_display_line_item_lista"
"create or replace view public.vw_ml_estoque_full_vendas as
 SELECT inventory_id,
    seller_sku,
    item_id,
    title,
    disponivel,
    em_transferencia,
    total,
    vendas_hoje,
    vendas_d1,
    vendas_7d,
    vendas_14d,
    vendas_21d,
    atualizado_em,
    atualizado_vendas
   FROM dim_ml_estoque_full;","vw_ml_estoque_full_vendas"
"create or replace view public.vw_ml_frete_dia as
 WITH it AS (
         SELECT i.pedido_id,
            i.data_venda,
            i.logistic_type,
            i.item_id,
            i.quantity,
            i.unit_price,
            i.sale_fee,
            p.status
           FROM ml_pedido_item_rt i
             LEFT JOIN ml_pedido_rt p ON p.pedido_id = i.pedido_id
        UNION ALL
         SELECT h.pedido_id,
            h.data_venda,
            h.logistic_type,
            h.item_id,
            h.quantity,
            h.unit_price,
            h.sale_fee,
            p.status
           FROM ml_pedido_item h
             LEFT JOIN ml_pedido p ON p.pedido_id = h.pedido_id
          WHERE NOT (EXISTS ( SELECT 1
                   FROM ml_pedido_item_rt r
                  WHERE r.pedido_id = h.pedido_id))
        ), agg AS (
         SELECT it.data_venda AS data,
            it.logistic_type,
            count(DISTINCT it.pedido_id) FILTER (WHERE it.status IS DISTINCT FROM 'cancelled'::text) AS pedidos,
            sum(it.quantity) FILTER (WHERE it.status IS DISTINCT FROM 'cancelled'::text) AS unidades,
            sum(it.unit_price * it.quantity::numeric) FILTER (WHERE it.status IS DISTINCT FROM 'cancelled'::text) AS faturamento,
            count(DISTINCT it.item_id) FILTER (WHERE it.status IS DISTINCT FROM 'cancelled'::text) AS produtos,
            sum(COALESCE(it.sale_fee, 0::numeric) * it.quantity::numeric) FILTER (WHERE it.status IS DISTINCT FROM 'cancelled'::text) AS comissao,
            count(DISTINCT it.pedido_id) FILTER (WHERE it.status IS DISTINCT FROM 'cancelled'::text AND COALESCE(it.sale_fee, 0::numeric) > 0::numeric) AS pedidos_com_comissao,
            count(DISTINCT it.pedido_id) FILTER (WHERE it.status = 'cancelled'::text) AS pedidos_cancelados,
            sum(it.unit_price * it.quantity::numeric) FILTER (WHERE it.status = 'cancelled'::text) AS faturamento_cancelado
           FROM it
          GROUP BY it.data_venda, it.logistic_type
        )
 SELECT data,
        CASE logistic_type
            WHEN 'fulfillment'::text THEN 'Full'::text
            WHEN 'self_service'::text THEN 'Flex'::text
            WHEN 'cross_docking'::text THEN 'Coleta (cross-docking)'::text
            ELSE 'N├úo resolvido'::text
        END AS tipo_frete,
    logistic_type,
    pedidos,
    COALESCE(unidades, 0::bigint) AS unidades,
    round(COALESCE(faturamento, 0::numeric), 2) AS faturamento,
    round(faturamento / NULLIF(pedidos, 0)::numeric, 2) AS ticket_medio,
    round(faturamento / NULLIF(unidades, 0)::numeric, 2) AS preco_medio,
    round(unidades::numeric / NULLIF(pedidos, 0)::numeric, 2) AS unid_por_pedido,
    produtos,
    round(COALESCE(comissao, 0::numeric), 2) AS comissao,
    round(100::numeric * comissao / NULLIF(faturamento, 0::numeric), 2) AS comissao_pct,
    round(100::numeric * pedidos_com_comissao::numeric / NULLIF(pedidos, 0)::numeric, 2) AS cobertura_comissao_pct,
    pedidos_cancelados,
    round(COALESCE(faturamento_cancelado, 0::numeric), 2) AS faturamento_cancelado,
    round(100::numeric * pedidos_cancelados::numeric / NULLIF(pedidos + pedidos_cancelados, 0)::numeric, 2) AS cancelamento_pct,
    round(100::numeric * faturamento / NULLIF(sum(faturamento) OVER (PARTITION BY data), 0::numeric), 2) AS share_pct
   FROM agg;","vw_ml_frete_dia"
"create or replace view public.vw_ml_frete_pedido as
 WITH env AS (
         SELECT ml_pedido_frete.shipping_id,
            max(ml_pedido_frete.frete_vendedor) AS frete_envio,
            count(*) AS pedidos_no_envio
           FROM ml_pedido_frete
          WHERE ml_pedido_frete.status = 'ok'::text AND ml_pedido_frete.shipping_id IS NOT NULL
          GROUP BY ml_pedido_frete.shipping_id
        )
 SELECT f.pedido_id,
    f.shipping_id,
    f.logistic_type,
    e.pedidos_no_envio,
    e.frete_envio,
    round(e.frete_envio / e.pedidos_no_envio::numeric, 4) AS frete_rateado,
    f.frete_vendedor AS frete_bruto_legado
   FROM ml_pedido_frete f
     JOIN env e USING (shipping_id)
  WHERE f.status = 'ok'::text;","vw_ml_frete_pedido"
"create or replace view public.vw_ml_frete_produto_dia as
 WITH it AS (
         SELECT i.pedido_id,
            i.data_venda,
            i.logistic_type,
            i.item_id,
            i.seller_sku,
            i.title,
            i.quantity,
            i.unit_price,
            i.sale_fee,
            p.status
           FROM ml_pedido_item_rt i
             LEFT JOIN ml_pedido_rt p ON p.pedido_id = i.pedido_id
        UNION ALL
         SELECT h.pedido_id,
            h.data_venda,
            h.logistic_type,
            h.item_id,
            h.seller_sku,
            h.title,
            h.quantity,
            h.unit_price,
            h.sale_fee,
            p.status
           FROM ml_pedido_item h
             LEFT JOIN ml_pedido p ON p.pedido_id = h.pedido_id
          WHERE NOT (EXISTS ( SELECT 1
                   FROM ml_pedido_item_rt r
                  WHERE r.pedido_id = h.pedido_id))
        ), agg AS (
         SELECT it.data_venda AS data,
            it.logistic_type,
            it.item_id,
            max(it.seller_sku) AS seller_sku,
            max(it.title) AS titulo,
            count(DISTINCT it.pedido_id) FILTER (WHERE it.status IS DISTINCT FROM 'cancelled'::text) AS pedidos,
            sum(it.quantity) FILTER (WHERE it.status IS DISTINCT FROM 'cancelled'::text) AS unidades,
            sum(it.unit_price * it.quantity::numeric) FILTER (WHERE it.status IS DISTINCT FROM 'cancelled'::text) AS faturamento,
            sum(COALESCE(it.sale_fee, 0::numeric) * it.quantity::numeric) FILTER (WHERE it.status IS DISTINCT FROM 'cancelled'::text) AS comissao,
            count(DISTINCT it.pedido_id) FILTER (WHERE it.status = 'cancelled'::text) AS pedidos_cancelados,
            sum(it.unit_price * it.quantity::numeric) FILTER (WHERE it.status = 'cancelled'::text) AS faturamento_cancelado
           FROM it
          GROUP BY it.data_venda, it.logistic_type, it.item_id
        )
 SELECT data,
        CASE logistic_type
            WHEN 'fulfillment'::text THEN 'Full'::text
            WHEN 'self_service'::text THEN 'Flex'::text
            WHEN 'cross_docking'::text THEN 'Coleta (cross-docking)'::text
            ELSE 'N├úo resolvido'::text
        END AS tipo_frete,
    logistic_type,
    item_id,
    seller_sku,
    titulo,
    pedidos,
    COALESCE(unidades, 0::bigint) AS unidades,
    round(COALESCE(faturamento, 0::numeric), 2) AS faturamento,
    round(faturamento / NULLIF(pedidos, 0)::numeric, 2) AS ticket_medio,
    round(faturamento / NULLIF(unidades, 0)::numeric, 2) AS preco_medio,
    round(unidades::numeric / NULLIF(pedidos, 0)::numeric, 2) AS unid_por_pedido,
    round(COALESCE(comissao, 0::numeric), 2) AS comissao,
    round(100::numeric * comissao / NULLIF(faturamento, 0::numeric), 2) AS comissao_pct,
    pedidos_cancelados,
    round(COALESCE(faturamento_cancelado, 0::numeric), 2) AS faturamento_cancelado,
    round(100::numeric * pedidos_cancelados::numeric / NULLIF(pedidos + pedidos_cancelados, 0)::numeric, 2) AS cancelamento_pct,
    round(100::numeric * faturamento / NULLIF(sum(faturamento) OVER (PARTITION BY data, logistic_type), 0::numeric), 2) AS share_tipo_pct
   FROM agg;","vw_ml_frete_produto_dia"
"create or replace view public.vw_ml_full_inventory as
 SELECT DISTINCT ON ((raw ->> 'inventory_id'::text)) raw ->> 'inventory_id'::text AS inventory_id,
    seller_sku,
    item_id,
    title,
    available_quantity AS qty_anuncio
   FROM ml_item
  WHERE logistic_type = 'fulfillment'::text AND (raw ->> 'inventory_id'::text) IS NOT NULL
  ORDER BY (raw ->> 'inventory_id'::text), (seller_sku IS NULL), item_id;","vw_ml_full_inventory"
"create or replace view public.vw_ml_mercado_dia as
 SELECT ml_categoria_snapshot.data_ref,
    date_trunc('month'::text, ml_categoria_snapshot.data_ref::timestamp with time zone)::date AS mes,
    ml_categoria_snapshot.categoria,
    ml_categoria_snapshot.vendas_brutas,
    ml_categoria_snapshot.tendencia_pct
   FROM ml_categoria_snapshot
UNION ALL
 SELECT ml_categoria_snapshot.data_ref,
    date_trunc('month'::text, ml_categoria_snapshot.data_ref::timestamp with time zone)::date AS mes,
    'total'::text AS categoria,
    sum(ml_categoria_snapshot.vendas_brutas) AS vendas_brutas,
    round(sum(ml_categoria_snapshot.vendas_brutas) / NULLIF(sum(ml_categoria_snapshot.vendas_brutas / (1::numeric + ml_categoria_snapshot.tendencia_pct / 100.0)), 0::numeric) - 1::numeric, 4) * 100::numeric AS tendencia_pct
   FROM ml_categoria_snapshot
  GROUP BY ml_categoria_snapshot.data_ref;","vw_ml_mercado_dia"
"create or replace view public.vw_ml_pads_campanha_dia as
 SELECT m.date,
    m.campaign_id,
    c.name AS campaign_name,
    c.status,
    c.strategy,
    c.acos_target,
    c.roas_target,
    m.advertiser_id,
    m.currency,
    m.prints,
    m.clicks,
    m.cost,
    m.direct_amount,
    m.indirect_amount,
    m.total_amount,
    m.organic_units_amount,
    m.units_quantity,
    m.direct_units_quantity,
    m.indirect_units_quantity,
    m.organic_units_quantity,
    m.advertising_items_quantity,
    m.organic_items_quantity,
    round(m.clicks::numeric / NULLIF(m.prints, 0)::numeric * 100::numeric, 2) AS ctr,
    round(m.cost / NULLIF(m.clicks, 0)::numeric, 2) AS cpc,
    round(m.cost / NULLIF(m.total_amount, 0::numeric) * 100::numeric, 2) AS acos,
    round(m.total_amount / NULLIF(m.cost, 0::numeric), 2) AS roas,
    round(m.units_quantity::numeric / NULLIF(m.clicks, 0)::numeric * 100::numeric, 2) AS cvr,
    m.sov,
    m.impression_share,
    m.top_impression_share,
    m.lost_impression_share_by_budget,
    m.lost_impression_share_by_ad_rank,
    m.acos_benchmark
   FROM ml_product_ads_campanha_metricas m
     JOIN ml_product_ads_campanha c ON c.campaign_id = m.campaign_id;","vw_ml_pads_campanha_dia"
"create or replace view public.vw_ml_pads_campanha_lista as
 SELECT campaign_id,
    name,
    status,
    strategy,
    acos_target,
    roas_target,
    budget,
    channel,
    advertiser_id
   FROM ml_product_ads_campanha;","vw_ml_pads_campanha_lista"
"create or replace view public.vw_ml_pads_item_dia as
 SELECT m.date,
    m.item_id,
    i.title,
    i.price,
    i.status,
    i.domain_id,
    i.logistic_type,
    i.buy_box_winner,
    i.catalog_listing,
    i.permalink,
    i.thumbnail,
    m.campaign_id,
    c.name AS campaign_name,
    m.advertiser_id,
    m.currency,
    m.prints,
    m.clicks,
    m.cost,
    m.direct_amount,
    m.indirect_amount,
    m.total_amount,
    m.organic_units_amount,
    m.units_quantity,
    m.direct_units_quantity,
    m.indirect_units_quantity,
    m.organic_units_quantity,
    m.advertising_items_quantity,
    m.organic_items_quantity,
    round(m.clicks::numeric / NULLIF(m.prints, 0)::numeric * 100::numeric, 2) AS ctr,
    round(m.cost / NULLIF(m.clicks, 0)::numeric, 2) AS cpc,
    round(m.cost / NULLIF(m.total_amount, 0::numeric) * 100::numeric, 2) AS acos,
    round(m.total_amount / NULLIF(m.cost, 0::numeric), 2) AS roas,
    round(m.units_quantity::numeric / NULLIF(m.clicks, 0)::numeric * 100::numeric, 2) AS cvr,
    m.sov,
    m.impression_share,
    m.top_impression_share,
    m.lost_impression_share_by_budget,
    m.lost_impression_share_by_ad_rank,
    m.acos_benchmark
   FROM ml_product_ads_item_metricas m
     JOIN ml_product_ads_item i ON i.item_id = m.item_id
     LEFT JOIN ml_product_ads_campanha c ON c.campaign_id = m.campaign_id;","vw_ml_pads_item_dia"
"create or replace view public.vw_ml_pads_kpi_dia as
 WITH c AS (
         SELECT ml_product_ads_campanha_metricas.date,
            ml_product_ads_campanha_metricas.advertiser_id,
            sum(ml_product_ads_campanha_metricas.prints) AS prints,
            sum(ml_product_ads_campanha_metricas.clicks) AS clicks,
            sum(ml_product_ads_campanha_metricas.cost) AS cost,
            sum(ml_product_ads_campanha_metricas.direct_amount) AS direct_amount,
            sum(ml_product_ads_campanha_metricas.indirect_amount) AS indirect_amount,
            sum(ml_product_ads_campanha_metricas.total_amount) AS total_amount,
            sum(ml_product_ads_campanha_metricas.units_quantity) AS units_quantity
           FROM ml_product_ads_campanha_metricas
          GROUP BY ml_product_ads_campanha_metricas.date, ml_product_ads_campanha_metricas.advertiser_id
        ), i AS (
         SELECT ml_product_ads_item_metricas.date,
            ml_product_ads_item_metricas.advertiser_id,
            sum(ml_product_ads_item_metricas.prints) AS prints,
            sum(ml_product_ads_item_metricas.clicks) AS clicks,
            sum(ml_product_ads_item_metricas.cost) AS cost,
            sum(ml_product_ads_item_metricas.direct_amount) AS direct_amount,
            sum(ml_product_ads_item_metricas.indirect_amount) AS indirect_amount,
            sum(ml_product_ads_item_metricas.total_amount) AS total_amount,
            sum(ml_product_ads_item_metricas.units_quantity) AS units_quantity
           FROM ml_product_ads_item_metricas
          GROUP BY ml_product_ads_item_metricas.date, ml_product_ads_item_metricas.advertiser_id
        ), b AS (
         SELECT COALESCE(c.date, i.date) AS date,
            COALESCE(c.advertiser_id, i.advertiser_id) AS advertiser_id,
            GREATEST(COALESCE(c.prints, 0::numeric), COALESCE(i.prints, 0::numeric)) AS prints,
            GREATEST(COALESCE(c.clicks, 0::bigint), COALESCE(i.clicks, 0::bigint)) AS clicks,
            GREATEST(COALESCE(c.cost, 0::numeric), COALESCE(i.cost, 0::numeric)) AS cost,
            GREATEST(COALESCE(c.direct_amount, 0::numeric), COALESCE(i.direct_amount, 0::numeric)) AS direct_amount,
            GREATEST(COALESCE(c.indirect_amount, 0::numeric), COALESCE(i.indirect_amount, 0::numeric)) AS indirect_amount,
            GREATEST(COALESCE(c.total_amount, 0::numeric), COALESCE(i.total_amount, 0::numeric)) AS total_amount,
            GREATEST(COALESCE(c.units_quantity, 0::bigint), COALESCE(i.units_quantity, 0::bigint)) AS units_quantity
           FROM c
             FULL JOIN i ON i.date = c.date AND i.advertiser_id = c.advertiser_id
        )
 SELECT date,
    advertiser_id,
    prints,
    clicks,
    cost,
    direct_amount,
    indirect_amount,
    total_amount,
    units_quantity,
    round(clicks::numeric / NULLIF(prints, 0::numeric) * 100::numeric, 2) AS ctr,
    round(cost / NULLIF(clicks, 0)::numeric, 2) AS cpc,
    round(cost / NULLIF(total_amount, 0::numeric) * 100::numeric, 2) AS acos,
    round(total_amount / NULLIF(cost, 0::numeric), 2) AS roas
   FROM b;","vw_ml_pads_kpi_dia"
"create or replace view public.vw_ml_ranking_atual as
 WITH ult AS (
         SELECT max(ml_concorrente_snapshot.data_ref) AS d
           FROM ml_concorrente_snapshot
        ), mkt AS (
         SELECT vw_ml_mercado_dia.vendas_brutas
           FROM vw_ml_mercado_dia,
            ult ult_1
          WHERE vw_ml_mercado_dia.data_ref = ult_1.d AND vw_ml_mercado_dia.categoria = 'total'::text
        )
 SELECT c.data_ref,
    c.mes,
    c.alias,
    c.nome,
    c.tipo,
    c.acompanhado,
    c.categoria,
    c.receita_acum,
    c.unidades_acum,
    c.visitas_acum,
    c.receita_periodo,
    c.unidades_periodo,
    c.dias_cobertos,
    c.primeira_do_mes,
    c.periodo_agregado,
    c.receita_dia_media,
    c.base_anterior_acum,
    c.crescimento,
    c.base_estimada,
    c.base_fonte,
    c.eh_piso,
    c.posicao,
    c.mes_fechado,
    rank() OVER (ORDER BY c.receita_acum DESC) AS posicao_consolidada,
    round(c.receita_acum / NULLIF(( SELECT mkt.vendas_brutas
           FROM mkt), 0::numeric) * 100::numeric, 3) AS share_pct
   FROM vw_ml_concorrente_dia c,
    ult
  WHERE c.data_ref = ult.d AND c.categoria = 'total'::text;","vw_ml_ranking_atual"
"create or replace view public.vw_ml_reposicao_full as
 SELECT seller_sku,
    title,
    em_full,
    alerta,
    full_disponivel,
    full_em_transferencia,
    media_diaria,
    cobertura_dias,
    cobertura_transito,
    enviar_30d,
    vendas_7d,
    vendas_21d,
    atualizado_em
   FROM dim_ml_produto
  WHERE enviar_30d > 0
  ORDER BY cobertura_dias NULLS FIRST, vendas_21d DESC;","vw_ml_reposicao_full"
"create or replace view public.vw_ml_tacos_dia as
 WITH k AS (
         SELECT tab_ml_kpi_dia.data,
            tab_ml_kpi_dia.faturamento,
            COALESCE(tab_ml_kpi_dia.invest_pads, 0::numeric) AS invest_pads,
            COALESCE(tab_ml_kpi_dia.invest_display, 0::numeric) AS invest_display,
            COALESCE(tab_ml_kpi_dia.invest_brand, 0::numeric) AS invest_brand
           FROM tab_ml_kpi_dia
        ), af AS (
         SELECT vw_ml_afiliado_dia.data,
            vw_ml_afiliado_dia.gmv_afiliado,
            vw_ml_afiliado_dia.custo_afiliado,
            vw_ml_afiliado_dia.pct_gmv_afiliado,
            vw_ml_afiliado_dia.completo
           FROM vw_ml_afiliado_dia
        )
 SELECT k.data,
    COALESCE(af.completo, false) AS afiliado_completo,
    round(k.faturamento, 2) AS receita,
    k.invest_pads,
    k.invest_display,
    k.invest_brand,
    round(k.invest_pads + k.invest_display + k.invest_brand, 2) AS invest_ads,
    round(COALESCE(af.custo_afiliado, 0::numeric), 2) AS custo_afiliado,
    round(k.invest_pads + k.invest_display + k.invest_brand + COALESCE(af.custo_afiliado, 0::numeric), 2) AS custo_midia_total,
    round(100.0 * (k.invest_pads + k.invest_display + k.invest_brand) / NULLIF(k.faturamento, 0::numeric), 2) AS tacos_ads_pct,
    round(100.0 * (k.invest_pads + k.invest_display + k.invest_brand + COALESCE(af.custo_afiliado, 0::numeric)) / NULLIF(k.faturamento, 0::numeric), 2) AS tacos_real_pct,
    round(100.0 * COALESCE(af.custo_afiliado, 0::numeric) / NULLIF(k.faturamento, 0::numeric), 2) AS tacos_afiliado_pp,
    round(100.0 * COALESCE(af.custo_afiliado, 0::numeric) / NULLIF(k.invest_pads + k.invest_display + k.invest_brand, 0::numeric), 2) AS afiliado_sobre_ads_pct,
    round(af.gmv_afiliado, 2) AS gmv_afiliado,
    af.pct_gmv_afiliado
   FROM k
     LEFT JOIN af ON af.data = k.data;","vw_ml_tacos_dia"
"create or replace view public.vw_ml_tendencia_semana as
 WITH wk AS (
         SELECT date_trunc('week'::text, (now() AT TIME ZONE 'America/Sao_Paulo'::text))::date AS cur_week
        ), vend AS (
         SELECT date_trunc('week'::text, fact_venda_dia.data::timestamp with time zone)::date AS semana,
            sum(fact_venda_dia.venda_bruta) AS fat,
            sum(fact_venda_dia.pedidos) AS pedidos,
            sum(fact_venda_dia.unidades) AS unid
           FROM fact_venda_dia
          WHERE fact_venda_dia.data >= ((( SELECT wk.cur_week
                   FROM wk)) - '56 days'::interval)
          GROUP BY (date_trunc('week'::text, fact_venda_dia.data::timestamp with time zone)::date)
        ), disp AS (
         SELECT date_trunc('week'::text, vw_ml_display_campanha_dia.data::timestamp with time zone)::date AS semana,
            sum(vw_ml_display_campanha_dia.investimento) AS c,
            sum(vw_ml_display_campanha_dia.receita) AS r
           FROM vw_ml_display_campanha_dia
          WHERE vw_ml_display_campanha_dia.data >= ((( SELECT wk.cur_week
                   FROM wk)) - '56 days'::interval)
          GROUP BY (date_trunc('week'::text, vw_ml_display_campanha_dia.data::timestamp with time zone)::date)
        ), brand AS (
         SELECT date_trunc('week'::text, vw_brand_ads_kpi_dia.date::timestamp with time zone)::date AS semana,
            sum(vw_brand_ads_kpi_dia.cost) AS c,
            sum(vw_brand_ads_kpi_dia.receita) AS r
           FROM vw_brand_ads_kpi_dia
          WHERE vw_brand_ads_kpi_dia.date >= ((( SELECT wk.cur_week
                   FROM wk)) - '56 days'::interval)
          GROUP BY (date_trunc('week'::text, vw_brand_ads_kpi_dia.date::timestamp with time zone)::date)
        ), prod AS (
         SELECT date_trunc('week'::text, vw_ml_pads_kpi_dia.date::timestamp with time zone)::date AS semana,
            sum(vw_ml_pads_kpi_dia.cost) AS c,
            sum(vw_ml_pads_kpi_dia.total_amount) AS r
           FROM vw_ml_pads_kpi_dia
          WHERE vw_ml_pads_kpi_dia.date >= ((( SELECT wk.cur_week
                   FROM wk)) - '56 days'::interval)
          GROUP BY (date_trunc('week'::text, vw_ml_pads_kpi_dia.date::timestamp with time zone)::date)
        )
 SELECT to_char(v.semana::timestamp with time zone, 'DD/MM'::text) AS semana,
    v.semana AS semana_ini,
    v.semana = (( SELECT wk.cur_week
           FROM wk)) AS parcial,
    v.semana >= ((( SELECT wk.cur_week
           FROM wk)) - '14 days'::interval) AS ads_maturando,
    round(v.fat) AS faturamento,
    v.unid AS unidades,
    v.pedidos,
    round(COALESCE(disp.c, 0::numeric) + COALESCE(brand.c, 0::numeric) + COALESCE(prod.c, 0::numeric)) AS invest_ads,
    round(v.fat / NULLIF(COALESCE(disp.c, 0::numeric) + COALESCE(brand.c, 0::numeric) + COALESCE(prod.c, 0::numeric), 0::numeric), 2) AS roas_total,
    round(100.0 * (COALESCE(disp.c, 0::numeric) + COALESCE(brand.c, 0::numeric) + COALESCE(prod.c, 0::numeric)) / NULLIF(v.fat, 0::numeric), 1) AS tacos_pct,
    round(COALESCE(prod.c, 0::numeric)) AS invest_product,
    round(prod.r / NULLIF(prod.c, 0::numeric), 2) AS roas_product,
    round(COALESCE(disp.c, 0::numeric)) AS invest_display,
    round(disp.r / NULLIF(disp.c, 0::numeric), 2) AS roas_display,
    round(COALESCE(brand.c, 0::numeric)) AS invest_brand,
    round(brand.r / NULLIF(brand.c, 0::numeric), 2) AS roas_brand
   FROM vend v
     LEFT JOIN disp ON disp.semana = v.semana
     LEFT JOIN brand ON brand.semana = v.semana
     LEFT JOIN prod ON prod.semana = v.semana
  WHERE v.fat > 500000::numeric OR v.semana = (( SELECT wk.cur_week
           FROM wk))
  ORDER BY v.semana;","vw_ml_tendencia_semana"
"create or replace view public.vw_ml_venda_intraday as
 SELECT (date_created AT TIME ZONE 'America/Sao_Paulo'::text)::date AS data,
    date_trunc('hour'::text, (date_created AT TIME ZONE 'America/Sao_Paulo'::text)) + floor(EXTRACT(minute FROM (date_created AT TIME ZONE 'America/Sao_Paulo'::text)) / 30::numeric)::double precision * '00:30:00'::interval AS faixa,
    count(*) AS pedidos,
    round(sum(total_amount), 2) AS venda_total,
    round(sum(paid_amount), 2) AS venda_total_paga
   FROM ml_pedido_rt r
  WHERE status = 'paid'::text
  GROUP BY ((date_created AT TIME ZONE 'America/Sao_Paulo'::text)::date), (date_trunc('hour'::text, (date_created AT TIME ZONE 'America/Sao_Paulo'::text)) + floor(EXTRACT(minute FROM (date_created AT TIME ZONE 'America/Sao_Paulo'::text)) / 30::numeric)::double precision * '00:30:00'::interval);","vw_ml_venda_intraday"
"create or replace view public.vw_pads_campanhas as
 SELECT ""left""(campaign_name, 26) AS campanha,
    round(sum(cost)) AS invest,
    round(sum(total_amount) / NULLIF(sum(cost), 0::numeric), 2) AS roas,
    round(avg(roas_target), 1) AS meta_campanha,
    round(sum(lost_impression_share_by_ad_rank * prints::numeric) / NULLIF(sum(prints), 0::numeric) * 100::numeric) AS perde_ad_rank_pct,
    sum(units_quantity) AS unidades,
        CASE
            WHEN (sum(total_amount) / NULLIF(sum(cost), 0::numeric)) < 7::numeric THEN 'Abaixo de 7: ganhar ad rank (buy box/preco/lance seletivo), nao aumentar verba'::text
            ELSE 'Ok, manter volume'::text
        END AS sugestao
   FROM vw_ml_pads_campanha_dia
  WHERE date >= ((now() AT TIME ZONE 'America/Sao_Paulo'::text)::date - 29)
  GROUP BY campaign_name
  ORDER BY (round(sum(cost))) DESC;","vw_pads_campanhas"
"create or replace view public.vw_pads_itens as
 SELECT ""left""(title, 38) AS produto,
    round(sum(cost)) AS invest,
    round(sum(total_amount) / NULLIF(sum(cost), 0::numeric), 2) AS roas,
    round(100.0 * sum(direct_units_quantity)::numeric / NULLIF(sum(clicks), 0)::numeric, 1) AS cvr,
    bool_or(buy_box_winner) AS buy_box,
    max(logistic_type) AS logistica,
    round(100.0 * sum(indirect_amount) / NULLIF(sum(total_amount), 0::numeric)) AS pct_indireto,
        CASE
            WHEN (sum(total_amount) / NULLIF(sum(cost), 0::numeric)) >= 7.5 THEN ('SUBIR LANCE: ROAS '::text || round(sum(total_amount) / NULLIF(sum(cost), 0::numeric), 2)) || ' tem margem, ganhar volume no leilao'::text
            WHEN bool_or(buy_box_winner) IS FALSE AND max(logistic_type) = 'cross_docking'::text THEN ('Consertar buy box / migrar pro Full (ROAS '::text || round(sum(total_amount) / NULLIF(sum(cost), 0::numeric), 2)) || ')'::text
            WHEN (100.0 * sum(indirect_amount) / NULLIF(sum(total_amount), 0::numeric)) >= 40::numeric THEN ('Halo alto ('::text || round(100.0 * sum(indirect_amount) / NULLIF(sum(total_amount), 0::numeric))) || '% indireto): reduzir com CAUTELA, nao pausar'::text
            WHEN (sum(total_amount) / NULLIF(sum(cost), 0::numeric)) < 6::numeric THEN 'Abaixo de 7: melhorar preco/listagem/keywords internas (nao verba)'::text
            ELSE 'Manter'::text
        END AS sugestao
   FROM vw_ml_pads_item_dia
  WHERE date >= ((now() AT TIME ZONE 'America/Sao_Paulo'::text)::date - 29)
  GROUP BY title
 HAVING sum(cost) > 100::numeric
  ORDER BY (round(sum(cost))) DESC;","vw_pads_itens"
"create or replace view public.vw_pads_itens_top as
 SELECT produto,
    invest,
    roas,
    cvr,
    buy_box,
    logistica,
    pct_indireto,
    sugestao
   FROM vw_pads_itens
  ORDER BY invest DESC
 LIMIT 30;","vw_pads_itens_top"
"create or replace view public.vw_pads_resumo as
 WITH p AS (
         SELECT sum(vw_ml_pads_campanha_dia.cost) AS inv,
            sum(vw_ml_pads_campanha_dia.total_amount) AS rec,
            sum(vw_ml_pads_campanha_dia.units_quantity) AS un,
            sum(vw_ml_pads_campanha_dia.indirect_amount) AS ind,
            sum(vw_ml_pads_campanha_dia.lost_impression_share_by_ad_rank * vw_ml_pads_campanha_dia.prints::numeric) / NULLIF(sum(vw_ml_pads_campanha_dia.prints), 0::numeric) AS lr,
            sum(vw_ml_pads_campanha_dia.lost_impression_share_by_budget * vw_ml_pads_campanha_dia.prints::numeric) / NULLIF(sum(vw_ml_pads_campanha_dia.prints), 0::numeric) AS lb
           FROM vw_ml_pads_campanha_dia
          WHERE vw_ml_pads_campanha_dia.date >= ((now() AT TIME ZONE 'America/Sao_Paulo'::text)::date - 29)
        )
 SELECT metrica,
    valor,
    sugestao
   FROM ( SELECT 1 AS ord,
            'Investimento'::text AS metrica,
            'R$ '::text || replace(to_char(round(p.inv), 'FM999,999,999'::text), ','::text, '.'::text) AS valor,
            'Maior formato do ML'::text AS sugestao
           FROM p
        UNION ALL
         SELECT 2,
            'ROAS'::text AS text,
            replace(to_char(round(p.rec / NULLIF(p.inv, 0::numeric), 2), 'FM990.00'::text), '.'::text, ','::text) AS replace,
            'Meta 7 SEM perder volume'::text AS text
           FROM p
        UNION ALL
         SELECT 3,
            'Unidades'::text AS text,
            replace(to_char(p.un, 'FM999,999,999'::text), ','::text, '.'::text) AS replace,
            'Volume - nao sacrificar pra inflar ROAS'::text AS text
           FROM p
        UNION ALL
         SELECT 4,
            '% indireto (halo)'::text AS text,
            replace(to_char(round(100::numeric * p.ind / NULLIF(p.rec, 0::numeric), 1), 'FM990.0'::text), '.'::text, ','::text) || '%'::text,
            'Vendas que o ad puxa de outros produtos'::text AS text
           FROM p
        UNION ALL
         SELECT 5,
            'Perde impressao por ORCAMENTO'::text AS text,
            to_char(round(100::numeric * p.lb), 'FM990'::text) || '%'::text,
            'Se ~0: verba NAO e o gargalo'::text AS text
           FROM p
        UNION ALL
         SELECT 6,
            'Perde impressao por AD RANK'::text AS text,
            to_char(round(100::numeric * p.lr), 'FM990'::text) || '%'::text,
            'Gargalo real: ganhar via buy box/preco/lance'::text AS text
           FROM p) t
  ORDER BY ord;","vw_pads_resumo"
"create or replace view public.vw_painel_execucao as
 SELECT id,
    canal,
    pergunta,
    periodo_de,
    periodo_ate,
    status,
    criado_em,
    concluido_em,
    custo_usd,
    erro
   FROM painel_execucao e;","vw_painel_execucao"
"create or replace view public.vw_painel_resposta as
 SELECT r.id,
    r.execucao_id,
    r.cargo,
    COALESCE(p.ordem, 50) AS ordem,
    r.effort,
    r.texto,
    r.ms,
    r.criado_em
   FROM painel_resposta r
     LEFT JOIN painel_persona p ON p.cargo = r.cargo;","vw_painel_resposta"
"create or replace view public.vw_painel_veredito as
 SELECT id,
    execucao_id,
    cargo_origem,
    afirmacao,
    bateu,
    comentario
   FROM painel_veredito v;","vw_painel_veredito"
"create or replace view public.vw_pedido_item_unificado as
 SELECT DISTINCT ON (pedido_id, item_id) pedido_id,
    data_venda,
    item_id,
    seller_sku,
    title,
    quantity,
    unit_price,
    sale_fee
   FROM ( SELECT ml_pedido_item.pedido_id,
            ml_pedido_item.data_venda,
            ml_pedido_item.item_id,
            ml_pedido_item.seller_sku,
            ml_pedido_item.title,
            ml_pedido_item.quantity,
            ml_pedido_item.unit_price,
            ml_pedido_item.sale_fee,
            1 AS prioridade
           FROM ml_pedido_item
        UNION ALL
         SELECT ml_pedido_item_rt.pedido_id,
            ml_pedido_item_rt.data_venda,
            ml_pedido_item_rt.item_id,
            ml_pedido_item_rt.seller_sku,
            ml_pedido_item_rt.title,
            ml_pedido_item_rt.quantity,
            ml_pedido_item_rt.unit_price,
            ml_pedido_item_rt.sale_fee,
            2
           FROM ml_pedido_item_rt) u
  ORDER BY pedido_id, item_id, prioridade;","vw_pedido_item_unificado"
"create or replace view public.vw_pedido_unificado as
 WITH corte AS (
         SELECT COALESCE(min(ml_pedido_rt.data_venda), CURRENT_DATE) AS c
           FROM ml_pedido_rt
        )
 SELECT ml_pedido_rt.pedido_id,
    ml_pedido_rt.data_venda,
    ml_pedido_rt.status,
    ml_pedido_rt.total_amount,
    ml_pedido_rt.paid_amount,
    ml_pedido_rt.frete_diferenca,
    ml_pedido_rt.total_sale_fee,
    'rt'::text AS origem
   FROM ml_pedido_rt
UNION ALL
 SELECT h.pedido_id,
    h.data_venda,
    h.status,
    h.total_amount,
    h.paid_amount,
    h.frete_diferenca,
    h.total_sale_fee,
    'historico'::text AS origem
   FROM ml_pedido h,
    corte
  WHERE h.data_venda < corte.c;","vw_pedido_unificado"
"create or replace view public.vw_pl_canal_dia as
 WITH ml_fee AS (
         SELECT ml_pedido_item.pedido_id,
            sum(ml_pedido_item.sale_fee * ml_pedido_item.quantity::numeric) AS fee
           FROM ml_pedido_item
          GROUP BY ml_pedido_item.pedido_id
        ), ml_base AS (
         SELECT p_1.data_venda AS data,
            sum(p_1.total_amount) AS receita,
            sum(COALESCE(f.fee, 0::numeric)) AS taxa_real,
            sum(p_1.total_amount) FILTER (WHERE COALESCE(f.fee, 0::numeric) > 0::numeric) AS receita_com_taxa
           FROM ml_pedido p_1
             LEFT JOIN ml_fee f USING (pedido_id)
          WHERE p_1.status <> 'cancelled'::text
          GROUP BY p_1.data_venda
        ), ml_afil AS (
         SELECT ml_afiliado_venda.data_venda AS data,
            sum(ml_afiliado_venda.comissao_pedido) AS afiliado
           FROM ml_afiliado_venda
          GROUP BY ml_afiliado_venda.data_venda
        ), ml AS (
         SELECT b.data,
            'Mercado Livre'::text AS canal,
            b.receita,
            b.taxa_real + (b.receita - COALESCE(b.receita_com_taxa, 0::numeric)) * COALESCE(( SELECT dim_param_canal.taxa_mkt_estimada_pct
                   FROM dim_param_canal
                  WHERE dim_param_canal.canal = 'Mercado Livre'::text), 0::numeric) / 100::numeric AS det_taxa,
            COALESCE(a.afiliado, 0::numeric) AS det_afiliado,
            0::numeric AS det_frete,
            'parcial'::text AS qualidade,
            round(100.0 * COALESCE(b.receita_com_taxa, 0::numeric) / NULLIF(b.receita, 0::numeric), 1) AS cobertura_pct,
            b.receita * COALESCE(( SELECT dim_param_canal.taxa_mkt_estimada_pct
                   FROM dim_param_canal
                  WHERE dim_param_canal.canal = 'Mercado Livre'::text), 0::numeric) / 100::numeric + COALESCE(a.afiliado, 0::numeric) AS custo_canal_ref
           FROM ml_base b
             LEFT JOIN ml_afil a USING (data)
        ), sp_base AS (
         SELECT p_1.create_dia AS data,
            sum(p_1.total_amount) AS receita,
            sum(p_1.total_amount) FILTER (WHERE f.escrow_amount > 0::numeric) AS receita_liquidada,
            sum(f.escrow_amount) FILTER (WHERE f.escrow_amount > 0::numeric) AS liquidado,
            sum(COALESCE(f.commission_fee, 0::numeric) + COALESCE(f.service_fee, 0::numeric) + COALESCE(f.seller_transaction_fee, 0::numeric)) AS det_taxa,
            sum(COALESCE(f.comissao_afiliado, 0::numeric)) AS det_afiliado,
            sum(- COALESCE(f.final_shipping_fee, 0::numeric)) AS det_frete
           FROM shopee_pedido p_1
             LEFT JOIN fact_shopee_financeiro f USING (order_sn)
          WHERE p_1.order_status <> 'CANCELLED'::text
          GROUP BY p_1.create_dia
        ), sp AS (
         SELECT sp_base.data,
            'Shopee'::text AS canal,
            sp_base.receita,
            sp_base.det_taxa,
            sp_base.det_afiliado,
            sp_base.det_frete,
            'liquidacao'::text AS qualidade,
            round(100.0 * COALESCE(sp_base.receita_liquidada, 0::numeric) / NULLIF(sp_base.receita, 0::numeric), 1) AS cobertura_pct,
            sp_base.receita * ((COALESCE(sp_base.receita_liquidada, 0::numeric) - COALESCE(sp_base.liquidado, 0::numeric)) / NULLIF(sp_base.receita_liquidada, 0::numeric)) AS custo_liquidacao
           FROM sp_base
        ), tk_base AS (
         SELECT p_1.create_dia AS data,
            sum(p_1.total_amount) AS receita,
            sum(p_1.total_amount) FILTER (WHERE f.settlement IS NOT NULL) AS receita_liquidada,
            sum(f.settlement) AS liquidado,
            sum(- COALESCE(f.taxas_total, 0::numeric)) AS det_taxa,
            sum(- (COALESCE(f.comissao_afiliado, 0::numeric) + COALESCE(f.comissao_afiliado_ads, 0::numeric) + COALESCE(f.comissao_parceiro, 0::numeric))) AS det_afiliado,
            sum(- COALESCE(f.frete_custo, 0::numeric)) AS det_frete
           FROM tiktok_pedido p_1
             LEFT JOIN fact_tiktok_financeiro f ON f.order_id = p_1.order_id
          WHERE p_1.status <> 'CANCELLED'::text
          GROUP BY p_1.create_dia
        ), tk AS (
         SELECT tk_base.data,
            'TikTok'::text AS canal,
            tk_base.receita,
            tk_base.det_taxa,
            tk_base.det_afiliado,
            tk_base.det_frete,
            'liquidacao'::text AS qualidade,
            round(100.0 * COALESCE(tk_base.receita_liquidada, 0::numeric) / NULLIF(tk_base.receita, 0::numeric), 1) AS cobertura_pct,
            tk_base.receita * ((COALESCE(tk_base.receita_liquidada, 0::numeric) - COALESCE(tk_base.liquidado, 0::numeric)) / NULLIF(tk_base.receita_liquidada, 0::numeric)) AS custo_liquidacao
           FROM tk_base
        ), amz_asin AS (
         SELECT fact_amazon_venda_asin_dia.data,
            sum(fact_amazon_venda_asin_dia.vendas) AS vendas
           FROM fact_amazon_venda_asin_dia
          GROUP BY fact_amazon_venda_asin_dia.data
        ), amz_traf AS (
         SELECT fact_amazon_venda_trafego_dia.data,
            sum(fact_amazon_venda_trafego_dia.vendas) AS vendas
           FROM fact_amazon_venda_trafego_dia
          GROUP BY fact_amazon_venda_trafego_dia.data
        ), am AS (
         SELECT COALESCE(a.data, t.data) AS data,
            'Amazon'::text AS canal,
            COALESCE(a.vendas, t.vendas * (( SELECT dim_param_canal.receita_gross_up
                   FROM dim_param_canal
                  WHERE dim_param_canal.canal = 'Amazon'::text))) AS receita,
            0::numeric AS det_taxa,
            0::numeric AS det_afiliado,
            0::numeric AS det_frete,
            'ausente'::text AS qualidade,
            0::numeric AS cobertura_pct
           FROM amz_asin a
             FULL JOIN amz_traf t USING (data)
        ), sh_ped AS (
         SELECT DISTINCT ON (stg_shopify_orders_item.order_id) stg_shopify_orders_item.order_id,
            stg_shopify_orders_item.date,
            stg_shopify_orders_item.order_total_price
           FROM stg_shopify_orders_item
          WHERE stg_shopify_orders_item.order_cancelled_at IS NULL AND COALESCE(stg_shopify_orders_item.order_test, false) = false
        ), sh AS (
         SELECT sh_ped.date AS data,
            'Site'::text AS canal,
            sum(sh_ped.order_total_price) AS receita,
            0::numeric AS det_taxa,
            0::numeric AS det_afiliado,
            0::numeric AS det_frete,
            'ausente'::text AS qualidade,
            0::numeric AS cobertura_pct
           FROM sh_ped
          GROUP BY sh_ped.date
        ), canais AS (
         SELECT ml.data,
            ml.canal,
            ml.receita,
            ml.det_taxa,
            ml.det_afiliado,
            ml.det_frete,
            ml.qualidade,
            ml.cobertura_pct,
            ml.det_taxa + ml.det_afiliado + ml.det_frete AS custo_canal,
            ml.custo_canal_ref
           FROM ml
        UNION ALL
         SELECT sp.data,
            sp.canal,
            sp.receita,
            sp.det_taxa,
            sp.det_afiliado,
            sp.det_frete,
            sp.qualidade,
            sp.cobertura_pct,
            sp.custo_liquidacao,
            NULL::numeric AS ""numeric""
           FROM sp
        UNION ALL
         SELECT tk.data,
            tk.canal,
            tk.receita,
            tk.det_taxa,
            tk.det_afiliado,
            tk.det_frete,
            tk.qualidade,
            tk.cobertura_pct,
            tk.custo_liquidacao,
            NULL::numeric AS ""numeric""
           FROM tk
        UNION ALL
         SELECT am.data,
            am.canal,
            am.receita,
            am.det_taxa,
            am.det_afiliado,
            am.det_frete,
            am.qualidade,
            am.cobertura_pct,
            am.receita * COALESCE(( SELECT dim_param_canal.taxa_mkt_estimada_pct
                   FROM dim_param_canal
                  WHERE dim_param_canal.canal = 'Amazon'::text), 0::numeric) / 100::numeric,
            NULL::numeric AS ""numeric""
           FROM am
        UNION ALL
         SELECT sh.data,
            sh.canal,
            sh.receita,
            sh.det_taxa,
            sh.det_afiliado,
            sh.det_frete,
            sh.qualidade,
            sh.cobertura_pct,
            sh.receita * COALESCE(( SELECT dim_param_canal.taxa_mkt_estimada_pct
                   FROM dim_param_canal
                  WHERE dim_param_canal.canal = 'Site'::text), 0::numeric) / 100::numeric,
            NULL::numeric AS ""numeric""
           FROM sh
        ), cmv AS (
         SELECT u.data,
            u.canal,
            sum(u.unidades * c_1.custo_unitario) AS cmv,
            sum(u.receita_item) FILTER (WHERE c_1.custo_unitario IS NOT NULL) AS receita_com_custo,
            sum(u.receita_item) AS receita_itens
           FROM vw_unidades_canal_dia u
             LEFT JOIN LATERAL ( SELECT d.custo_unitario
                   FROM dim_custo_sku d
                  WHERE d.sku = u.sku AND d.vigencia_inicio <= u.data
                  ORDER BY d.vigencia_inicio DESC
                 LIMIT 1) c_1 ON true
          GROUP BY u.data, u.canal
        )
 SELECT c.data,
    c.canal,
    round(c.receita, 2) AS receita_bruta,
    round(COALESCE(c.custo_canal, 0::numeric), 2) AS custo_canal,
    round(c.det_taxa, 2) AS det_taxa,
    round(c.det_afiliado, 2) AS det_afiliado,
    round(c.det_frete, 2) AS det_frete,
    round(COALESCE(r.invest_ads, 0::numeric), 2) AS ads,
    round(c.receita * p.imposto_pct / 100::numeric, 2) AS imposto,
    round(COALESCE(m.cmv, 0::numeric), 2) AS cmv,
    round(c.receita - COALESCE(c.custo_canal, 0::numeric) - COALESCE(r.invest_ads, 0::numeric) - c.receita * p.imposto_pct / 100::numeric - COALESCE(m.cmv, 0::numeric), 2) AS margem_contribuicao,
    round(100.0 * (c.receita - COALESCE(c.custo_canal, 0::numeric) - COALESCE(r.invest_ads, 0::numeric) - c.receita * p.imposto_pct / 100::numeric - COALESCE(m.cmv, 0::numeric)) / NULLIF(c.receita, 0::numeric), 1) AS margem_pct,
    c.qualidade AS qualidade_taxa,
    c.cobertura_pct,
    m.cmv IS NOT NULL AND m.cmv > 0::numeric AS cmv_carregado,
    round(100.0 * COALESCE(m.receita_com_custo, 0::numeric) / NULLIF(m.receita_itens, 0::numeric), 1) AS cmv_cobertura_pct,
    round(c.custo_canal_ref, 2) AS custo_canal_ref,
    p.imposto_pct
   FROM canais c
     JOIN dim_param_canal p ON p.canal = c.canal
     LEFT JOIN fact_receita_diaria r ON r.data = c.data AND r.canal_venda = c.canal
     LEFT JOIN cmv m ON m.data = c.data AND m.canal = c.canal
  WHERE c.receita IS NOT NULL;","vw_pl_canal_dia"
"create or replace view public.vw_pl_canal_mes as
 SELECT date_trunc('month'::text, data::timestamp with time zone)::date AS mes,
    canal,
    round(sum(receita_bruta), 2) AS receita_bruta,
    round(sum(custo_canal), 2) AS custo_canal,
    round(100.0 * sum(custo_canal) / NULLIF(sum(receita_bruta), 0::numeric), 1) AS custo_canal_pct,
    round(sum(det_taxa), 2) AS det_taxa,
    round(sum(det_afiliado), 2) AS det_afiliado,
    round(sum(det_frete), 2) AS det_frete,
    round(sum(ads), 2) AS ads,
    round(100.0 * sum(ads) / NULLIF(sum(receita_bruta), 0::numeric), 1) AS tacos_pct,
    round(sum(imposto), 2) AS imposto,
    round(sum(cmv), 2) AS cmv,
    round(sum(margem_contribuicao), 2) AS margem_contribuicao,
    round(100.0 * sum(margem_contribuicao) / NULLIF(sum(receita_bruta), 0::numeric), 1) AS margem_pct,
    round(sum(custo_canal_ref), 2) AS custo_canal_ref,
    round(sum(receita_bruta) - sum(custo_canal_ref) - sum(ads) - sum(imposto) - sum(cmv), 2) AS margem_cenario_ref,
    max(qualidade_taxa) AS qualidade_taxa,
    round(sum(cobertura_pct * receita_bruta) / NULLIF(sum(receita_bruta), 0::numeric), 1) AS cobertura_pct,
    bool_or(cmv_carregado) AS cmv_carregado
   FROM mv_pl_canal_dia
  GROUP BY (date_trunc('month'::text, data::timestamp with time zone)::date), canal;","vw_pl_canal_mes"
"create or replace view public.vw_rd_campanha_venda as
 WITH c AS (
         SELECT rd_email_campanha.campaign_id,
            rd_email_campanha.data,
            replace(btrim(lower(translate(COALESCE(rd_email_campanha.nome, ''::text), '├í├á├ó├ú├ñ├®├¿├¬├½├¡├¼├«├»├│├▓├┤├Á├Â├║├╣├╗├╝├º├ü├Ç├é├â├ä├ë├ê├è├ï├ì├î├Ä├Å├ô├Æ├ö├ò├û├Ü├Ö├ø├£├ç┬║┬¬'::text, 'aaaaaeeeeiiiiooooouuuucAAAAAEEEEIIIIOOOOOUUUUC'::text))), ' '::text, '_'::text) AS chave
           FROM rd_email_campanha
          WHERE rd_email_campanha.data IS NOT NULL
        )
 SELECT c.campaign_id,
    c.data,
    count(p.order_id)::integer AS pedidos,
    COALESCE(sum(p.receita), 0::numeric) AS receita
   FROM c
     LEFT JOIN vw_rd_pedido p ON p.utm_campaign = c.chave AND p.data >= c.data AND p.data <= (c.data + 7)
  GROUP BY c.campaign_id, c.data;","vw_rd_campanha_venda"
"create or replace view public.vw_rd_lead_dia as
 WITH l AS (
         SELECT (COALESCE(rd_lead.primeira_conversao_em, rd_lead.criado_em) AT TIME ZONE 'America/Sao_Paulo'::text)::date AS data,
                CASE
                    WHEN rd_lead.utm_source IS NULL OR btrim(rd_lead.utm_source) = ''::text THEN 'Sem origem'::text
                    WHEN lower(rd_lead.utm_source) ~ '(facebook|^fb|instagram|^ig$|meta)'::text THEN 'Meta'::text
                    WHEN lower(rd_lead.utm_source) ~ 'google'::text THEN 'Google'::text
                    WHEN lower(rd_lead.utm_source) ~ 'tiktok'::text THEN 'TikTok'::text
                    WHEN lower(COALESCE(rd_lead.utm_medium, ''::text)) ~ 'email'::text THEN 'E-mail'::text
                    ELSE initcap(lower(btrim(rd_lead.utm_source)))
                END AS origem,
            rd_lead.email_hash
           FROM rd_lead
        )
 SELECT data,
    origem,
    count(*)::integer AS leads,
    count(*) FILTER (WHERE (EXISTS ( SELECT 1
           FROM fact_pedido_cliente p
          WHERE p.email_hash = l.email_hash AND p.data >= l.data AND COALESCE(p.status, ''::text) !~* 'cancel'::text)))::integer AS leads_compraram,
    COALESCE(sum(( SELECT sum(p.valor) AS sum
           FROM fact_pedido_cliente p
          WHERE p.email_hash = l.email_hash AND p.data >= l.data AND COALESCE(p.status, ''::text) !~* 'cancel'::text)), 0::numeric) AS receita_leads
   FROM l
  GROUP BY data, origem;","vw_rd_lead_dia"
"create or replace view public.vw_rd_pedido as
 SELECT order_id,
    (min(order_created_at) AT TIME ZONE 'America/Sao_Paulo'::text)::date AS data,
    lower(btrim(max(order_customer_last_visit_utm_source))) AS utm_source,
    lower(btrim(max(order_customer_last_visit_utm_medium))) AS utm_medium,
    lower(btrim(max(order_customer_last_visit_utm_campaign))) AS utm_campaign,
    max(order_total_price) AS receita
   FROM stg_shopify_orders_item
  WHERE lower(btrim(order_customer_last_visit_utm_source)) ~~ 'rd%'::text AND order_cancelled_at IS NULL AND COALESCE(order_test, false) = false
  GROUP BY order_id;","vw_rd_pedido"
"create or replace view public.vw_rd_utm_venda_dia as
 WITH ch AS (
         SELECT DISTINCT replace(btrim(lower(translate(COALESCE(rd_email_campanha.nome, ''::text), '├í├á├ó├ú├ñ├®├¿├¬├½├¡├¼├«├»├│├▓├┤├Á├Â├║├╣├╗├╝├º├ü├Ç├é├â├ä├ë├ê├è├ï├ì├î├Ä├Å├ô├Æ├ö├ò├û├Ü├Ö├ø├£├ç┬║┬¬'::text, 'aaaaaeeeeiiiiooooouuuucAAAAAEEEEIIIIOOOOOUUUUC'::text))), ' '::text, '_'::text) AS chave
           FROM rd_email_campanha
        )
 SELECT p.data,
    COALESCE(NULLIF(p.utm_campaign, ''::text), '(sem campanha)'::text) AS utm_campaign,
    ch.chave IS NOT NULL AS ligada_campanha,
    count(*)::integer AS pedidos,
    sum(p.receita) AS receita
   FROM vw_rd_pedido p
     LEFT JOIN ch ON ch.chave = p.utm_campaign
  GROUP BY p.data, (COALESCE(NULLIF(p.utm_campaign, ''::text), '(sem campanha)'::text)), (ch.chave IS NOT NULL);","vw_rd_utm_venda_dia"
"create or replace view public.vw_receita_consolidada as
 SELECT data,
    canal_venda AS canal,
    receita_total AS faturamento,
    pedidos,
    round(100.0 * receita_total / NULLIF(sum(receita_total) OVER (PARTITION BY data), 0::numeric), 1) AS share_pct,
    invest_ads,
    receita_ads,
    COALESCE(invest_afiliados, 0::numeric) AS invest_afiliados,
    COALESCE(invest_ads, 0::numeric) + COALESCE(invest_afiliados, 0::numeric) AS invest_aquisicao,
    round(receita_ads / NULLIF(invest_ads, 0::numeric), 2) AS roas_ads,
    round(100.0 * invest_ads / NULLIF(receita_ads, 0::numeric), 1) AS acos_pct,
    round(receita_total / NULLIF(invest_ads, 0::numeric), 2) AS roas_total,
    round(100.0 * invest_ads / NULLIF(receita_total, 0::numeric), 1) AS tacos_pct,
    round(100.0 * COALESCE(invest_afiliados, 0::numeric) / NULLIF(receita_total, 0::numeric), 1) AS afiliado_pct,
    round(100.0 * (COALESCE(invest_ads, 0::numeric) + COALESCE(invest_afiliados, 0::numeric)) / NULLIF(receita_total, 0::numeric), 1) AS aquisicao_pct,
    canal_venda = ANY (ARRAY['Shopee'::text, 'TikTok'::text]) AS tem_afiliado,
    data <= (CURRENT_DATE - 8) OR (canal_venda <> ALL (ARRAY['Shopee'::text, 'TikTok'::text])) AS afiliado_maturado,
    carregado_em
   FROM fact_receita_diaria;","vw_receita_consolidada"
"create or replace view public.vw_receita_consolidada_dia as
 SELECT data,
    sum(receita_total) AS faturamento,
    sum(pedidos) AS pedidos,
    sum(invest_ads) AS invest_ads,
    sum(receita_ads) AS receita_ads,
    sum(COALESCE(invest_afiliados, 0::numeric)) AS invest_afiliados,
    sum(COALESCE(invest_ads, 0::numeric) + COALESCE(invest_afiliados, 0::numeric)) AS invest_aquisicao,
    round(sum(receita_total) / NULLIF(sum(invest_ads), 0::numeric), 2) AS roas_total,
    round(100.0 * sum(invest_ads) / NULLIF(sum(receita_total), 0::numeric), 1) AS tacos_pct,
    round(sum(receita_ads) / NULLIF(sum(invest_ads), 0::numeric), 2) AS roas_ads,
    round(100.0 * sum(invest_ads) / NULLIF(sum(receita_ads), 0::numeric), 1) AS acos_pct,
    round(100.0 * sum(COALESCE(invest_afiliados, 0::numeric)) / NULLIF(sum(receita_total), 0::numeric), 1) AS afiliado_pct,
    round(100.0 * sum(COALESCE(invest_ads, 0::numeric) + COALESCE(invest_afiliados, 0::numeric)) / NULLIF(sum(receita_total), 0::numeric), 1) AS aquisicao_pct,
    round(sum(receita_total) / NULLIF(sum(COALESCE(invest_ads, 0::numeric) + COALESCE(invest_afiliados, 0::numeric)), 0::numeric), 2) AS roas_aquisicao,
    data <= (CURRENT_DATE - 8) AS afiliado_maturado
   FROM fact_receita_diaria
  GROUP BY data;","vw_receita_consolidada_dia"
"create or replace view public.vw_reconciliacao_shopify_meta_dia as
 WITH pedidos_dia AS (
         SELECT vw_site_pedido_classe.data,
            count(*) AS pedidos_totais,
            sum(vw_site_pedido_classe.pago) AS receita_pedidos_totais
           FROM vw_site_pedido_classe
          GROUP BY vw_site_pedido_classe.data
        ), pedidos_meta_utm_dia AS (
         SELECT vw_site_venda_midia_pedido.data,
            count(*) AS pedidos_meta_utm,
            sum(vw_site_venda_midia_pedido.receita) AS receita_meta_utm
           FROM vw_site_venda_midia_pedido
          WHERE vw_site_venda_midia_pedido.fonte = 'Meta'::text
          GROUP BY vw_site_venda_midia_pedido.data
        ), enviados_dia AS (
         SELECT (eventos_conversao_enviados.enviado_em AT TIME ZONE 'America/Sao_Paulo'::text)::date AS data,
            count(*) FILTER (WHERE eventos_conversao_enviados.plataforma = 'meta'::text AND eventos_conversao_enviados.status_envio = 'sucesso'::text) AS enviados_meta,
            sum(eventos_conversao_enviados.valor) FILTER (WHERE eventos_conversao_enviados.plataforma = 'meta'::text AND eventos_conversao_enviados.status_envio = 'sucesso'::text) AS valor_enviado_meta
           FROM eventos_conversao_enviados
          GROUP BY ((eventos_conversao_enviados.enviado_em AT TIME ZONE 'America/Sao_Paulo'::text)::date)
        )
 SELECT COALESCE(m.data, p.data, pm.data, e.data) AS data,
    p.pedidos_totais,
    pm.pedidos_meta_utm,
    pm.receita_meta_utm,
    e.enviados_meta,
    e.valor_enviado_meta,
    m.gasto AS gasto_meta,
    m.compras AS compras_informadas_meta,
    m.receita AS receita_informada_meta,
    m.compras - e.enviados_meta::numeric AS diferenca_nao_reconciliada,
        CASE
            WHEN m.compras > 0::numeric THEN round(e.enviados_meta::numeric / m.compras, 3)
            ELSE NULL::numeric
        END AS taxa_reconciliacao,
    p.receita_pedidos_totais
   FROM vw_meta_kpi_dia m
     FULL JOIN pedidos_dia p ON p.data = m.data
     FULL JOIN pedidos_meta_utm_dia pm ON pm.data = m.data
     FULL JOIN enviados_dia e ON e.data = m.data
  ORDER BY (COALESCE(m.data, p.data, pm.data, e.data)) DESC;","vw_reconciliacao_shopify_meta_dia"
"create or replace view public.vw_saude_amazon as
 WITH o AS (
         SELECT fact_amazon_pedido.amazon_order_id AS oid,
            min(fact_amazon_pedido.purchase_date) AS compra,
            max(fact_amazon_pedido.order_status) AS status,
            bool_or(fact_amazon_pedido.fulfillment_channel = 'Merchant'::text) AS fbm,
            round(sum(fact_amazon_pedido.item_price)) AS valor
           FROM fact_amazon_pedido
          WHERE fact_amazon_pedido.purchase_date >= (CURRENT_DATE - 45)
          GROUP BY fact_amazon_pedido.amazon_order_id
        )
 SELECT 'Amazon'::text AS canal,
    oid AS pedido,
    compra::date AS data,
    CURRENT_DATE - compra::date AS dias_aberto,
    valor,
        CASE
            WHEN status ~~* 'Pending%'::text AND fbm AND (CURRENT_DATE - compra::date) >= 2 THEN 'Atrasado - nao enviado'::text
            WHEN status ~~* 'Pending%'::text THEN 'Pendente de envio'::text
            WHEN status = 'Cancelled'::text THEN 'Cancelado'::text
            WHEN status ~~* '%Return%'::text OR status ~~* '%Reject%'::text THEN 'Devolucao'::text
            ELSE NULL::text
        END AS problema,
        CASE
            WHEN status ~~* 'Pending%'::text AND fbm AND (CURRENT_DATE - compra::date) >= 2 THEN 'Alta'::text
            WHEN status = 'Cancelled'::text OR status ~~* '%Return%'::text OR status ~~* '%Reject%'::text THEN 'Media'::text
            ELSE 'Baixa'::text
        END AS severidade
   FROM o
  WHERE status ~~* 'Pending%'::text OR status = 'Cancelled'::text OR status ~~* '%Return%'::text OR status ~~* '%Reject%'::text;","vw_saude_amazon"
"create or replace view public.vw_saude_ml as
 WITH o AS (
         SELECT ml_pedido.pedido_id,
            ml_pedido.data_venda,
            ml_pedido.date_created,
            ml_pedido.status,
            ml_pedido.tags::text AS tg,
            round(ml_pedido.total_amount) AS valor
           FROM ml_pedido
          WHERE ml_pedido.data_venda >= (CURRENT_DATE - 45)
        )
 SELECT 'Mercado Livre'::text AS canal,
    pedido_id::text AS pedido,
    data_venda AS data,
    CURRENT_DATE - date_created::date AS dias_aberto,
    valor,
        CASE
            WHEN status = 'cancelled'::text THEN 'Cancelado'::text
            WHEN status = 'partially_refunded'::text THEN 'Reembolso parcial'::text
            WHEN tg ~~* '%not_paid%'::text THEN 'Nao pago'::text
            WHEN tg ~~* '%not_delivered%'::text AND status = 'paid'::text AND (CURRENT_DATE - date_created::date) >= 12 THEN 'Atrasado - nao entregue'::text
            ELSE NULL::text
        END AS problema,
        CASE
            WHEN tg ~~* '%not_delivered%'::text AND status = 'paid'::text AND (CURRENT_DATE - date_created::date) >= 12 THEN 'Alta'::text
            WHEN (status = ANY (ARRAY['cancelled'::text, 'partially_refunded'::text])) OR tg ~~* '%not_paid%'::text THEN 'Media'::text
            ELSE 'Baixa'::text
        END AS severidade
   FROM o
  WHERE (status = ANY (ARRAY['cancelled'::text, 'partially_refunded'::text])) OR tg ~~* '%not_paid%'::text OR tg ~~* '%not_delivered%'::text AND status = 'paid'::text AND (CURRENT_DATE - date_created::date) >= 12;","vw_saude_ml"
"create or replace view public.vw_saude_shopify as
 WITH o AS (
         SELECT stg_shopify_orders_item.order_id,
            max(stg_shopify_orders_item.order_name) AS nome,
            min(stg_shopify_orders_item.order_created_at) AS criado,
            max(stg_shopify_orders_item.order_fulfillment_status) AS fs,
            max(stg_shopify_orders_item.order_financial_status) AS fin,
            bool_or(stg_shopify_orders_item.order_cancelled_at IS NOT NULL) AS cancelado,
            round(max(stg_shopify_orders_item.order_total_price)) AS valor
           FROM stg_shopify_orders_item
          WHERE stg_shopify_orders_item.date >= (CURRENT_DATE - 45) AND NOT COALESCE(stg_shopify_orders_item.order_test, false)
          GROUP BY stg_shopify_orders_item.order_id
        )
 SELECT 'Site'::text AS canal,
    nome AS pedido,
    criado::date AS data,
    CURRENT_DATE - criado::date AS dias_aberto,
    valor,
        CASE
            WHEN cancelado THEN 'Cancelado'::text
            WHEN fin = ANY (ARRAY['REFUNDED'::text, 'PARTIALLY_REFUNDED'::text]) THEN 'Reembolsado'::text
            WHEN fin = ANY (ARRAY['EXPIRED'::text, 'PARTIALLY_PAID'::text]) THEN 'Nao pago'::text
            WHEN fs = 'UNFULFILLED'::text AND fin = 'PAID'::text AND (CURRENT_DATE - criado::date) >= 2 THEN 'Atrasado - nao enviado'::text
            WHEN fs = 'PARTIALLY_FULFILLED'::text AND (CURRENT_DATE - criado::date) >= 2 THEN 'Parcialmente enviado'::text
            ELSE NULL::text
        END AS problema,
        CASE
            WHEN fs = 'UNFULFILLED'::text AND fin = 'PAID'::text AND (CURRENT_DATE - criado::date) >= 2 THEN 'Alta'::text
            WHEN cancelado OR (fin = ANY (ARRAY['REFUNDED'::text, 'PARTIALLY_REFUNDED'::text, 'EXPIRED'::text, 'PARTIALLY_PAID'::text])) THEN 'Media'::text
            ELSE 'Baixa'::text
        END AS severidade
   FROM o
  WHERE cancelado OR (fin = ANY (ARRAY['REFUNDED'::text, 'PARTIALLY_REFUNDED'::text, 'EXPIRED'::text, 'PARTIALLY_PAID'::text])) OR fs = 'UNFULFILLED'::text AND fin = 'PAID'::text AND (CURRENT_DATE - criado::date) >= 2 OR fs = 'PARTIALLY_FULFILLED'::text AND (CURRENT_DATE - criado::date) >= 2;","vw_saude_shopify"
"create or replace view public.vw_shopee_ads_campanha_dia as
 SELECT f.data,
    f.campaign_id,
    COALESCE(d.ad_name, 'Campanha '::text || f.campaign_id) AS campanha,
    d.campaign_status,
    d.bidding_method,
    d.campaign_budget,
    d.roas_target,
    COALESCE(f.ad_type, d.ad_type) AS ad_type,
    COALESCE(f.campaign_placement, d.campaign_placement) AS placement,
    f.impression,
    f.clicks,
    f.ctr,
    f.cpc,
    f.expense,
    f.direct_order,
    f.direct_gmv,
    f.direct_roi,
    f.broad_order,
    f.broad_gmv,
    f.broad_roi,
        CASE
            WHEN f.expense > 0::numeric THEN round(100.0 * f.expense / NULLIF(f.direct_gmv, 0::numeric), 2)
            ELSE NULL::numeric
        END AS acos_direto
   FROM fact_shopee_ads_campanha_dia f
     LEFT JOIN dim_shopee_ads_campanha d USING (campaign_id);","vw_shopee_ads_campanha_dia"
"create or replace view public.vw_shopee_ads_cobertura_dia as
 SELECT t.data,
    round(t.expense, 2) AS investimento_total,
    round(COALESCE(c.expense_campanhas, 0::numeric), 2) AS investimento_em_campanhas,
    round(t.expense - COALESCE(c.expense_campanhas, 0::numeric), 2) AS investimento_nao_atribuido,
    round(100.0 * COALESCE(c.expense_campanhas, 0::numeric) / NULLIF(t.expense, 0::numeric), 1) AS pct_atribuido,
    COALESCE(c.campanhas_ativas, 0::bigint) AS campanhas_com_gasto,
    round(t.direct_gmv, 2) AS gmv_direto_total,
    round(COALESCE(c.gmv_campanhas, 0::numeric), 2) AS gmv_direto_campanhas
   FROM fact_shopee_ads_total_dia t
     LEFT JOIN ( SELECT fact_shopee_ads_campanha_dia.data,
            sum(fact_shopee_ads_campanha_dia.expense) AS expense_campanhas,
            sum(fact_shopee_ads_campanha_dia.direct_gmv) AS gmv_campanhas,
            count(*) FILTER (WHERE fact_shopee_ads_campanha_dia.expense > 0::numeric) AS campanhas_ativas
           FROM fact_shopee_ads_campanha_dia
          GROUP BY fact_shopee_ads_campanha_dia.data) c ON c.data = t.data;","vw_shopee_ads_cobertura_dia"
"create or replace view public.vw_shopee_ads_por_tipo_dia as
 WITH camp AS (
         SELECT fact_shopee_ads_campanha_dia.data,
            COALESCE(NULLIF(fact_shopee_ads_campanha_dia.campaign_placement, ''::text), 'outros'::text) AS tipo,
            sum(fact_shopee_ads_campanha_dia.expense) AS investimento,
            sum(fact_shopee_ads_campanha_dia.direct_gmv) AS receita,
            sum(fact_shopee_ads_campanha_dia.impression) AS impressoes,
            sum(fact_shopee_ads_campanha_dia.clicks) AS cliques,
            sum(fact_shopee_ads_campanha_dia.direct_order) AS unidades
           FROM fact_shopee_ads_campanha_dia
          GROUP BY fact_shopee_ads_campanha_dia.data, (COALESCE(NULLIF(fact_shopee_ads_campanha_dia.campaign_placement, ''::text), 'outros'::text))
        ), tot AS (
         SELECT fact_shopee_ads_total_dia.data,
            fact_shopee_ads_total_dia.expense,
            fact_shopee_ads_total_dia.direct_gmv,
            fact_shopee_ads_total_dia.impression,
            fact_shopee_ads_total_dia.clicks
           FROM fact_shopee_ads_total_dia
        ), resto AS (
         SELECT t.data,
            'nao atribuido'::text AS tipo,
            GREATEST(t.expense - COALESCE(c.inv, 0::numeric), 0::numeric) AS investimento,
            GREATEST(t.direct_gmv - COALESCE(c.rec, 0::numeric), 0::numeric) AS receita,
            GREATEST(t.impression::numeric - COALESCE(c.imp, 0::numeric), 0::numeric) AS impressoes,
            GREATEST(t.clicks::numeric - COALESCE(c.cli, 0::numeric), 0::numeric) AS cliques,
            NULL::bigint AS unidades
           FROM tot t
             LEFT JOIN ( SELECT camp.data,
                    sum(camp.investimento) AS inv,
                    sum(camp.receita) AS rec,
                    sum(camp.impressoes) AS imp,
                    sum(camp.cliques) AS cli
                   FROM camp
                  GROUP BY camp.data) c ON c.data = t.data
          WHERE GREATEST(t.expense - COALESCE(c.inv, 0::numeric), 0::numeric) > 0::numeric
        )
 SELECT camp.data,
    camp.tipo,
    camp.investimento,
    camp.receita,
    camp.impressoes,
    camp.cliques,
    camp.unidades
   FROM camp
UNION ALL
 SELECT resto.data,
    resto.tipo,
    resto.investimento,
    resto.receita,
    resto.impressoes,
    resto.cliques,
    resto.unidades
   FROM resto;","vw_shopee_ads_por_tipo_dia"
"create or replace view public.vw_shopee_afiliado_dia as
 SELECT create_dia AS data,
    create_dia <= (CURRENT_DATE - 15) AS maturado,
    count(*) AS pedidos_total,
    count(*) FILTER (WHERE comissao_afiliado > 0::numeric) AS pedidos_afiliado,
    round(100.0 * count(*) FILTER (WHERE comissao_afiliado > 0::numeric)::numeric / NULLIF(count(*), 0)::numeric, 2) AS pct_pedidos_afiliado,
    round(sum(order_selling_price), 2) AS gmv_total,
    round(sum(order_selling_price) FILTER (WHERE comissao_afiliado > 0::numeric), 2) AS gmv_afiliado,
    round(100.0 * sum(order_selling_price) FILTER (WHERE comissao_afiliado > 0::numeric) / NULLIF(sum(order_selling_price), 0::numeric), 2) AS pct_gmv_afiliado,
    round(sum(comissao_afiliado), 2) AS custo_afiliado,
    round(100.0 * sum(comissao_afiliado) / NULLIF(sum(order_selling_price), 0::numeric), 2) AS custo_pct_gmv_total,
    round(100.0 * sum(comissao_afiliado) / NULLIF(sum(order_selling_price) FILTER (WHERE comissao_afiliado > 0::numeric), 0::numeric), 2) AS comissao_efetiva_pct,
    round(avg(order_selling_price) FILTER (WHERE comissao_afiliado > 0::numeric), 2) AS ticket_afiliado,
    round(avg(order_selling_price) FILTER (WHERE comissao_afiliado = 0::numeric OR comissao_afiliado IS NULL), 2) AS ticket_sem_afiliado,
    round(sum(escrow_amount) FILTER (WHERE comissao_afiliado > 0::numeric), 2) AS liquido_afiliado,
    round(100.0 * sum(escrow_amount) FILTER (WHERE comissao_afiliado > 0::numeric) / NULLIF(sum(order_selling_price) FILTER (WHERE comissao_afiliado > 0::numeric), 0::numeric), 2) AS margem_afiliado_pct,
    round(100.0 * sum(escrow_amount) FILTER (WHERE COALESCE(comissao_afiliado, 0::numeric) = 0::numeric) / NULLIF(sum(order_selling_price) FILTER (WHERE COALESCE(comissao_afiliado, 0::numeric) = 0::numeric), 0::numeric), 2) AS margem_sem_afiliado_pct
   FROM fact_shopee_financeiro f
  GROUP BY create_dia;","vw_shopee_afiliado_dia"
"create or replace view public.vw_shopee_afiliado_produto_dia as
 WITH ped AS (
         SELECT f.order_sn,
            f.create_dia,
            f.comissao_afiliado,
            f.order_selling_price
           FROM fact_shopee_financeiro f
        ), item AS (
         SELECT p.create_dia AS data,
            p.order_sn,
            p.comissao_afiliado,
            i.item_id,
            i.item_sku,
            i.item_name,
            i.model_quantity_purchased AS qtd,
            COALESCE(i.model_discounted_price, 0::numeric) * COALESCE(i.model_quantity_purchased, 0)::numeric AS valor_item,
            p.order_selling_price
           FROM ped p
             JOIN shopee_pedido_item i ON i.order_sn = p.order_sn
        ), rateado AS (
         SELECT it.data,
            it.order_sn,
            it.comissao_afiliado,
            it.item_id,
            it.item_sku,
            it.item_name,
            it.qtd,
            it.valor_item,
            it.order_selling_price,
            sum(it.valor_item) OVER (PARTITION BY it.order_sn) AS valor_pedido,
                CASE
                    WHEN sum(it.valor_item) OVER (PARTITION BY it.order_sn) > 0::numeric THEN it.comissao_afiliado * (it.valor_item / sum(it.valor_item) OVER (PARTITION BY it.order_sn))
                    ELSE 0::numeric
                END AS custo_afiliado_rateado,
                CASE
                    WHEN sum(it.valor_item) OVER (PARTITION BY it.order_sn) > 0::numeric THEN it.order_selling_price * (it.valor_item / sum(it.valor_item) OVER (PARTITION BY it.order_sn))
                    ELSE 0::numeric
                END AS gmv_rateado
           FROM item it
        )
 SELECT data,
    item_id,
    item_sku,
    max(item_name) AS produto,
    count(DISTINCT order_sn) FILTER (WHERE comissao_afiliado > 0::numeric) AS pedidos_afiliado,
    sum(qtd) FILTER (WHERE comissao_afiliado > 0::numeric) AS unidades_afiliado,
    round(sum(gmv_rateado) FILTER (WHERE comissao_afiliado > 0::numeric), 2) AS gmv_afiliado,
    round(sum(custo_afiliado_rateado), 2) AS custo_afiliado,
    count(DISTINCT order_sn) AS pedidos_total,
    round(sum(gmv_rateado), 2) AS gmv_total,
    round(100.0 * count(DISTINCT order_sn) FILTER (WHERE comissao_afiliado > 0::numeric)::numeric / NULLIF(count(DISTINCT order_sn), 0)::numeric, 2) AS pct_pedidos_via_afiliado
   FROM rateado
  GROUP BY data, item_id, item_sku;","vw_shopee_afiliado_produto_dia"
"create or replace view public.vw_shopee_estoque as
 WITH giro AS (
         SELECT fact_shopee_venda_produto_dia.item_id,
            fact_shopee_venda_produto_dia.model_id,
            sum(fact_shopee_venda_produto_dia.unidades) AS unidades_30d
           FROM fact_shopee_venda_produto_dia
          WHERE fact_shopee_venda_produto_dia.data >= (CURRENT_DATE - 30)
          GROUP BY fact_shopee_venda_produto_dia.item_id, fact_shopee_venda_produto_dia.model_id
        )
 SELECT e.item_id,
    e.model_id,
    p.nome AS produto,
    e.item_sku,
    e.model_sku,
    e.model_name AS variacao,
    p.status AS status_anuncio,
    e.preco_atual,
    e.preco_original,
    e.estoque_total,
    e.estoque_reservado,
    COALESCE(g.unidades_30d, 0::bigint) AS unidades_30d,
    round(COALESCE(g.unidades_30d, 0::bigint)::numeric / 30.0, 2) AS media_diaria,
        CASE
            WHEN COALESCE(g.unidades_30d, 0::bigint) > 0 THEN round(e.estoque_total::numeric / (g.unidades_30d::numeric / 30.0), 0)
            ELSE NULL::numeric
        END AS dias_de_cobertura,
    e.atualizado_em
   FROM dim_shopee_estoque e
     LEFT JOIN dim_shopee_produto p USING (item_id)
     LEFT JOIN giro g ON g.item_id = e.item_id AND g.model_id = e.model_id;","vw_shopee_estoque"
"create or replace view public.vw_shopee_financeiro_dia as
 SELECT create_dia AS data,
    count(*) AS pedidos,
    round(sum(order_selling_price), 2) AS gmv,
    round(sum(escrow_amount), 2) AS liquido,
    round(sum(commission_fee), 2) AS comissao,
    round(sum(service_fee), 2) AS taxa_servico,
    round(sum(comissao_afiliado), 2) AS afiliados,
    round(sum(fbs_fee), 2) AS taxa_fbs,
    round(sum(actual_shipping_fee), 2) AS frete_real,
    round(sum(COALESCE(voucher_from_seller, 0::numeric) + COALESCE(seller_discount, 0::numeric)), 2) AS desconto_vendedor,
    count(*) FILTER (WHERE comissao_afiliado > 0::numeric) AS pedidos_com_afiliado,
        CASE
            WHEN sum(order_selling_price) > 0::numeric THEN round(100.0 * sum(escrow_amount) / sum(order_selling_price), 2)
            ELSE NULL::numeric
        END AS margem_liquida_pct,
        CASE
            WHEN sum(order_selling_price) > 0::numeric THEN round(100.0 * sum(comissao_afiliado) / sum(order_selling_price), 2)
            ELSE NULL::numeric
        END AS afiliado_pct_gmv
   FROM fact_shopee_financeiro
  GROUP BY create_dia;","vw_shopee_financeiro_dia"
"create or replace view public.vw_shopee_frete_dia as
 SELECT data,
    transportadora,
    pedidos,
    unidades,
    receita,
    frete_real,
    frete_medio,
    ticket_medio,
    preco_medio,
    unid_por_pedido,
    produtos,
    cancelados,
    faturamento_cancelado,
    cancelamento_pct,
    peso_medio_g,
    comissao,
    taxa_servico,
    afiliados,
    cobertura_financeiro_pct
   FROM fact_shopee_frete_dia;","vw_shopee_frete_dia"
"create or replace view public.vw_shopee_frete_pedido as
 SELECT p.create_dia AS data,
    COALESCE(NULLIF(p.shipping_carrier, ''::text), 'sem transportadora'::text) AS transportadora,
    p.order_sn AS pedido_id,
    to_char((to_timestamp(p.create_time::double precision) AT TIME ZONE 'America/Sao_Paulo'::text), 'HH24:MI'::text) AS hora,
    p.order_status AS status,
        CASE
            WHEN p.order_status = 'CANCELLED'::text THEN 'Cancelado'::text
            ELSE 'V├ílido'::text
        END AS situacao,
    p.payment_method AS pagamento,
    count(i.line_item_id) AS linhas,
    sum(i.model_quantity_purchased) AS unidades,
    COALESCE(v.venda, p.total_amount) AS faturamento,
    f.commission_fee AS comissao,
    f.comissao_afiliado,
    f.escrow_amount AS liquido,
    p.actual_shipping_fee AS frete_real,
    string_agg(DISTINCT i.item_sku, ', '::text) AS skus,
    max(i.item_name) AS produto_principal
   FROM shopee_pedido p
     JOIN shopee_pedido_item i ON i.order_sn = p.order_sn
     LEFT JOIN fact_shopee_financeiro f ON f.order_sn = p.order_sn
     LEFT JOIN fact_shopee_pedido_venda v ON v.order_sn = p.order_sn
  WHERE p.order_status <> ALL (ARRAY['UNPAID'::text, 'INVOICE_PENDING'::text])
  GROUP BY p.create_dia, p.shipping_carrier, p.order_sn, p.create_time, p.order_status, p.payment_method, p.total_amount, v.venda, p.actual_shipping_fee, f.commission_fee, f.comissao_afiliado, f.escrow_amount;","vw_shopee_frete_pedido"
"create or replace view public.vw_shopee_frete_produto_dia as
 SELECT data,
    transportadora,
    item_id,
    seller_sku,
    titulo,
    pedidos,
    unidades,
    faturamento,
    preco_medio,
    pedidos_cancelados,
    faturamento_cancelado
   FROM fact_shopee_frete_produto_dia;","vw_shopee_frete_produto_dia"
"create or replace view public.vw_shopee_item_dia as
 SELECT data,
    item_id,
    max(produto) AS title,
    max(item_sku) AS seller_sku,
    round(sum(receita) / NULLIF(sum(unidades), 0)::numeric, 2) AS price,
    NULL::bigint AS visitas,
    sum(unidades) AS unidades_vendidas,
    round(sum(receita), 2) AS receita,
    sum(pedidos) AS pedidos,
    NULL::numeric AS conversao_pct
   FROM fact_shopee_venda_produto_dia p
  GROUP BY data, item_id;","vw_shopee_item_dia"
"create or replace view public.vw_shopee_item_visitas_dia as
 SELECT data,
    item_id,
        CASE
            WHEN lag(views_acum) OVER (PARTITION BY item_id ORDER BY data) IS NULL THEN NULL::bigint
            ELSE GREATEST(views_acum - lag(views_acum) OVER (PARTITION BY item_id ORDER BY data), 0::bigint)
        END AS visitas,
        CASE
            WHEN lag(likes_acum) OVER (PARTITION BY item_id ORDER BY data) IS NULL THEN NULL::bigint
            ELSE GREATEST(likes_acum - lag(likes_acum) OVER (PARTITION BY item_id ORDER BY data), 0::bigint)
        END AS likes,
    rating
   FROM shopee_item_metricas_dia m;","vw_shopee_item_visitas_dia"
"create or replace view public.vw_shopee_visao_geral_dia as
 WITH venda AS (
         SELECT fact_shopee_venda_dia.data,
            fact_shopee_venda_dia.faturamento AS venda_total,
            fact_shopee_venda_dia.pedidos::bigint AS pedidos_total,
            fact_shopee_venda_dia.unidades::bigint AS unidades_vendidas,
            fact_shopee_venda_dia.ticket_medio
           FROM fact_shopee_venda_dia
        ), liquido AS (
         SELECT fact_shopee_financeiro.create_dia AS data,
            round(sum(fact_shopee_financeiro.escrow_amount), 2) AS venda_total_paga
           FROM fact_shopee_financeiro
          GROUP BY fact_shopee_financeiro.create_dia
        ), ads AS (
         SELECT vw_shopee_ads_por_tipo_dia.data,
            sum(vw_shopee_ads_por_tipo_dia.investimento) AS invest_ads,
            sum(vw_shopee_ads_por_tipo_dia.receita) AS receita_ads,
            sum(vw_shopee_ads_por_tipo_dia.impressoes)::bigint AS impressoes_ads,
            sum(vw_shopee_ads_por_tipo_dia.cliques)::bigint AS cliques_ads
           FROM vw_shopee_ads_por_tipo_dia
          GROUP BY vw_shopee_ads_por_tipo_dia.data
        )
 SELECT COALESCE(v.data, a.data) AS data,
    v.venda_total,
    l.venda_total_paga,
    v.pedidos_total,
    v.unidades_vendidas,
    a.invest_ads,
    a.receita_ads,
    a.impressoes_ads,
    a.cliques_ads,
        CASE
            WHEN v.venda_total > 0::numeric THEN round(100.0 * a.receita_ads / v.venda_total, 2)
            ELSE NULL::numeric
        END AS share_ads_pct,
        CASE
            WHEN a.invest_ads > 0::numeric THEN round(a.receita_ads / a.invest_ads, 2)
            ELSE NULL::numeric
        END AS roas_ads,
        CASE
            WHEN a.invest_ads > 0::numeric THEN round(v.venda_total / a.invest_ads, 2)
            ELSE NULL::numeric
        END AS roas_total,
        CASE
            WHEN a.receita_ads > 0::numeric THEN round(100.0 * a.invest_ads / a.receita_ads, 2)
            ELSE NULL::numeric
        END AS acos_ads,
        CASE
            WHEN v.venda_total > 0::numeric THEN round(100.0 * a.invest_ads / v.venda_total, 2)
            ELSE NULL::numeric
        END AS acos_total,
    NULL::bigint AS visitas,
    NULL::numeric AS conversao_pct,
    v.ticket_medio
   FROM venda v
     FULL JOIN ads a ON a.data = v.data
     LEFT JOIN liquido l ON l.data = COALESCE(v.data, a.data);","vw_shopee_visao_geral_dia"
"create or replace view public.vw_shopify_estoque_kpi as
 SELECT alerta,
    count(*) AS skus,
    round(sum(repor_30d)::double precision) AS total_repor,
    round(sum(vendas_7d)::double precision) AS vendas_7d
   FROM vw_shopify_reposicao
  GROUP BY alerta
  ORDER BY (round(sum(repor_30d)::double precision)) DESC NULLS LAST;","vw_shopify_estoque_kpi"
"create or replace view public.vw_shopify_reposicao as
 SELECT sku,
    title,
    vendor,
    status,
    alerta,
    estoque,
    placeholder,
    media_diaria,
    cobertura_dias,
    repor_30d,
    vendas_7d,
    vendas_21d,
    atualizado_em
   FROM dim_shopify_produto
  WHERE repor_30d > 0
  ORDER BY cobertura_dias NULLS FIRST, vendas_21d DESC;","vw_shopify_reposicao"
"create or replace view public.vw_site_ads_por_tipo_dia as
 SELECT data,
    canal,
    tipo,
    tipo_raw,
    investimento,
    receita,
    roas,
    acos,
    impressoes,
    cliques,
    receita_plataforma,
    pedidos_shopify,
    base_receita
   FROM tab_site_ads_por_tipo_dia;","vw_site_ads_por_tipo_dia"
"create or replace view public.vw_site_ads_tipo as
 SELECT canal,
    tipo,
    round(sum(investimento)) AS invest,
    round(sum(receita)) AS receita,
    round(sum(receita) / NULLIF(sum(investimento), 0::numeric), 2) AS roas,
    round(100.0 * sum(cliques) / NULLIF(sum(impressoes), 0::numeric), 2) AS ctr_pct
   FROM _src_site_ads_por_tipo_dia
  WHERE data >= ((now() AT TIME ZONE 'America/Sao_Paulo'::text)::date - 29)
  GROUP BY canal, tipo
  ORDER BY (round(sum(investimento))) DESC;","vw_site_ads_tipo"
"create or replace view public.vw_site_classe_dia as
 SELECT data,
    classe,
    count(*) AS pedidos,
    sum(unidades) AS unidades,
    round(sum(bruto), 2) AS faturamento_bruto,
    round(sum(liquido), 2) AS faturamento_liquido,
    round(sum(pago), 2) AS total_pago
   FROM vw_site_pedido_classe
  GROUP BY data, classe;","vw_site_classe_dia"
"create or replace view public.vw_site_cupom_dia as
 WITH ord AS (
         SELECT stg_shopify_orders_item.date AS data,
            stg_shopify_orders_item.order_discount_code AS cupom,
            stg_shopify_orders_item.order_id,
            max(stg_shopify_orders_item.order_gross_sales) AS gross,
            max(stg_shopify_orders_item.order_net_sales) AS net,
            max(stg_shopify_orders_item.order_total_price) AS pago,
            max(stg_shopify_orders_item.order_total_discounts) AS desconto,
            max(stg_shopify_orders_item.order_returns_amount) AS devol,
            max(stg_shopify_orders_item.order_returns_quantity) AS devol_qtd,
            max(stg_shopify_orders_item.order_total_shipping_price) AS frete,
            max(stg_shopify_orders_item.order_customer_number_of_orders) AS n_orders,
            sum(stg_shopify_orders_item.line_item__quantity) AS unidades
           FROM stg_shopify_orders_item
          WHERE COALESCE(stg_shopify_orders_item.order_discount_code, ''::text) <> ''::text AND COALESCE(stg_shopify_orders_item.order_test, false) = false AND stg_shopify_orders_item.order_cancelled_at IS NULL
          GROUP BY stg_shopify_orders_item.date, stg_shopify_orders_item.order_discount_code, stg_shopify_orders_item.order_id
        )
 SELECT data,
    cupom,
    count(*) AS pedidos,
    count(*) FILTER (WHERE n_orders = 1::numeric) AS pedidos_cliente_novo,
    sum(unidades) AS unidades,
    round(sum(gross), 2) AS faturamento_bruto,
    round(sum(net), 2) AS faturamento_liquido,
    round(sum(pago), 2) AS total_pago,
    round(sum(desconto), 2) AS desconto,
    round(sum(devol), 2) AS devolucoes,
    sum(devol_qtd) AS unidades_devolvidas,
    round(sum(frete), 2) AS frete,
    round(sum(gross) + sum(COALESCE(frete, 0::numeric)), 2) AS base_desconto,
    round(100.0 * sum(desconto) / NULLIF(sum(gross) + sum(COALESCE(frete, 0::numeric)), 0::numeric), 1) AS desconto_pct,
    count(*) FILTER (WHERE net < 1::numeric) AS pedidos_permuta,
    COALESCE(sum(unidades) FILTER (WHERE net < 1::numeric), 0::bigint::numeric) AS unidades_permuta,
    round(COALESCE(sum(desconto) FILTER (WHERE net < 1::numeric), 0::numeric), 2) AS desconto_permuta
   FROM ord
  GROUP BY data, cupom;","vw_site_cupom_dia"
"create or replace view public.vw_site_cupom_prod as
 SELECT cupom,
    produto,
    sum(pedidos) AS pedidos,
    sum(unidades) AS unidades,
    round(sum(faturamento_liquido)) AS faturamento
   FROM vw_site_cupom_produto_dia
  WHERE data >= ((now() AT TIME ZONE 'America/Sao_Paulo'::text)::date - 29)
  GROUP BY cupom, produto
  ORDER BY (round(sum(faturamento_liquido))) DESC;","vw_site_cupom_prod"
"create or replace view public.vw_site_cupom_produto_dia as
 SELECT date AS data,
    order_discount_code AS cupom,
    line_item__sku AS sku,
    COALESCE(NULLIF(line_item__title, ''::text), line_item__name) AS produto,
    line_item__product_id AS product_id,
    count(DISTINCT order_id) AS pedidos,
    sum(line_item__quantity) AS unidades,
    round(sum(line_item__net_sales), 2) AS faturamento_liquido,
    round(sum(line_item__price * line_item__quantity), 2) AS faturamento_bruto,
    round(sum(line_item__refunds_quantity), 0) AS unidades_reembolsadas
   FROM stg_shopify_orders_item
  WHERE COALESCE(order_discount_code, ''::text) <> ''::text AND COALESCE(order_test, false) = false AND order_cancelled_at IS NULL
  GROUP BY date, order_discount_code, line_item__sku, (COALESCE(NULLIF(line_item__title, ''::text), line_item__name)), line_item__product_id;","vw_site_cupom_produto_dia"
"create or replace view public.vw_site_cupons as
 SELECT cupom,
    sum(pedidos) AS pedidos,
    sum(pedidos_cliente_novo) AS pedidos_novos,
    sum(unidades) AS unidades,
    round(sum(total_pago)) AS faturamento,
    round(sum(desconto)) AS desconto,
    round(100.0 * sum(desconto) / NULLIF(sum(faturamento_bruto), 0::numeric), 1) AS desconto_pct,
    round(sum(devolucoes)) AS devolucoes,
    round(100.0 * sum(pedidos_cliente_novo) / NULLIF(sum(pedidos), 0::numeric), 1) AS pct_cliente_novo
   FROM vw_site_cupom_dia
  WHERE data >= ((now() AT TIME ZONE 'America/Sao_Paulo'::text)::date - 29)
  GROUP BY cupom
  ORDER BY (round(sum(total_pago))) DESC;","vw_site_cupons"
"create or replace view public.vw_site_geral_dia as
 SELECT data,
    pedidos,
    pedidos_cliente_novo,
    pct_cliente_novo,
    unidades,
    faturamento_bruto,
    faturamento_liquido,
    total_pago,
    venda_total,
    ticket_medio,
    desconto,
    devolucoes,
    unidades_devolvidas,
    frete,
    invest_ads,
    receita_ads,
    share_ads_pct,
    roas_ads,
    roas_total,
    acos_ads,
    tacos
   FROM tab_site_geral_dia;","vw_site_geral_dia"
"create or replace view public.vw_site_midia_pedido_item as
 SELECT p.data,
    i.order_id,
    p.fonte,
    p.campaign_name,
    i.line_item__sku AS sku,
    COALESCE(NULLIF(i.line_item__title, ''::text), i.line_item__name) AS produto,
    sum(COALESCE(i.line_item__quantity, 0::numeric)) AS unidades,
    sum(COALESCE(i.line_item__net_sales, 0::numeric)) AS venda_item,
    sum(GREATEST(COALESCE(i.line_item__price, 0::numeric) - COALESCE(i.line_item__discounted_unit_price, i.line_item__price, 0::numeric), 0::numeric) * COALESCE(i.line_item__quantity, 0::numeric)) AS desconto_item,
    max(NULLIF(i.order_discount_code, ''::text)) AS cupom
   FROM stg_shopify_orders_item i
     JOIN vw_site_venda_midia_pedido p ON p.order_id = i.order_id
  GROUP BY p.data, i.order_id, p.fonte, p.campaign_name, i.line_item__sku, (COALESCE(NULLIF(i.line_item__title, ''::text), i.line_item__name));","vw_site_midia_pedido_item"
"create or replace view public.vw_site_origem as
 SELECT origem,
    sum(pedidos) AS pedidos,
    sum(unidades) AS unidades,
    round(sum(total_pago)) AS faturamento
   FROM vw_site_origem_dia
  WHERE data >= ((now() AT TIME ZONE 'America/Sao_Paulo'::text)::date - 29)
  GROUP BY origem
  ORDER BY (round(sum(total_pago))) DESC;","vw_site_origem"
"create or replace view public.vw_site_origem_dia as
 SELECT data,
    origem,
    pedidos,
    unidades,
    total_pago,
    faturamento_liquido
   FROM tab_site_origem_dia;","vw_site_origem_dia"
"create or replace view public.vw_site_pagina as
 WITH observadas AS (
         SELECT DISTINCT fact_site_pagina_dia.pagina_path
           FROM fact_site_pagina_dia
        UNION
         SELECT DISTINCT '/'::text || regexp_replace(split_part(split_part(stg_shopify_orders_item.order_customer_last_visit_landing_page, '?'::text, 1), '://'::text, 2), '^[^/]+/'::text, ''::text)
           FROM stg_shopify_orders_item
          WHERE stg_shopify_orders_item.order_customer_last_visit_landing_page ~~* '%/pages/%'::text OR stg_shopify_orders_item.order_customer_last_visit_landing_page ~~* '%/products/%'::text
        ), limpo AS (
         SELECT regexp_replace(observadas.pagina_path, '/+$'::text, ''::text) AS pagina_path
           FROM observadas
          WHERE observadas.pagina_path IS NOT NULL AND observadas.pagina_path <> ''::text
        )
 SELECT l.pagina_path,
    p.produto,
    p.ordem AS produto_ordem,
        CASE
            WHEN l.pagina_path = ('/products/'::text || p.pdp_handle) THEN 'PDP'::text
            ELSE 'Pagina'::text
        END AS tipo,
        CASE
            WHEN l.pagina_path = ('/products/'::text || p.pdp_handle) THEN 'Pagina do produto (PDP)'::text
            ELSE initcap(replace(regexp_replace(split_part(l.pagina_path, '/pages/'::text, 2), '^'::text || p.lp_prefixo, ''::text), '-'::text, ' '::text))
        END AS rotulo
   FROM limpo l
     JOIN dim_site_produto_pagina p ON l.pagina_path = ('/products/'::text || p.pdp_handle) OR l.pagina_path ~~ (('/pages/'::text || p.lp_prefixo) || '%'::text)
  WHERE p.ativo;","vw_site_pagina"
"create or replace view public.vw_site_pagina_canais as
 SELECT canal,
    sum(sessoes) AS sessoes,
    sum(pedidos) AS pedidos,
    round(sum(receita), 2) AS receita,
    min(data) AS primeiro_dia,
    max(data) AS ultimo_dia
   FROM vw_site_pagina_canal_dia
  GROUP BY canal
  ORDER BY (sum(sessoes)) DESC;","vw_site_pagina_canais"
"create or replace view public.vw_site_pagina_canal_dia as
 WITH chaves AS (
         SELECT fact_site_pagina_canal_dia.pagina_path,
            fact_site_pagina_canal_dia.data,
            fact_site_pagina_canal_dia.utm_source,
            fact_site_pagina_canal_dia.utm_medium
           FROM fact_site_pagina_canal_dia
        UNION
         SELECT mv_site_pedido_pagina_dia.pagina_path,
            mv_site_pedido_pagina_dia.data,
            mv_site_pedido_pagina_dia.utm_source,
            mv_site_pedido_pagina_dia.utm_medium
           FROM mv_site_pedido_pagina_dia
        )
 SELECT pg.produto,
    pg.produto_ordem,
    pg.tipo,
    pg.rotulo,
    pg.pagina_path,
    k.data,
    site_canal(k.utm_source, k.utm_medium) AS canal,
    k.utm_source,
    k.utm_medium,
    COALESCE(s.sessoes, 0) AS sessoes,
    COALESCE(s.sessoes_checkout, 0) AS sessoes_checkout,
    COALESCE(p.pedidos, 0) AS pedidos,
    COALESCE(p.receita, 0::numeric) AS receita,
    COALESCE(p.unidades, 0) AS unidades
   FROM chaves k
     JOIN vw_site_pagina pg ON pg.pagina_path = k.pagina_path
     LEFT JOIN fact_site_pagina_canal_dia s ON s.pagina_path = k.pagina_path AND s.data = k.data AND s.utm_source = k.utm_source AND s.utm_medium = k.utm_medium
     LEFT JOIN mv_site_pedido_pagina_dia p ON p.pagina_path = k.pagina_path AND p.data = k.data AND p.utm_source = k.utm_source AND p.utm_medium = k.utm_medium;","vw_site_pagina_canal_dia"
"create or replace view public.vw_site_pagina_dia as
 SELECT produto,
    produto_ordem,
    tipo,
    rotulo,
    pagina_path,
    data,
    sum(sessoes)::integer AS sessoes,
    sum(sessoes_checkout)::integer AS sessoes_checkout,
    sum(pedidos)::integer AS pedidos,
    sum(receita) AS receita,
    sum(unidades)::integer AS unidades
   FROM vw_site_pagina_canal_dia
  GROUP BY produto, produto_ordem, tipo, rotulo, pagina_path, data;","vw_site_pagina_dia"
"create or replace view public.vw_site_pagina_resumo as
 WITH lim AS (
         SELECT max(fact_site_pagina_canal_dia.data) AS dmax
           FROM fact_site_pagina_canal_dia
        ), b AS (
         SELECT d.produto,
            d.produto_ordem,
            d.tipo,
            d.rotulo,
            d.pagina_path,
            d.data,
            d.sessoes,
            d.sessoes_checkout,
            d.pedidos,
            d.receita,
            d.unidades,
            e.estreia_paginas
           FROM vw_site_pagina_dia d
             JOIN vw_site_produto_estreia e ON e.produto = d.produto
             CROSS JOIN lim
          WHERE d.data >= e.estreia_paginas AND d.data <= lim.dmax
        )
 SELECT produto,
    produto_ordem,
    tipo,
    rotulo,
    pagina_path,
    min(data) FILTER (WHERE sessoes > 0 OR pedidos > 0) AS primeiro_dia,
    max(data) FILTER (WHERE sessoes > 0 OR pedidos > 0) AS ultimo_dia,
    sum(sessoes) AS sessoes,
    sum(sessoes_checkout) AS sessoes_checkout,
    sum(pedidos) AS pedidos,
    round(sum(receita), 2) AS receita,
    sum(unidades) AS unidades,
    round(100.0 * sum(pedidos)::numeric / NULLIF(sum(sessoes), 0)::numeric, 2) AS conversao_pct,
    round(sum(receita) / NULLIF(sum(pedidos), 0)::numeric, 2) AS ticket_medio,
    round(sum(receita) / NULLIF(sum(sessoes), 0)::numeric, 2) AS receita_por_sessao
   FROM b
  GROUP BY produto, produto_ordem, tipo, rotulo, pagina_path;","vw_site_pagina_resumo"
"create or replace view public.vw_site_pedido_classe as
 WITH ord AS (
         SELECT stg_shopify_orders_item.order_id,
            min(stg_shopify_orders_item.date) AS data,
            max(stg_shopify_orders_item.order_discount_code) AS cupom,
            max(stg_shopify_orders_item.order_gross_sales) AS bruto,
            max(stg_shopify_orders_item.order_net_sales) AS liquido,
            max(stg_shopify_orders_item.order_total_price) AS pago,
            sum(stg_shopify_orders_item.line_item__quantity) AS unidades
           FROM stg_shopify_orders_item
          WHERE COALESCE(stg_shopify_orders_item.order_test, false) = false AND stg_shopify_orders_item.order_cancelled_at IS NULL
          GROUP BY stg_shopify_orders_item.order_id
        )
 SELECT order_id,
    data,
    cupom,
    bruto,
    liquido,
    pago,
    unidades,
        CASE
            WHEN liquido < 1::numeric THEN 'permuta'::text
            WHEN COALESCE(cupom, ''::text) = ANY (ARRAY['Atacado'::text, 'Desconto personalizado'::text]) THEN 'atacado'::text
            WHEN liquido >= 5000::numeric THEN 'atacado'::text
            ELSE 'varejo'::text
        END AS classe
   FROM ord;","vw_site_pedido_classe"
"create or replace view public.vw_site_pedido_hora as
 SELECT order_id,
    min(order_created_at) AS criado_em
   FROM stg_shopify_orders_item
  WHERE order_id IS NOT NULL
  GROUP BY order_id;","vw_site_pedido_hora"
"create or replace view public.vw_site_pedido_origem_dia as
 WITH o AS (
         SELECT s.date AS data,
            s.order_id,
            max(s.order_total_price) AS receita,
            max(lower(COALESCE(s.order_customer_last_visit_utm_source, ''::text))) AS utm_source,
            max(lower(COALESCE(s.order_customer_last_visit_utm_medium, ''::text))) AS utm_medium
           FROM stg_shopify_orders_item s
          WHERE COALESCE(s.order_test, false) = false AND s.order_cancelled_at IS NULL
          GROUP BY s.date, s.order_id
        )
 SELECT data,
    utm_source,
    utm_medium,
    count(*)::integer AS pedidos,
    sum(receita) AS receita
   FROM o
  GROUP BY data, utm_source, utm_medium;","vw_site_pedido_origem_dia"
"create or replace view public.vw_site_pedido_visita as
 SELECT DISTINCT ON (order_id) order_id,
    NULLIF(order_customer_last_visit_utm_source, ''::text) AS ultima_fonte,
    NULLIF(order_customer_last_visit_referrer_url, ''::text) AS ultima_referencia,
    NULLIF(order_customer_last_visit_landing_page, ''::text) AS ultima_pagina,
    NULLIF(order_customer_first_visit_utm_source, ''::text) AS primeira_fonte,
    NULLIF(order_customer_first_visit_landing_page, ''::text) AS primeira_pagina
   FROM stg_shopify_orders_item
  WHERE order_id IS NOT NULL
  ORDER BY order_id;","vw_site_pedido_visita"
"create or replace view public.vw_site_produto_dia as
 SELECT data,
    produto_key,
    produto,
    sku,
    pedidos,
    unidades,
    receita
   FROM tab_site_produto_dia;","vw_site_produto_dia"
"create or replace view public.vw_site_produto_estreia as
 SELECT produto,
    produto_ordem,
    min(data) AS estreia_paginas,
    max(data) AS ultimo_dia_paginas,
    count(DISTINCT pagina_path) AS paginas
   FROM vw_site_pagina_dia
  WHERE tipo = 'Pagina'::text AND sessoes > 0
  GROUP BY produto, produto_ordem;","vw_site_produto_estreia"
"create or replace view public.vw_site_produto_resumo as
 WITH lim AS (
         SELECT max(fact_site_pagina_canal_dia.data) AS dmax
           FROM fact_site_pagina_canal_dia
        ), b AS (
         SELECT d.produto,
            d.produto_ordem,
            d.tipo,
            d.rotulo,
            d.pagina_path,
            d.data,
            d.sessoes,
            d.sessoes_checkout,
            d.pedidos,
            d.receita,
            d.unidades,
            e.estreia_paginas
           FROM vw_site_pagina_dia d
             JOIN vw_site_produto_estreia e ON e.produto = d.produto
             CROSS JOIN lim
          WHERE d.data >= e.estreia_paginas AND d.data <= lim.dmax
        )
 SELECT produto,
    produto_ordem,
    estreia_paginas,
    min(data) AS de,
    max(data) AS ate,
    sum(sessoes) AS sessoes,
    sum(pedidos) AS pedidos,
    round(sum(receita), 2) AS receita,
    sum(sessoes) FILTER (WHERE tipo = 'PDP'::text) AS sessoes_pdp,
    sum(pedidos) FILTER (WHERE tipo = 'PDP'::text) AS pedidos_pdp,
    round(sum(receita) FILTER (WHERE tipo = 'PDP'::text), 2) AS receita_pdp,
    round(100.0 * sum(pedidos) FILTER (WHERE tipo = 'PDP'::text)::numeric / NULLIF(sum(sessoes) FILTER (WHERE tipo = 'PDP'::text), 0)::numeric, 2) AS conv_pdp,
    sum(sessoes) FILTER (WHERE tipo = 'Pagina'::text) AS sessoes_lp,
    sum(pedidos) FILTER (WHERE tipo = 'Pagina'::text) AS pedidos_lp,
    round(sum(receita) FILTER (WHERE tipo = 'Pagina'::text), 2) AS receita_lp,
    round(100.0 * sum(pedidos) FILTER (WHERE tipo = 'Pagina'::text)::numeric / NULLIF(sum(sessoes) FILTER (WHERE tipo = 'Pagina'::text), 0)::numeric, 2) AS conv_lp,
    count(DISTINCT pagina_path) FILTER (WHERE tipo = 'Pagina'::text) AS qtd_paginas,
    round(100.0 * sum(pedidos) FILTER (WHERE tipo = 'Pagina'::text)::numeric / NULLIF(sum(sessoes) FILTER (WHERE tipo = 'Pagina'::text), 0)::numeric - 100.0 * sum(pedidos) FILTER (WHERE tipo = 'PDP'::text)::numeric / NULLIF(sum(sessoes) FILTER (WHERE tipo = 'PDP'::text), 0)::numeric, 2) AS dif_conv_pp,
        CASE
            WHEN sum(sessoes) FILTER (WHERE tipo = 'Pagina'::text) < 300 THEN 'Amostra pequena'::text
            WHEN (sum(pedidos) FILTER (WHERE tipo = 'Pagina'::text)::numeric / NULLIF(sum(sessoes) FILTER (WHERE tipo = 'Pagina'::text), 0)::numeric) > (sum(pedidos) FILTER (WHERE tipo = 'PDP'::text)::numeric / NULLIF(sum(sessoes) FILTER (WHERE tipo = 'PDP'::text), 0)::numeric) THEN 'Pagina ganha'::text
            ELSE 'PDP ganha'::text
        END AS veredito
   FROM b
  GROUP BY produto, produto_ordem, estreia_paginas;","vw_site_produto_resumo"
"create or replace view public.vw_site_produtos as
 SELECT produto,
    sum(unidades) AS unidades,
    sum(pedidos) AS pedidos,
    round(sum(receita)) AS faturamento
   FROM _src_site_produto_dia
  WHERE data >= ((now() AT TIME ZONE 'America/Sao_Paulo'::text)::date - 29)
  GROUP BY produto
  ORDER BY (round(sum(receita))) DESC;","vw_site_produtos"
"create or replace view public.vw_site_resumo as
 SELECT round(sum(venda_total)) AS faturamento,
    sum(pedidos) AS pedidos,
    sum(unidades) AS unidades,
    round(sum(venda_total) / NULLIF(sum(pedidos), 0::numeric), 2) AS ticket,
    round(100.0 * sum(pedidos_cliente_novo) / NULLIF(sum(pedidos), 0::numeric), 1) AS pct_cliente_novo,
    round(sum(invest_ads)) AS invest_ads,
    round(sum(receita_ads)) AS receita_ads,
    round(sum(venda_total) / NULLIF(sum(invest_ads), 0::numeric), 2) AS roas_total,
    round(100.0 * sum(invest_ads) / NULLIF(sum(venda_total), 0::numeric), 1) AS tacos_pct,
    round(sum(devolucoes)) AS devolucoes
   FROM vw_site_geral_dia
  WHERE data >= ((now() AT TIME ZONE 'America/Sao_Paulo'::text)::date - 29);","vw_site_resumo"
"create or replace view public.vw_site_tendencia_semana as
 WITH wk AS (
         SELECT date_trunc('week'::text, (now() AT TIME ZONE 'America/Sao_Paulo'::text))::date AS cur_week
        ), g AS (
         SELECT date_trunc('week'::text, vw_site_geral_dia.data::timestamp with time zone)::date AS semana,
            sum(vw_site_geral_dia.venda_total) AS fat,
            sum(vw_site_geral_dia.unidades) AS unid,
            sum(vw_site_geral_dia.pedidos) AS ped,
            sum(vw_site_geral_dia.invest_ads) AS ads
           FROM vw_site_geral_dia
          WHERE vw_site_geral_dia.data >= ((( SELECT wk.cur_week
                   FROM wk)) - '56 days'::interval)
          GROUP BY (date_trunc('week'::text, vw_site_geral_dia.data::timestamp with time zone)::date)
        ), fmt AS (
         SELECT date_trunc('week'::text, _src_site_ads_por_tipo_dia.data::timestamp with time zone)::date AS semana,
            sum(_src_site_ads_por_tipo_dia.investimento) FILTER (WHERE _src_site_ads_por_tipo_dia.canal = 'Meta'::text) AS meta_c,
            sum(_src_site_ads_por_tipo_dia.receita) FILTER (WHERE _src_site_ads_por_tipo_dia.canal = 'Meta'::text) AS meta_r,
            sum(_src_site_ads_por_tipo_dia.investimento) FILTER (WHERE _src_site_ads_por_tipo_dia.canal = 'Google'::text) AS g_c,
            sum(_src_site_ads_por_tipo_dia.receita) FILTER (WHERE _src_site_ads_por_tipo_dia.canal = 'Google'::text) AS g_r
           FROM _src_site_ads_por_tipo_dia
          WHERE _src_site_ads_por_tipo_dia.data >= ((( SELECT wk.cur_week
                   FROM wk)) - '56 days'::interval)
          GROUP BY (date_trunc('week'::text, _src_site_ads_por_tipo_dia.data::timestamp with time zone)::date)
        )
 SELECT to_char(g.semana::timestamp with time zone, 'DD/MM'::text) AS semana,
    g.semana AS semana_ini,
    g.semana = (( SELECT wk.cur_week
           FROM wk)) AS parcial,
    g.semana >= ((( SELECT wk.cur_week
           FROM wk)) - '14 days'::interval) AS ads_maturando,
    round(g.fat) AS faturamento,
    g.unid AS unidades,
    g.ped AS pedidos,
    round(g.ads) AS invest_ads,
    round(g.fat / NULLIF(g.ads, 0::numeric), 2) AS roas_total,
    round(100.0 * g.ads / NULLIF(g.fat, 0::numeric), 1) AS tacos_pct,
    round(fmt.meta_r / NULLIF(fmt.meta_c, 0::numeric), 2) AS roas_meta,
    round(fmt.g_r / NULLIF(fmt.g_c, 0::numeric), 2) AS roas_google
   FROM g
     LEFT JOIN fmt ON fmt.semana = g.semana
  WHERE g.fat > 100000::numeric OR g.semana = (( SELECT wk.cur_week
           FROM wk))
  ORDER BY g.semana;","vw_site_tendencia_semana"
"create or replace view public.vw_site_venda_midia_dia as
 SELECT data,
    fonte,
    campaign_id,
    campaign_name,
    tipo_raw,
    count(*) AS pedidos,
    round(sum(receita), 2) AS receita
   FROM vw_site_venda_midia_pedido
  GROUP BY data, fonte, campaign_id, campaign_name, tipo_raw;","vw_site_venda_midia_dia"
"create or replace view public.vw_site_venda_midia_pedido as
 WITH cfg AS (
         SELECT config_atribuicao_site.inicio
           FROM config_atribuicao_site
          WHERE config_atribuicao_site.chave = 'shopify_ultimo_clique'::text
        ), o AS (
         SELECT s.date AS data,
            s.order_id,
            max(s.order_total_price) AS receita,
            max(lower(COALESCE(s.order_customer_last_visit_utm_source, ''::text))) AS us,
            max(lower(COALESCE(s.order_customer_last_visit_utm_medium, ''::text))) AS um,
            max(s.order_customer_last_visit_utm_campaign) AS utm_campaign,
            max(s.order_customer_last_visit_utm_content) AS utm_content
           FROM stg_shopify_orders_item s
          WHERE COALESCE(s.order_test, false) = false AND s.order_cancelled_at IS NULL AND s.date >= (( SELECT cfg.inicio
                   FROM cfg))
          GROUP BY s.date, s.order_id
        ), c AS (
         SELECT o.data,
            o.order_id,
            o.receita,
            o.us,
            o.um,
            o.utm_campaign,
            o.utm_content,
                CASE
                    WHEN (o.us = ANY (ARRAY['google'::text, 'google ads'::text])) AND o.um = 'cpc'::text THEN 'Google'::text
                    WHEN (o.us = ANY (ARRAY['facebook'::text, 'fb'::text, 'instagram'::text, 'ig'::text, 'meta'::text, 'meta ads'::text])) AND (o.um = ANY (ARRAY['paid'::text, 'cpc'::text])) THEN 'Meta'::text
                    WHEN o.us = ''::text AND o.um = 'paid'::text THEN 'Meta'::text
                    ELSE NULL::text
                END AS fonte
           FROM o
        )
 SELECT c.data,
    c.order_id,
    c.fonte,
    c.receita,
    c.utm_campaign,
    c.utm_content,
    COALESCE(gc.campaign_id, mc.campaign_id) AS campaign_id,
    COALESCE(gc.campaign_name, mc.campaign_name) AS campaign_name,
    COALESCE(
        CASE
            WHEN c.fonte = 'Google'::text THEN gc.advertising_channel_type
            ELSE mc.objetivo
        END, 'UTM_SEM_CAMPANHA'::text) AS tipo_raw
   FROM c
     LEFT JOIN map_utm_campanha mp ON c.fonte = 'Google'::text AND mp.fonte = 'Google'::text AND mp.utm_campaign = c.utm_campaign
     LEFT JOIN dim_google_campanha gc ON gc.campaign_id = mp.campaign_id
     LEFT JOIN dim_meta_campanha mc ON c.fonte = 'Meta'::text AND mc.campaign_id = c.utm_campaign
  WHERE c.fonte IS NOT NULL;","vw_site_venda_midia_pedido"
"create or replace view public.vw_tiktok_ads_campanha_dia as
 SELECT data,
    campaign_id,
    COALESCE(campanha, '(sem nome)'::text) AS campanha,
        CASE
            WHEN campanha ~~* '%live%'::text THEN 'LIVE'::text
            WHEN campanha ~~* 'curva%'::text THEN 'Curva (guarda-chuva)'::text
            ELSE 'Produto'::text
        END AS tipo,
    count(DISTINCT product_id) AS produtos,
    round(sum(invest), 2) AS invest,
    round(sum(receita), 2) AS receita,
    sum(pedidos) AS pedidos,
    round(sum(receita) / NULLIF(sum(invest), 0::numeric), 2) AS roas,
    round(sum(invest) / NULLIF(sum(pedidos), 0)::numeric, 2) AS custo_por_pedido,
        CASE
            WHEN sum(invest) = 0::numeric THEN 'sem investimento'::text
            WHEN sum(pedidos) = 0 AND sum(invest) >= 50::numeric THEN 'CORTAR: gasto sem nenhum pedido'::text
            WHEN (sum(receita) / NULLIF(sum(invest), 0::numeric)) < 7::numeric AND sum(invest) >= 100::numeric THEN 'REVISAR: ROAS abaixo de 7 com investimento relevante'::text
            WHEN (sum(receita) / NULLIF(sum(invest), 0::numeric)) >= 12::numeric AND sum(invest) >= 50::numeric THEN 'ESCALAR: ROAS acima de 12'::text
            WHEN (sum(receita) / NULLIF(sum(invest), 0::numeric)) >= 10::numeric THEN 'na meta (ROAS >= 10)'::text
            ELSE 'monitorar'::text
        END AS sugestao
   FROM fact_tiktok_ads_dia a
  GROUP BY data, campaign_id, campanha, (
        CASE
            WHEN campanha ~~* '%live%'::text THEN 'LIVE'::text
            WHEN campanha ~~* 'curva%'::text THEN 'Curva (guarda-chuva)'::text
            ELSE 'Produto'::text
        END);","vw_tiktok_ads_campanha_dia"
"create or replace view public.vw_tiktok_ads_criativo_dia as
 SELECT k.data,
    k.campaign_id,
    COALESCE(c.campanha, '(sem nome)'::text) AS campanha,
    k.item_group_id AS product_id,
    COALESCE(p.product_name, '(produto)'::text) AS produto,
        CASE
            WHEN k.item_id = '-1'::text THEN '(agregado/outros)'::text
            ELSE k.item_id
        END AS item_id,
    k.item_id = '-1'::text AS agregado,
    k.invest,
    k.receita,
    k.pedidos,
    round(k.receita / NULLIF(k.invest, 0::numeric), 2) AS roas,
    round(k.invest / NULLIF(k.pedidos, 0)::numeric, 2) AS custo_por_pedido,
        CASE
            WHEN k.pedidos = 0 AND k.invest >= 10::numeric THEN 'CORTAR: gasto sem pedido'::text
            WHEN (k.receita / NULLIF(k.invest, 0::numeric)) < 5::numeric AND k.invest >= 30::numeric THEN 'REVISAR: ROAS baixo'::text
            WHEN (k.receita / NULLIF(k.invest, 0::numeric)) >= 12::numeric AND k.invest >= 15::numeric THEN 'ESCALAR: ROAS alto'::text
            ELSE 'monitorar'::text
        END AS sugestao
   FROM fact_tiktok_ads_criativo_dia k
     LEFT JOIN fact_tiktok_ads_campanha_gmv_dia c ON c.data = k.data AND c.campaign_id = k.campaign_id
     LEFT JOIN LATERAL ( SELECT i.product_name
           FROM tiktok_pedido_item i
          WHERE i.product_id = k.item_group_id
         LIMIT 1) p ON true
  WHERE k.invest > 0::numeric OR k.pedidos > 0;","vw_tiktok_ads_criativo_dia"
"create or replace view public.vw_tiktok_ads_gmv_campanha_dia as
 SELECT data,
    campaign_id,
    COALESCE(campanha, '(sem nome)'::text) AS campanha,
    tipo,
    invest,
    receita,
    pedidos,
    round(receita / NULLIF(invest, 0::numeric), 2) AS roas,
    roi,
    net_cost AS invest_liquido,
    round(invest / NULLIF(pedidos, 0)::numeric, 2) AS custo_por_pedido,
        CASE
            WHEN pedidos = 0 AND invest >= 20::numeric THEN 'CORTAR: gasto sem pedido'::text
            WHEN COALESCE(roi, receita / NULLIF(invest, 0::numeric)) < 7::numeric AND invest >= 50::numeric THEN 'REVISAR: ROAS baixo'::text
            WHEN COALESCE(roi, receita / NULLIF(invest, 0::numeric)) >= 12::numeric AND invest >= 20::numeric THEN 'ESCALAR: ROAS alto'::text
            ELSE 'monitorar'::text
        END AS sugestao
   FROM fact_tiktok_ads_campanha_gmv_dia c;","vw_tiktok_ads_gmv_campanha_dia"
"create or replace view public.vw_tiktok_ads_por_tipo_dia as
 SELECT data,
        CASE
            WHEN campanha ~~* '%live%'::text THEN 'LIVE'::text
            WHEN campanha ~~* 'curva%'::text THEN 'Curva (guarda-chuva)'::text
            ELSE 'Produto'::text
        END AS tipo,
    count(DISTINCT campaign_id) AS campanhas,
    count(DISTINCT product_id) AS produtos,
    round(sum(invest), 2) AS invest,
    round(sum(receita), 2) AS receita,
    sum(pedidos) AS pedidos,
    round(sum(receita) / NULLIF(sum(invest), 0::numeric), 2) AS roas,
    round(sum(invest) / NULLIF(sum(pedidos), 0)::numeric, 2) AS custo_por_pedido
   FROM fact_tiktok_ads_dia a
  GROUP BY data, (
        CASE
            WHEN campanha ~~* '%live%'::text THEN 'LIVE'::text
            WHEN campanha ~~* 'curva%'::text THEN 'Curva (guarda-chuva)'::text
            ELSE 'Produto'::text
        END);","vw_tiktok_ads_por_tipo_dia"
"create or replace view public.vw_tiktok_ads_produto_dia as
 SELECT a.data,
    a.product_id,
    a.campaign_id,
    COALESCE(a.campanha, '(sem nome)'::text) AS campanha,
    p.product_name AS produto,
    p.seller_sku,
    a.invest,
    a.receita,
    a.pedidos,
    a.roas,
    a.custo_por_pedido,
        CASE
            WHEN a.pedidos = 0 AND a.invest >= 20::numeric THEN 'CORTAR: gasto sem pedido'::text
            WHEN a.roas < 7::numeric AND a.invest >= 50::numeric THEN 'REVISAR: ROAS baixo'::text
            WHEN a.roas >= 12::numeric AND a.invest >= 20::numeric THEN 'ESCALAR: ROAS alto'::text
            ELSE 'monitorar'::text
        END AS sugestao
   FROM fact_tiktok_ads_dia a
     LEFT JOIN LATERAL ( SELECT i.product_name,
            i.seller_sku
           FROM tiktok_pedido_item i
          WHERE i.product_id = a.product_id
         LIMIT 1) p ON true;","vw_tiktok_ads_produto_dia"
"create or replace view public.vw_tiktok_afiliado_dia as
 WITH base AS (
         SELECT f.order_id,
            COALESCE(f.order_dia, p.create_dia) AS data,
            p.total_amount AS gmv,
            abs(COALESCE(f.comissao_afiliado, 0::numeric)) AS custo_afiliado,
            abs(COALESCE(f.comissao_afiliado_ads, 0::numeric)) AS custo_afiliado_ads,
            abs(COALESCE(f.comissao_parceiro, 0::numeric)) AS custo_parceiro,
            f.settlement,
            (abs(COALESCE(f.comissao_afiliado, 0::numeric)) + abs(COALESCE(f.comissao_afiliado_ads, 0::numeric)) + abs(COALESCE(f.comissao_parceiro, 0::numeric))) > 0::numeric AS tem_afiliado
           FROM fact_tiktok_financeiro f
             JOIN tiktok_pedido p ON p.order_id = f.order_id
          WHERE p.status <> 'CANCELLED'::text
        )
 SELECT data,
    count(*) AS pedidos_total,
    count(*) FILTER (WHERE tem_afiliado) AS pedidos_afiliado,
    round(100.0 * count(*) FILTER (WHERE tem_afiliado)::numeric / NULLIF(count(*), 0)::numeric, 2) AS pct_pedidos_afiliado,
    round(sum(gmv), 2) AS gmv_total,
    round(sum(gmv) FILTER (WHERE tem_afiliado), 2) AS gmv_afiliado,
    round(sum(custo_afiliado), 2) AS custo_afiliado,
    round(sum(custo_afiliado_ads), 2) AS custo_afiliado_ads,
    round(sum(custo_parceiro), 2) AS custo_parceiro,
    round(sum(custo_afiliado + custo_afiliado_ads + custo_parceiro), 2) AS custo_total,
    round(100.0 * sum(custo_afiliado + custo_afiliado_ads + custo_parceiro) / NULLIF(sum(gmv) FILTER (WHERE tem_afiliado), 0::numeric), 2) AS comissao_efetiva_pct,
    round(100.0 * sum(custo_afiliado + custo_afiliado_ads + custo_parceiro) / NULLIF(sum(gmv), 0::numeric), 2) AS custo_pct_gmv_total,
    round(avg(gmv) FILTER (WHERE tem_afiliado), 2) AS ticket_afiliado,
    round(avg(gmv) FILTER (WHERE NOT tem_afiliado), 2) AS ticket_sem_afiliado,
    round(100.0 * sum(settlement) FILTER (WHERE tem_afiliado) / NULLIF(sum(gmv) FILTER (WHERE tem_afiliado), 0::numeric), 2) AS margem_afiliado_pct,
    round(100.0 * sum(settlement) FILTER (WHERE NOT tem_afiliado) / NULLIF(sum(gmv) FILTER (WHERE NOT tem_afiliado), 0::numeric), 2) AS margem_sem_afiliado_pct
   FROM base
  GROUP BY data;","vw_tiktok_afiliado_dia"
"create or replace view public.vw_tiktok_afiliado_produto_dia as
 WITH ped AS (
         SELECT f.order_id,
            COALESCE(f.order_dia, p.create_dia) AS data,
            p.total_amount AS gmv_pedido,
            abs(COALESCE(f.comissao_afiliado, 0::numeric)) + abs(COALESCE(f.comissao_afiliado_ads, 0::numeric)) + abs(COALESCE(f.comissao_parceiro, 0::numeric)) AS custo_pedido
           FROM fact_tiktok_financeiro f
             JOIN tiktok_pedido p ON p.order_id = f.order_id
          WHERE p.status <> 'CANCELLED'::text
        ), item AS (
         SELECT pd.data,
            pd.order_id,
            pd.gmv_pedido,
            pd.custo_pedido,
            i.product_id,
            i.seller_sku,
            i.product_name,
            COALESCE(i.sale_price, 0::numeric) AS valor_item
           FROM ped pd
             JOIN tiktok_pedido_item i ON i.order_id = pd.order_id
        ), rateado AS (
         SELECT it.data,
            it.order_id,
            it.gmv_pedido,
            it.custo_pedido,
            it.product_id,
            it.seller_sku,
            it.product_name,
            it.valor_item,
            sum(it.valor_item) OVER (PARTITION BY it.order_id) AS valor_total_pedido,
                CASE
                    WHEN sum(it.valor_item) OVER (PARTITION BY it.order_id) > 0::numeric THEN it.custo_pedido * (it.valor_item / sum(it.valor_item) OVER (PARTITION BY it.order_id))
                    ELSE 0::numeric
                END AS custo_rateado,
                CASE
                    WHEN sum(it.valor_item) OVER (PARTITION BY it.order_id) > 0::numeric THEN it.gmv_pedido * (it.valor_item / sum(it.valor_item) OVER (PARTITION BY it.order_id))
                    ELSE 0::numeric
                END AS gmv_rateado
           FROM item it
        )
 SELECT data,
    seller_sku,
    max(product_name) AS produto,
    count(DISTINCT order_id) FILTER (WHERE custo_pedido > 0::numeric) AS pedidos_afiliado,
    count(DISTINCT order_id) AS pedidos_total,
    round(sum(gmv_rateado) FILTER (WHERE custo_pedido > 0::numeric), 2) AS gmv_afiliado,
    round(sum(gmv_rateado), 2) AS gmv_total,
    round(sum(custo_rateado), 2) AS custo_afiliado,
    round(100.0 * sum(custo_rateado) / NULLIF(sum(gmv_rateado) FILTER (WHERE custo_pedido > 0::numeric), 0::numeric), 2) AS comissao_efetiva_pct,
    round(100.0 * count(DISTINCT order_id) FILTER (WHERE custo_pedido > 0::numeric)::numeric / NULLIF(count(DISTINCT order_id), 0)::numeric, 2) AS pct_pedidos_via_afiliado
   FROM rateado
  GROUP BY data, seller_sku;","vw_tiktok_afiliado_produto_dia"
"create or replace view public.vw_tiktok_cadastro as
 SELECT p.product_id,
    p.titulo,
    p.status,
    p.marca,
    p.categoria,
    p.fotos,
    p.descricao_len,
    p.atributos,
    p.skus,
    p.preco_min,
    p.preco_max,
    p.estoque_total,
    p.skus_sem_estoque,
    p.health,
    p.faltas,
    p.seller_skus,
    COALESCE(v.gmv_28d, 0::numeric) AS gmv_28d,
    COALESCE(v.unidades_28d, 0::bigint) AS unidades_28d,
        CASE
            WHEN p.health >= 0.9 THEN 'completo'::text
            WHEN COALESCE(v.gmv_28d, 0::numeric) > 5000::numeric AND p.health < 0.7 THEN 'PRIORIDADE: vende muito com cadastro fraco'::text
            WHEN p.fotos < 5 THEN 'ADICIONAR FOTOS'::text
            WHEN p.atributos < 5 THEN 'PREENCHER FICHA TECNICA'::text
            WHEN p.descricao_len < 500 THEN 'MELHORAR DESCRICAO'::text
            ELSE 'monitorar'::text
        END AS sugestao
   FROM dim_tiktok_produto p
     LEFT JOIN LATERAL ( SELECT sum(f.gmv) AS gmv_28d,
            sum(f.unidades) AS unidades_28d
           FROM fact_tiktok_produto_perf_dia f
          WHERE f.produto_id = p.product_id AND f.data >= ((now() AT TIME ZONE 'America/Sao_Paulo'::text)::date - 27)) v ON true;","vw_tiktok_cadastro"
"create or replace view public.vw_tiktok_conteudo_dia as
 SELECT data,
    gmv,
    pedidos,
    unidades,
    compradores,
    ticket_medio,
    visitantes,
    pageviews,
    impressoes,
    round(100.0 * pedidos::numeric / NULLIF(visitantes, 0)::numeric, 2) AS conversao_pct,
    conversao_pct AS conversao_pct_api,
    gmv_live,
    gmv_video,
    gmv_card,
    round(100.0 * gmv_live / NULLIF(gmv, 0::numeric), 1) AS share_live_pct,
    round(100.0 * gmv_video / NULLIF(gmv, 0::numeric), 1) AS share_video_pct,
    round(100.0 * gmv_card / NULLIF(gmv, 0::numeric), 1) AS share_card_pct,
    devolucoes,
    cancelamentos,
        CASE
            WHEN (gmv_video / NULLIF(gmv, 0::numeric)) > 0.6 THEN 'VIDEO domina: manter volume de conteudo'::text
            WHEN (gmv_live / NULLIF(gmv, 0::numeric)) > 0.25 THEN 'LIVE relevante: avaliar mais transmissoes'::text
            WHEN (gmv_card / NULLIF(gmv, 0::numeric)) > 0.4 THEN 'CARD alto: trafego chega pela loja, conteudo fraco'::text
            ELSE 'mix equilibrado'::text
        END AS sugestao
   FROM fact_tiktok_conteudo_dia;","vw_tiktok_conteudo_dia"
"create or replace view public.vw_tiktok_criador as
 SELECT criador,
    count(*) AS videos,
    count(DISTINCT data) AS dias_ativos,
    sum(views) AS views,
    round(sum(gmv)) AS gmv,
    sum(sku_orders) AS pedidos,
    sum(unidades) AS unidades,
    round(sum(gmv) / NULLIF(sum(views), 0)::numeric * 1000::numeric, 2) AS gpm,
    round(100::numeric * sum(ctr * views::numeric) / NULLIF(sum(views), 0)::numeric, 2) AS ctr,
    max(data) AS ultimo_dia,
        CASE
            WHEN (sum(gmv) / NULLIF(sum(views), 0)::numeric * 1000::numeric) >= 500::numeric AND sum(views) >= 20000 THEN 'PARCEIRO CHAVE: alto GPM e alcance'::text
            WHEN (sum(gmv) / NULLIF(sum(views), 0)::numeric * 1000::numeric) >= 500::numeric THEN 'ESCALAR: converte bem, falta alcance'::text
            WHEN sum(views) >= 100000 AND (sum(gmv) / NULLIF(sum(views), 0)::numeric * 1000::numeric) < 100::numeric THEN 'REVISAR: alcance sem conversao'::text
            ELSE 'monitorar'::text
        END AS sugestao
   FROM fact_tiktok_video_dia
  WHERE criador IS NOT NULL
  GROUP BY criador;","vw_tiktok_criador"
"create or replace view public.vw_tiktok_devolucao_dia as
 SELECT dia AS data,
    count(*) AS devolucoes,
    count(DISTINCT order_id) AS pedidos,
    round(sum(valor_reembolso)) AS valor_reembolso,
    count(*) FILTER (WHERE status ~~* '%complet%'::text) AS concluidas,
    mode() WITHIN GROUP (ORDER BY motivo) AS motivo_principal
   FROM fact_tiktok_devolucao
  WHERE dia IS NOT NULL
  GROUP BY dia;","vw_tiktok_devolucao_dia"
"create or replace view public.vw_tiktok_estoque as
 SELECT e.seller_sku,
    e.product_id,
    e.titulo,
    e.preco,
    e.quantidade,
    COALESCE(v.un_28d, 0::numeric) AS vendas_28d,
    round(COALESCE(v.un_28d, 0::numeric) / 28.0, 2) AS media_dia,
        CASE
            WHEN COALESCE(v.un_28d, 0::numeric) > 0::numeric THEN round(e.quantidade::numeric / (COALESCE(v.un_28d, 0::numeric) / 28.0), 1)
            ELSE NULL::numeric
        END AS cobertura_dias,
        CASE
            WHEN e.quantidade = 0 AND COALESCE(v.un_28d, 0::numeric) > 0::numeric THEN 'RUPTURADO: vende e esta zerado'::text
            WHEN COALESCE(v.un_28d, 0::numeric) = 0::numeric THEN 'sem venda'::text
            WHEN (e.quantidade::numeric / NULLIF(COALESCE(v.un_28d, 0::numeric) / 28.0, 0::numeric)) < 7::numeric THEN 'CRITICO: menos de 7 dias'::text
            WHEN (e.quantidade::numeric / NULLIF(COALESCE(v.un_28d, 0::numeric) / 28.0, 0::numeric)) < 15::numeric THEN 'ATENCAO: menos de 15 dias'::text
            WHEN (e.quantidade::numeric / NULLIF(COALESCE(v.un_28d, 0::numeric) / 28.0, 0::numeric)) > 60::numeric THEN 'EXCEDENTE: mais de 60 dias'::text
            ELSE 'ok'::text
        END AS alerta
   FROM dim_tiktok_estoque e
     LEFT JOIN ( SELECT pi.seller_sku,
            count(*)::numeric AS un_28d
           FROM tiktok_pedido_item pi
             JOIN tiktok_pedido pd ON pd.order_id = pi.order_id
          WHERE pd.status <> 'CANCELLED'::text AND pi.create_dia >= ((now() AT TIME ZONE 'America/Sao_Paulo'::text)::date - 27)
          GROUP BY pi.seller_sku) v ON v.seller_sku = e.seller_sku
  WHERE e.seller_sku IS NOT NULL;","vw_tiktok_estoque"
"create or replace view public.vw_tiktok_frete_dia as
 WITH base AS (
         SELECT p.create_dia AS data,
            COALESCE(NULLIF(p.shipping_provider, ''::text), 'sem transportadora'::text) AS transportadora,
            COALESCE(NULLIF(p.delivery_type, ''::text), 'nao informado'::text) AS tipo_entrega,
            COALESCE(NULLIF(p.fulfillment_type, ''::text), 'nao informado'::text) AS fulfillment,
            p.order_id,
            p.status,
            p.total_amount,
            p.shipping_fee,
            p.shipping_fee_platform_discount
           FROM tiktok_pedido p
          WHERE COALESCE(p.is_sample_order, false) = false
        ), itens AS (
         SELECT b_1.data,
            b_1.transportadora,
            count(*) AS unidades,
            count(DISTINCT i_1.product_id) AS produtos
           FROM base b_1
             JOIN tiktok_pedido_item i_1 ON i_1.order_id = b_1.order_id
          WHERE b_1.status <> 'CANCELLED'::text
          GROUP BY b_1.data, b_1.transportadora
        ), fin AS (
         SELECT b_1.data,
            b_1.transportadora,
            round(sum(f_1.comissao_plataforma), 2) AS comissao,
            round(sum(f_1.comissao_afiliado), 2) AS afiliados,
            round(sum(f_1.frete_custo), 2) AS frete_custo,
            count(*) AS pedidos_com_financeiro
           FROM base b_1
             JOIN fact_tiktok_financeiro f_1 ON f_1.order_id = b_1.order_id
          GROUP BY b_1.data, b_1.transportadora
        )
 SELECT b.data,
    b.transportadora,
    max(b.tipo_entrega) AS tipo_entrega,
    max(b.fulfillment) AS fulfillment,
    count(*) FILTER (WHERE b.status <> 'CANCELLED'::text) AS pedidos,
    COALESCE(i.unidades, 0::bigint) AS unidades,
    round(sum(b.total_amount) FILTER (WHERE b.status <> 'CANCELLED'::text), 2) AS receita,
    round(sum(b.shipping_fee) FILTER (WHERE b.status <> 'CANCELLED'::text), 2) AS frete_cobrado,
    round(sum(b.shipping_fee_platform_discount) FILTER (WHERE b.status <> 'CANCELLED'::text), 2) AS frete_subsidiado,
    round(avg(b.total_amount) FILTER (WHERE b.status <> 'CANCELLED'::text), 2) AS ticket_medio,
    round(sum(b.total_amount) FILTER (WHERE b.status <> 'CANCELLED'::text) / NULLIF(COALESCE(i.unidades, 0::bigint), 0)::numeric, 2) AS preco_medio,
    round(COALESCE(i.unidades, 0::bigint)::numeric / NULLIF(count(*) FILTER (WHERE b.status <> 'CANCELLED'::text), 0)::numeric, 2) AS unid_por_pedido,
    COALESCE(i.produtos, 0::bigint) AS produtos,
    count(*) FILTER (WHERE b.status = 'CANCELLED'::text) AS cancelados,
    round(sum(b.total_amount) FILTER (WHERE b.status = 'CANCELLED'::text), 2) AS faturamento_cancelado,
    round(100.0 * count(*) FILTER (WHERE b.status = 'CANCELLED'::text)::numeric / NULLIF(count(*), 0)::numeric, 2) AS cancelamento_pct,
    f.comissao,
    f.afiliados,
    f.frete_custo,
    round(100.0 * COALESCE(f.pedidos_com_financeiro, 0::bigint)::numeric / NULLIF(count(*), 0)::numeric, 2) AS cobertura_financeiro_pct
   FROM base b
     LEFT JOIN itens i ON i.data = b.data AND i.transportadora = b.transportadora
     LEFT JOIN fin f ON f.data = b.data AND f.transportadora = b.transportadora
  GROUP BY b.data, b.transportadora, i.unidades, i.produtos, f.comissao, f.afiliados, f.frete_custo, f.pedidos_com_financeiro;","vw_tiktok_frete_dia"
"create or replace view public.vw_tiktok_geral_dia as
 WITH orig AS (
         SELECT tiktok_pedido.create_dia AS data,
            sum(tiktok_pedido.original_total_product_price) AS preco_original
           FROM tiktok_pedido
          WHERE tiktok_pedido.status <> 'CANCELLED'::text AND COALESCE(tiktok_pedido.is_sample_order, false) = false
          GROUP BY tiktok_pedido.create_dia
        )
 SELECT f.data,
    f.pedidos,
    f.unidades,
    f.faturamento,
    f.ticket_medio,
    f.sub_total,
    f.frete_cobrado,
    f.desconto_plataforma,
    f.desconto_vendedor,
    o.preco_original,
    round(100.0 * f.desconto_vendedor / NULLIF(o.preco_original, 0::numeric), 1) AS desconto_vendedor_pct,
    f.pedidos_cancelados,
    f.taxa_cancelamento_pct,
    f.clientes_unicos,
    round(f.unidades::numeric / NULLIF(f.pedidos, 0)::numeric, 2) AS unidades_por_pedido,
        CASE
            WHEN f.taxa_cancelamento_pct > 20::numeric THEN 'ATENCAO: cancelamento acima de 20%'::text
            WHEN (100.0 * f.desconto_vendedor / NULLIF(o.preco_original, 0::numeric)) > 60::numeric THEN 'desconto medio acima de 60% do preco de tabela'::text
            ELSE 'normal'::text
        END AS sugestao
   FROM fact_tiktok_venda_dia f
     LEFT JOIN orig o ON o.data = f.data;","vw_tiktok_geral_dia"
"create or replace view public.vw_tiktok_margem_dia as
 SELECT f.statement_dia AS data,
    count(*) AS pedidos,
    round(sum(p.total_amount)) AS receita_bruta,
    round(sum(f.receita_bruta)) AS receita_statement_api,
    round(sum(f.settlement)) AS settlement,
    round(sum(f.taxas_total)) AS taxas,
    round(sum(f.comissao_afiliado + f.comissao_afiliado_ads + f.comissao_parceiro)) AS comissao_afiliados,
    round(sum(f.comissao_plataforma)) AS comissao_plataforma,
    round(sum(f.imposto)) AS imposto,
    round(sum(f.reembolso)) AS reembolso,
    round(100.0 * sum(f.settlement) / NULLIF(sum(p.total_amount), 0::numeric), 1) AS margem_pct,
    round(100.0 * sum(f.taxas_total) / NULLIF(sum(p.total_amount), 0::numeric), 1) AS taxa_pct,
        CASE
            WHEN (100.0 * sum(f.settlement) / NULLIF(sum(p.total_amount), 0::numeric)) < 55::numeric THEN 'ATENCAO: margem liquida abaixo de 55%'::text
            WHEN (100.0 * sum(f.settlement) / NULLIF(sum(p.total_amount), 0::numeric)) >= 70::numeric THEN 'saudavel'::text
            ELSE 'monitorar'::text
        END AS sugestao
   FROM fact_tiktok_financeiro f
     JOIN tiktok_pedido p ON p.order_id = f.order_id
  WHERE f.statement_dia IS NOT NULL
  GROUP BY f.statement_dia;","vw_tiktok_margem_dia"
"create or replace view public.vw_tiktok_produto_dia as
 SELECT p.data,
    p.seller_sku,
    p.produto,
    p.sku_name,
    p.product_id,
    p.pedidos,
    p.unidades,
    p.receita,
    p.preco_medio,
    p.desconto_plataforma,
    p.desconto_vendedor,
    round(100.0 * p.desconto_vendedor / NULLIF(p.receita + p.desconto_vendedor, 0::numeric), 2) AS desconto_vendedor_pct,
    s.sku IS NOT NULL AS existe_shopify,
    a.sku IS NOT NULL AS existe_amazon,
    m.seller_sku IS NOT NULL AS existe_ml,
        CASE
            WHEN p.desconto_vendedor > (p.receita * 0.30) THEN 'Desconto do vendedor acima de 30% da receita - checar margem real'::text
            WHEN s.sku IS NULL AND a.sku IS NULL AND m.seller_sku IS NULL THEN 'SKU nao encontrado nos outros canais - conferir cadastro'::text
            ELSE 'Ok'::text
        END AS sugestao
   FROM fact_tiktok_venda_produto_dia p
     LEFT JOIN dim_shopify_produto s ON s.sku = p.seller_sku
     LEFT JOIN dim_amazon_reposicao a ON a.sku = p.seller_sku
     LEFT JOIN dim_ml_produto m ON m.seller_sku = p.seller_sku;","vw_tiktok_produto_dia"
"create or replace view public.vw_tiktok_produto_mudancas as
 SELECT h.mudou_em,
    h.product_id,
    p.titulo,
    h.campo,
    h.valor_antigo,
    h.valor_novo
   FROM tiktok_produto_hist h
     LEFT JOIN dim_tiktok_produto p ON p.product_id = h.product_id;","vw_tiktok_produto_mudancas"
"create or replace view public.vw_tiktok_video_dia as
 SELECT data,
    video_id,
    criador,
    titulo,
    publicado_em,
    views,
    round(100::numeric * ctr, 2) AS ctr,
    gmv,
    gpm,
    sku_orders AS pedidos,
    unidades,
    produto_nome AS produto,
        CASE
            WHEN gpm >= 500::numeric AND views >= 5000 THEN 'ESCALAR: GPM alto com volume'::text
            WHEN gpm >= 500::numeric THEN 'PROMISSOR: GPM alto, pouco alcance - impulsionar'::text
            WHEN views >= 50000 AND gpm < 100::numeric THEN 'REVISAR: muito alcance, pouca venda'::text
            ELSE 'monitorar'::text
        END AS sugestao
   FROM fact_tiktok_video_dia v;","vw_tiktok_video_dia"
"create or replace view public.vw_ttk_ads_campanha as
 SELECT campaign_id,
    campanha,
    tipo,
    round(sum(invest)) AS invest,
    round(sum(receita)) AS receita,
    sum(pedidos) AS pedidos,
    round(sum(receita) / NULLIF(sum(invest), 0::numeric), 2) AS roas,
    round(sum(invest) / NULLIF(sum(pedidos), 0::numeric), 2) AS custo_por_pedido,
        CASE
            WHEN sum(pedidos) = 0::numeric AND sum(invest) >= 100::numeric THEN 'CORTAR: gasto sem pedido'::text
            WHEN (sum(receita) / NULLIF(sum(invest), 0::numeric)) < 7::numeric AND sum(invest) >= 500::numeric THEN 'REVISAR: ROAS baixo com verba relevante'::text
            WHEN (sum(receita) / NULLIF(sum(invest), 0::numeric)) >= 12::numeric AND sum(invest) >= 200::numeric THEN 'ESCALAR: ROAS alto'::text
            ELSE 'monitorar'::text
        END AS sugestao
   FROM vw_tiktok_ads_campanha_dia
  WHERE data >= ((now() AT TIME ZONE 'America/Sao_Paulo'::text)::date - 29)
  GROUP BY campaign_id, campanha, tipo
 HAVING sum(invest) > 0::numeric
  ORDER BY (sum(invest)) DESC;","vw_ttk_ads_campanha"
"create or replace view public.vw_ttk_ads_resumo as
 SELECT tipo,
    round(sum(invest)) AS invest,
    round(sum(receita)) AS receita,
    sum(pedidos) AS pedidos,
    round(sum(receita) / NULLIF(sum(invest), 0::numeric), 2) AS roas,
    round(100.0 * sum(invest) / sum(sum(invest)) OVER (), 1) AS share_invest_pct,
    round(sum(invest) / NULLIF(sum(pedidos), 0::numeric), 2) AS custo_por_pedido,
        CASE
            WHEN (sum(receita) / NULLIF(sum(invest), 0::numeric)) >= 12::numeric THEN 'ESCALAR: ROAS acima de 12'::text
            WHEN (sum(receita) / NULLIF(sum(invest), 0::numeric)) < 7::numeric THEN 'REVISAR: ROAS abaixo de 7'::text
            ELSE 'na meta'::text
        END AS sugestao
   FROM vw_tiktok_ads_por_tipo_dia
  WHERE data >= ((now() AT TIME ZONE 'America/Sao_Paulo'::text)::date - 29)
  GROUP BY tipo;","vw_ttk_ads_resumo"
"create or replace view public.vw_ttk_cadastro_resumo as
 SELECT
        CASE
            WHEN health >= 0.9 THEN '1. Completo (>=0,9)'::text
            WHEN health >= 0.7 THEN '2. Bom (0,7-0,9)'::text
            WHEN health >= 0.5 THEN '3. Fraco (0,5-0,7)'::text
            ELSE '4. Critico (<0,5)'::text
        END AS faixa,
    count(*) AS produtos,
    round(avg(fotos), 1) AS fotos_media,
    round(avg(atributos), 1) AS atributos_media,
    count(*) FILTER (WHERE fotos < 5) AS sem_5_fotos,
    count(*) FILTER (WHERE atributos < 5) AS sem_5_atributos,
    count(*) FILTER (WHERE descricao_len < 500) AS descricao_curta,
    'Priorizar os que mais vendem dentro da faixa'::text AS sugestao
   FROM dim_tiktok_produto
  GROUP BY (
        CASE
            WHEN health >= 0.9 THEN '1. Completo (>=0,9)'::text
            WHEN health >= 0.7 THEN '2. Bom (0,7-0,9)'::text
            WHEN health >= 0.5 THEN '3. Fraco (0,5-0,7)'::text
            ELSE '4. Critico (<0,5)'::text
        END)
  ORDER BY (
        CASE
            WHEN health >= 0.9 THEN '1. Completo (>=0,9)'::text
            WHEN health >= 0.7 THEN '2. Bom (0,7-0,9)'::text
            WHEN health >= 0.5 THEN '3. Fraco (0,5-0,7)'::text
            ELSE '4. Critico (<0,5)'::text
        END);","vw_ttk_cadastro_resumo"
"create or replace view public.vw_ttk_cancelamentos as
 SELECT COALESCE(ini, '(nao informado)'::text) AS iniciador,
    COALESCE(mot, '(sem motivo)'::text) AS motivo,
    pedidos,
    valor_perdido,
    round(100.0 * pedidos::numeric / sum(pedidos) OVER (), 1) AS share_pct,
        CASE
            WHEN ini ~~* '%seller%'::text THEN 'ACAO INTERNA: cancelamento nosso, ver estoque e prazo'::text
            WHEN ini ~~* '%buyer%'::text THEN 'Comportamento do comprador: revisar expectativa e prazo'::text
            WHEN ini ~~* '%system%'::text OR ini ~~* '%platform%'::text THEN 'Plataforma: pagamento nao confirmado'::text
            ELSE 'investigar'::text
        END AS sugestao
   FROM ( SELECT tiktok_pedido.cancellation_initiator AS ini,
            tiktok_pedido.cancel_reason AS mot,
            count(*) AS pedidos,
            round(sum(tiktok_pedido.total_amount)) AS valor_perdido
           FROM tiktok_pedido
          WHERE tiktok_pedido.status = 'CANCELLED'::text AND tiktok_pedido.create_dia >= ((now() AT TIME ZONE 'America/Sao_Paulo'::text)::date - 29)
          GROUP BY tiktok_pedido.cancellation_initiator, tiktok_pedido.cancel_reason
          ORDER BY (count(*)) DESC
         LIMIT 40) z;","vw_ttk_cancelamentos"
"create or replace view public.vw_ttk_conteudo_resumo as
 SELECT 'VIDEO'::text AS origem,
    round(sum(fact_tiktok_conteudo_dia.gmv_video)) AS gmv,
    sum(fact_tiktok_conteudo_dia.visit_video) AS visitantes,
    sum(fact_tiktok_conteudo_dia.compradores_video) AS compradores,
    sum(fact_tiktok_conteudo_dia.impressoes_video) AS impressoes,
    round(100.0 * sum(fact_tiktok_conteudo_dia.compradores_video)::numeric / NULLIF(sum(fact_tiktok_conteudo_dia.visit_video), 0)::numeric, 2) AS conversao_pct,
    round(100.0 * sum(fact_tiktok_conteudo_dia.gmv_video) / NULLIF(sum(fact_tiktok_conteudo_dia.gmv), 0::numeric), 1) AS share_pct,
    'Motor organico: manter cadencia de conteudo'::text AS sugestao
   FROM fact_tiktok_conteudo_dia
  WHERE fact_tiktok_conteudo_dia.data >= ((now() AT TIME ZONE 'America/Sao_Paulo'::text)::date - 29)
UNION ALL
 SELECT 'LIVE'::text AS origem,
    round(sum(fact_tiktok_conteudo_dia.gmv_live)) AS gmv,
    sum(fact_tiktok_conteudo_dia.visit_live) AS visitantes,
    sum(fact_tiktok_conteudo_dia.compradores_live) AS compradores,
    sum(fact_tiktok_conteudo_dia.impressoes_live) AS impressoes,
    round(100.0 * sum(fact_tiktok_conteudo_dia.compradores_live)::numeric / NULLIF(sum(fact_tiktok_conteudo_dia.visit_live), 0)::numeric, 2) AS conversao_pct,
    round(100.0 * sum(fact_tiktok_conteudo_dia.gmv_live) / NULLIF(sum(fact_tiktok_conteudo_dia.gmv), 0::numeric), 1) AS share_pct,
    'Avaliar frequencia e duracao das transmissoes'::text AS sugestao
   FROM fact_tiktok_conteudo_dia
  WHERE fact_tiktok_conteudo_dia.data >= ((now() AT TIME ZONE 'America/Sao_Paulo'::text)::date - 29)
UNION ALL
 SELECT 'PRODUCT_CARD'::text AS origem,
    round(sum(fact_tiktok_conteudo_dia.gmv_card)) AS gmv,
    sum(fact_tiktok_conteudo_dia.visit_card) AS visitantes,
    sum(fact_tiktok_conteudo_dia.compradores_card) AS compradores,
    sum(fact_tiktok_conteudo_dia.impressoes_card) AS impressoes,
    round(100.0 * sum(fact_tiktok_conteudo_dia.compradores_card)::numeric / NULLIF(sum(fact_tiktok_conteudo_dia.visit_card), 0)::numeric, 2) AS conversao_pct,
    round(100.0 * sum(fact_tiktok_conteudo_dia.gmv_card) / NULLIF(sum(fact_tiktok_conteudo_dia.gmv), 0::numeric), 1) AS share_pct,
    'Trafego que chega direto na loja'::text AS sugestao
   FROM fact_tiktok_conteudo_dia
  WHERE fact_tiktok_conteudo_dia.data >= ((now() AT TIME ZONE 'America/Sao_Paulo'::text)::date - 29);","vw_ttk_conteudo_resumo"
"create or replace view public.vw_ttk_criadores_top as
 SELECT criador,
    count(DISTINCT video_id) AS videos,
    sum(views) AS views,
    round(sum(gmv)) AS gmv,
    sum(unidades) AS unidades,
    round(sum(gmv) / NULLIF(sum(views), 0)::numeric * 1000::numeric, 2) AS gpm,
    round(100::numeric * sum(ctr * views::numeric) / NULLIF(sum(views), 0)::numeric, 2) AS ctr,
    max(data) AS ultimo_dia,
        CASE
            WHEN (sum(gmv) / NULLIF(sum(views), 0)::numeric * 1000::numeric) >= 500::numeric AND sum(views) >= 20000 THEN 'PARCEIRO CHAVE: alto GPM e alcance'::text
            WHEN (sum(gmv) / NULLIF(sum(views), 0)::numeric * 1000::numeric) >= 500::numeric THEN 'ESCALAR: converte bem, falta alcance'::text
            WHEN sum(views) >= 100000 AND (sum(gmv) / NULLIF(sum(views), 0)::numeric * 1000::numeric) < 100::numeric THEN 'REVISAR: alcance sem conversao'::text
            ELSE 'monitorar'::text
        END AS sugestao
   FROM fact_tiktok_video_dia
  WHERE data >= ((now() AT TIME ZONE 'America/Sao_Paulo'::text)::date - 29) AND criador IS NOT NULL
  GROUP BY criador
 HAVING sum(gmv) > 0::numeric
  ORDER BY (sum(gmv)) DESC
 LIMIT 60;","vw_ttk_criadores_top"
"create or replace view public.vw_ttk_estoque_resumo as
 SELECT alerta,
    count(*) AS skus,
    sum(quantidade) AS unidades,
    round(sum(vendas_28d)) AS vendas_28d,
        CASE alerta
            WHEN 'RUPTURADO: vende e esta zerado'::text THEN 'URGENTE: repor imediatamente'::text
            WHEN 'CRITICO: menos de 7 dias'::text THEN 'Repor esta semana'::text
            WHEN 'ATENCAO: menos de 15 dias'::text THEN 'Programar reposicao'::text
            WHEN 'EXCEDENTE: mais de 60 dias'::text THEN 'Capital parado: avaliar promocao'::text
            ELSE 'sem acao'::text
        END AS sugestao
   FROM vw_tiktok_estoque
  GROUP BY alerta;","vw_ttk_estoque_resumo"
"create or replace view public.vw_ttk_kpis as
 WITH p AS (
         SELECT sum(fact_tiktok_venda_dia.faturamento) AS fat,
            sum(fact_tiktok_venda_dia.pedidos) AS ped,
            sum(fact_tiktok_venda_dia.unidades) AS un,
            sum(fact_tiktok_venda_dia.clientes_unicos) AS cli,
            sum(fact_tiktok_venda_dia.pedidos_cancelados) AS canc,
            sum(fact_tiktok_venda_dia.faturamento_cancelado) AS fat_canc,
            sum(fact_tiktok_venda_dia.amostras_pedidos) AS amostras
           FROM fact_tiktok_venda_dia
          WHERE fact_tiktok_venda_dia.data >= ((now() AT TIME ZONE 'America/Sao_Paulo'::text)::date - 29)
        ), a AS (
         SELECT sum(fact_tiktok_ads_total_dia.invest) AS inv,
            sum(fact_tiktok_ads_total_dia.receita) AS rec,
            sum(fact_tiktok_ads_total_dia.pedidos) AS ped
           FROM fact_tiktok_ads_total_dia
          WHERE fact_tiktok_ads_total_dia.data >= ((now() AT TIME ZONE 'America/Sao_Paulo'::text)::date - 29)
        ), c AS (
         SELECT sum(fact_tiktok_conteudo_dia.gmv_live) AS live,
            sum(fact_tiktok_conteudo_dia.gmv_video) AS vid,
            sum(fact_tiktok_conteudo_dia.gmv_card) AS card,
            sum(fact_tiktok_conteudo_dia.visitantes) AS vis,
            sum(fact_tiktok_conteudo_dia.compradores) AS comp
           FROM fact_tiktok_conteudo_dia
          WHERE fact_tiktok_conteudo_dia.data >= ((now() AT TIME ZONE 'America/Sao_Paulo'::text)::date - 29)
        ), f AS (
         SELECT sum(fact_tiktok_financeiro.receita_bruta) AS bruta,
            sum(fact_tiktok_financeiro.settlement) AS liq,
            sum(fact_tiktok_financeiro.taxas_total) AS tx,
            sum(fact_tiktok_financeiro.comissao_afiliado + fact_tiktok_financeiro.comissao_afiliado_ads + fact_tiktok_financeiro.comissao_parceiro) AS afil
           FROM fact_tiktok_financeiro
        )
 SELECT 1 AS ord,
    'Faturamento'::text AS metrica,
    'R$ '::text || to_char(p.fat, 'FM999G999G999'::text) AS valor,
    NULL::text AS meta,
    'Vendas liquidas (sem cancelados/amostras)'::text AS sugestao
   FROM p
UNION ALL
 SELECT 2 AS ord,
    'Pedidos'::text AS metrica,
    to_char(p.ped, 'FM999G999'::text) AS valor,
    NULL::text AS meta,
    ''::text AS sugestao
   FROM p
UNION ALL
 SELECT 3 AS ord,
    'Unidades'::text AS metrica,
    to_char(p.un, 'FM999G999'::text) AS valor,
    NULL::text AS meta,
    ''::text AS sugestao
   FROM p
UNION ALL
 SELECT 4 AS ord,
    'Ticket medio'::text AS metrica,
    'R$ '::text || to_char(round(p.fat / NULLIF(p.ped, 0)::numeric, 2), 'FM999G990D00'::text) AS valor,
    NULL::text AS meta,
    ''::text AS sugestao
   FROM p
UNION ALL
 SELECT 5 AS ord,
    'Clientes unicos'::text AS metrica,
    to_char(p.cli, 'FM999G999'::text) AS valor,
    NULL::text AS meta,
    'Por CPF'::text AS sugestao
   FROM p
UNION ALL
 SELECT 6 AS ord,
    'Taxa de cancelamento'::text AS metrica,
    to_char(round(100.0 * p.canc::numeric / NULLIF(p.ped + p.canc, 0)::numeric, 1), 'FM990D0'::text) || '%'::text AS valor,
    '<10%'::text AS meta,
    ('R$ '::text || to_char(p.fat_canc, 'FM999G999'::text)) || ' perdidos'::text AS sugestao
   FROM p
UNION ALL
 SELECT 7 AS ord,
    'Investimento ads'::text AS metrica,
    'R$ '::text || to_char(a.inv, 'FM999G999'::text) AS valor,
    NULL::text AS meta,
    'GMV Max'::text AS sugestao
   FROM a
UNION ALL
 SELECT 8 AS ord,
    'ROAS Total'::text AS metrica,
    to_char(round(p.fat / NULLIF(a.inv, 0::numeric), 2), 'FM990D00'::text) AS valor,
    '10,00'::text AS meta,
    'Faturamento / ads'::text AS sugestao
   FROM p,
    a
UNION ALL
 SELECT 9 AS ord,
    'TACoS'::text AS metrica,
    to_char(round(100.0 * a.inv / NULLIF(p.fat, 0::numeric), 1), 'FM990D0'::text) || '%'::text AS valor,
    '<=10%'::text AS meta,
    'Ads sobre faturamento'::text AS sugestao
   FROM p,
    a
UNION ALL
 SELECT 10 AS ord,
    'Visitantes'::text AS metrica,
    to_char(c.vis, 'FM999G999'::text) AS valor,
    NULL::text AS meta,
    'Paginas de produto'::text AS sugestao
   FROM c
UNION ALL
 SELECT 11 AS ord,
    'Conversao'::text AS metrica,
    to_char(round(100.0 * c.comp::numeric / NULLIF(c.vis, 0)::numeric, 2), 'FM990D00'::text) || '%'::text AS valor,
    NULL::text AS meta,
    'Compradores por visitante'::text AS sugestao
   FROM c
UNION ALL
 SELECT 12 AS ord,
    'GMV por VIDEO'::text AS metrica,
    ((('R$ '::text || to_char(c.vid, 'FM999G999'::text)) || ' ('::text) || to_char(round(100.0 * c.vid / NULLIF(c.live + c.vid + c.card, 0::numeric)), 'FM990'::text)) || '%)'::text AS valor,
    NULL::text AS meta,
    'Conteudo organico'::text AS sugestao
   FROM c
UNION ALL
 SELECT 13 AS ord,
    'GMV por LIVE'::text AS metrica,
    ((('R$ '::text || to_char(c.live, 'FM999G999'::text)) || ' ('::text) || to_char(round(100.0 * c.live / NULLIF(c.live + c.vid + c.card, 0::numeric)), 'FM990'::text)) || '%)'::text AS valor,
    NULL::text AS meta,
    'Transmissoes'::text AS sugestao
   FROM c
UNION ALL
 SELECT 14 AS ord,
    'GMV por PRODUCT CARD'::text AS metrica,
    ((('R$ '::text || to_char(c.card, 'FM999G999'::text)) || ' ('::text) || to_char(round(100.0 * c.card / NULLIF(c.live + c.vid + c.card, 0::numeric)), 'FM990'::text)) || '%)'::text AS valor,
    NULL::text AS meta,
    'Vitrine da loja'::text AS sugestao
   FROM c
UNION ALL
 SELECT 15 AS ord,
    'Margem liquida'::text AS metrica,
    to_char(round(100.0 * f.liq / NULLIF(f.bruta, 0::numeric), 1), 'FM990D0'::text) || '%'::text AS valor,
    NULL::text AS meta,
    'Settlement / receita bruta (extratos)'::text AS sugestao
   FROM f
UNION ALL
 SELECT 16 AS ord,
    'Comissao de afiliados'::text AS metrica,
    'R$ '::text || to_char(abs(f.afil), 'FM999G999'::text) AS valor,
    NULL::text AS meta,
    'Pago a criadores'::text AS sugestao
   FROM f
UNION ALL
 SELECT 17 AS ord,
    'Amostras enviadas'::text AS metrica,
    to_char(p.amostras, 'FM999G999'::text) AS valor,
    NULL::text AS meta,
    'Brindes a criadores (consomem estoque)'::text AS sugestao
   FROM p;","vw_ttk_kpis"
"create or replace view public.vw_ttk_margem_resumo as
 SELECT 1 AS ord,
    'Receita bruta'::text AS metrica,
    round(sum(fact_tiktok_financeiro.receita_bruta)) AS valor,
    'Soma dos extratos'::text AS sugestao
   FROM fact_tiktok_financeiro
UNION ALL
 SELECT 2 AS ord,
    'Settlement (recebido)'::text AS metrica,
    round(sum(fact_tiktok_financeiro.settlement)) AS valor,
    'O que entra na conta'::text AS sugestao
   FROM fact_tiktok_financeiro
UNION ALL
 SELECT 3 AS ord,
    'Taxas totais'::text AS metrica,
    round(abs(sum(fact_tiktok_financeiro.taxas_total))) AS valor,
    'Comissoes + taxas'::text AS sugestao
   FROM fact_tiktok_financeiro
UNION ALL
 SELECT 4 AS ord,
    'Comissao plataforma'::text AS metrica,
    round(abs(sum(fact_tiktok_financeiro.comissao_plataforma))) AS valor,
    ''::text AS sugestao
   FROM fact_tiktok_financeiro
UNION ALL
 SELECT 5 AS ord,
    'Comissao afiliados'::text AS metrica,
    round(abs(sum(fact_tiktok_financeiro.comissao_afiliado + fact_tiktok_financeiro.comissao_afiliado_ads + fact_tiktok_financeiro.comissao_parceiro))) AS valor,
    'Pago a criadores'::text AS sugestao
   FROM fact_tiktok_financeiro
UNION ALL
 SELECT 6 AS ord,
    'Taxa de transacao'::text AS metrica,
    round(abs(sum(fact_tiktok_financeiro.taxa_transacao))) AS valor,
    ''::text AS sugestao
   FROM fact_tiktok_financeiro
UNION ALL
 SELECT 7 AS ord,
    'Reembolsos'::text AS metrica,
    round(abs(sum(fact_tiktok_financeiro.reembolso))) AS valor,
    ''::text AS sugestao
   FROM fact_tiktok_financeiro
UNION ALL
 SELECT 8 AS ord,
    'Imposto'::text AS metrica,
    round(abs(sum(fact_tiktok_financeiro.imposto))) AS valor,
    ''::text AS sugestao
   FROM fact_tiktok_financeiro;","vw_ttk_margem_resumo"
"create or replace view public.vw_ttk_produtos as
 SELECT p.produto_id,
    COALESCE(d.titulo, m.produto_nome, '(sem nome)'::text) AS produto,
    round(sum(p.gmv)) AS gmv,
    sum(p.pedidos) AS pedidos,
    sum(p.unidades) AS unidades,
    round(100::numeric * avg(p.ctr), 2) AS ctr,
    round(sum(p.gmv) / NULLIF(sum(p.unidades), 0)::numeric, 2) AS preco_medio,
    d.estoque_total,
    d.health,
        CASE
            WHEN d.product_id IS NULL THEN 'sem cadastro casado'::text
            WHEN d.estoque_total = 0 THEN 'RUPTURA: vende e esta zerado'::text
            WHEN d.health < 0.7 THEN 'MELHORAR CADASTRO: vende com ficha fraca'::text
            ELSE 'ok'::text
        END AS sugestao
   FROM fact_tiktok_produto_perf_dia p
     LEFT JOIN dim_tiktok_produto d ON d.product_id = p.produto_id
     LEFT JOIN LATERAL ( SELECT v.produto_nome
           FROM fact_tiktok_video_dia v
          WHERE v.produto_id = p.produto_id
         LIMIT 1) m ON true
  WHERE p.data >= ((now() AT TIME ZONE 'America/Sao_Paulo'::text)::date - 29)
  GROUP BY p.produto_id, d.titulo, m.produto_nome, d.product_id, d.estoque_total, d.health
  ORDER BY (sum(p.gmv)) DESC;","vw_ttk_produtos"
"create or replace view public.vw_ttk_tendencia as
 SELECT to_char(date_trunc('week'::text, data::timestamp with time zone), 'YYYY-""S""IW'::text) AS semana,
    min(data) AS inicio,
    count(*) AS dias,
    round(sum(faturamento)) AS faturamento,
    sum(pedidos) AS pedidos,
    sum(unidades) AS unidades,
    round(sum(faturamento) / NULLIF(sum(pedidos), 0)::numeric, 2) AS ticket,
    round(100.0 * sum(pedidos_cancelados)::numeric / NULLIF(sum(pedidos) + sum(pedidos_cancelados), 0)::numeric, 1) AS cancelamento_pct,
    count(*) < 7 AS parcial,
        CASE
            WHEN count(*) < 7 THEN 'semana parcial - nao comparar direto'::text
            ELSE 'semana completa'::text
        END AS sugestao
   FROM fact_tiktok_venda_dia
  GROUP BY (date_trunc('week'::text, data::timestamp with time zone))
  ORDER BY (min(data));","vw_ttk_tendencia"
"create or replace view public.vw_ttk_videos_top as
 SELECT video_id,
    criador,
    ""left""(titulo, 120) AS titulo,
    publicado_em::date AS publicado,
    sum(views) AS views,
    round(sum(gmv)) AS gmv,
    sum(unidades) AS unidades,
    round(sum(gmv) / NULLIF(sum(views), 0)::numeric * 1000::numeric, 2) AS gpm,
    round(100::numeric * sum(ctr * views::numeric) / NULLIF(sum(views), 0)::numeric, 2) AS ctr,
    max(produto_nome) AS produto,
        CASE
            WHEN (sum(gmv) / NULLIF(sum(views), 0)::numeric * 1000::numeric) >= 500::numeric AND sum(views) >= 5000 THEN 'ESCALAR: GPM alto com volume'::text
            WHEN (sum(gmv) / NULLIF(sum(views), 0)::numeric * 1000::numeric) >= 500::numeric THEN 'IMPULSIONAR: converte, falta alcance'::text
            WHEN sum(views) >= 50000 AND (sum(gmv) / NULLIF(sum(views), 0)::numeric * 1000::numeric) < 100::numeric THEN 'REVISAR: alcance sem venda'::text
            ELSE 'monitorar'::text
        END AS sugestao
   FROM fact_tiktok_video_dia
  WHERE data >= ((now() AT TIME ZONE 'America/Sao_Paulo'::text)::date - 29)
  GROUP BY video_id, criador, (""left""(titulo, 120)), (publicado_em::date)
 HAVING sum(gmv) > 0::numeric
  ORDER BY (sum(gmv)) DESC
 LIMIT 80;","vw_ttk_videos_top"
"create or replace view public.vw_unidades_canal_dia as
 SELECT i.data_venda AS data,
    'Mercado Livre'::text AS canal,
    NULLIF(TRIM(BOTH FROM i.seller_sku), ''::text) AS sku,
    sum(i.quantity)::numeric AS unidades,
    round(sum(i.unit_price * i.quantity::numeric), 2) AS receita_item
   FROM ml_pedido_item i
     JOIN ml_pedido p USING (pedido_id)
  WHERE p.status <> 'cancelled'::text
  GROUP BY i.data_venda, 'Mercado Livre'::text, (NULLIF(TRIM(BOTH FROM i.seller_sku), ''::text))
UNION ALL
 SELECT si.create_dia AS data,
    'Shopee'::text AS canal,
    COALESCE(NULLIF(TRIM(BOTH FROM si.model_sku), ''::text), NULLIF(TRIM(BOTH FROM si.item_sku), ''::text)) AS sku,
    sum(GREATEST(si.model_quantity_purchased - COALESCE(si.cancelled_qty, 0), 0))::numeric AS unidades,
    round(sum(si.model_discounted_price * GREATEST(si.model_quantity_purchased - COALESCE(si.cancelled_qty, 0), 0)::numeric), 2) AS receita_item
   FROM shopee_pedido_item si
  WHERE si.order_status <> 'CANCELLED'::text
  GROUP BY si.create_dia, 'Shopee'::text, (COALESCE(NULLIF(TRIM(BOTH FROM si.model_sku), ''::text), NULLIF(TRIM(BOTH FROM si.item_sku), ''::text)))
UNION ALL
 SELECT ti.create_dia AS data,
    'TikTok'::text AS canal,
    NULLIF(TRIM(BOTH FROM ti.seller_sku), ''::text) AS sku,
    count(*)::numeric AS unidades,
    round(sum(ti.sale_price), 2) AS receita_item
   FROM tiktok_pedido_item ti
  WHERE COALESCE(ti.status, ''::text) <> 'CANCELLED'::text
  GROUP BY ti.create_dia, 'TikTok'::text, (NULLIF(TRIM(BOTH FROM ti.seller_sku), ''::text))
UNION ALL
 SELECT ap.purchase_dia AS data,
    'Amazon'::text AS canal,
    NULLIF(TRIM(BOTH FROM ap.sku), ''::text) AS sku,
    sum(ap.quantity) AS unidades,
    round(sum(ap.item_price), 2) AS receita_item
   FROM fact_amazon_pedido ap
  WHERE COALESCE(ap.order_status, ''::text) <> ALL (ARRAY['Canceled'::text, 'Cancelled'::text])
  GROUP BY ap.purchase_dia, 'Amazon'::text, (NULLIF(TRIM(BOTH FROM ap.sku), ''::text))
UNION ALL
 SELECT so.date AS data,
    'Site'::text AS canal,
    NULLIF(TRIM(BOTH FROM so.line_item__sku), ''::text) AS sku,
    sum(so.line_item__quantity) AS unidades,
    round(sum(so.line_item__net_sales), 2) AS receita_item
   FROM stg_shopify_orders_item so
  WHERE so.order_cancelled_at IS NULL AND COALESCE(so.order_test, false) = false
  GROUP BY so.date, 'Site'::text, (NULLIF(TRIM(BOTH FROM so.line_item__sku), ''::text));","vw_unidades_canal_dia"
"create or replace view public.vw_up_afiliado as
 WITH af AS (
         SELECT a.id,
            a.nome,
            a.programa,
            a.programa_id,
            a.status,
            upper(TRIM(BOTH FROM c.c)) AS cupom
           FROM uppromote_afiliado a,
            LATERAL unnest(a.cupons) c(c)
          WHERE TRIM(BOTH FROM COALESCE(c.c, ''::text)) <> ''::text
        ), rec AS (
         SELECT upper(TRIM(BOTH FROM vw_site_cupom_dia.cupom)) AS cupom,
            sum(vw_site_cupom_dia.faturamento_liquido) AS receita
           FROM vw_site_cupom_dia
          GROUP BY (upper(TRIM(BOTH FROM vw_site_cupom_dia.cupom)))
        )
 SELECT af.id AS uppromote_id,
    max(af.nome) AS nome,
    max(af.programa) AS programa,
    max(af.programa_id) AS programa_id,
    max(af.status) AS status,
        CASE
            WHEN max(af.programa) ~~* '%Influenciador%'::text THEN 'influenciador'::text
            WHEN max(af.programa) ~~* '%Connect%'::text THEN 'profissional'::text
            ELSE 'afiliado'::text
        END AS tipo,
        CASE
            WHEN max(af.programa) ~~* '%10%%'::text THEN 10
            WHEN max(af.programa) ~~* '%5%%'::text THEN 5
            WHEN max(af.programa) ~~* '%7%%'::text THEN 7
            ELSE 0
        END::numeric AS comissao_pct,
    (array_agg(af.cupom ORDER BY (COALESCE(rec.receita, 0::numeric)) DESC))[1] AS cupom,
    count(*) AS cupons,
    COALESCE(sum(rec.receita), 0::numeric) AS receita_total
   FROM af
     LEFT JOIN rec ON rec.cupom = af.cupom
  GROUP BY af.id;","vw_up_afiliado"
"create or replace view public.vw_up_afiliado_mes as
 WITH af AS (
         SELECT a.id,
            upper(TRIM(BOTH FROM c.c)) AS cupom
           FROM uppromote_afiliado a,
            LATERAL unnest(a.cupons) c(c)
          WHERE TRIM(BOTH FROM COALESCE(c.c, ''::text)) <> ''::text
        )
 SELECT af.id AS uppromote_id,
    date_trunc('month'::text, v.data::timestamp with time zone)::date AS mes,
    sum(v.pedidos) AS pedidos,
    sum(v.faturamento_liquido) AS receita,
    sum(v.unidades) AS unidades,
    sum(v.pedidos_cliente_novo) AS pedidos_cliente_novo,
    sum(v.desconto) AS desconto
   FROM af
     JOIN vw_site_cupom_dia v ON upper(TRIM(BOTH FROM v.cupom)) = af.cupom
  GROUP BY af.id, (date_trunc('month'::text, v.data::timestamp with time zone)::date)
 HAVING sum(v.pedidos) > 0::numeric;","vw_up_afiliado_mes"
"create or replace view public.vw_vg_detalhe as
 WITH gm AS (
         SELECT vw_ml_display_campanha_dia.campaign_id,
                CASE
                    WHEN max(vw_ml_display_campanha_dia.goal) = ANY (ARRAY['awareness'::text, 'guaranteed'::text]) THEN 'Topo'::text
                    WHEN max(vw_ml_display_campanha_dia.goal) = 'consideration'::text THEN 'Meio'::text
                    WHEN max(vw_ml_display_campanha_dia.goal) = 'conversion'::text THEN 'Fundo'::text
                    ELSE 'Outro'::text
                END AS grupo
           FROM vw_ml_display_campanha_dia
          GROUP BY vw_ml_display_campanha_dia.campaign_id
        )
 SELECT 1 AS ord,
    'Display'::text AS formato,
    gm.grupo AS item,
    round(sum(cr.investimento)) AS invest,
    round(sum(cr.receita) / NULLIF(sum(cr.investimento), 0::numeric), 2) AS roas,
        CASE gm.grupo
            WHEN 'Fundo'::text THEN 6
            WHEN 'Meio'::text THEN 2
            ELSE 1
        END::numeric AS meta_roas,
    ('CTR '::text || round(100.0 * sum(cr.cliques)::numeric / NULLIF(sum(cr.impressoes), 0::numeric), 2)) || '%'::text AS extra,
        CASE
            WHEN gm.grupo = 'Fundo'::text THEN
            CASE
                WHEN (sum(cr.receita) / NULLIF(sum(cr.investimento), 0::numeric)) < 6::numeric THEN 'Fundo abaixo de 6: cortar publicos frios ROAS<1'::text
                ELSE 'Ok'::text
            END
            ELSE 'Julgar por CTR: subir CTR para baixar CPC'::text
        END AS sugestao
   FROM vw_ml_display_criativo_dia cr
     JOIN gm ON gm.campaign_id = cr.campaign_id
  WHERE cr.data >= ((now() AT TIME ZONE 'America/Sao_Paulo'::text)::date - 29)
  GROUP BY gm.grupo
UNION ALL
 SELECT 2 AS ord,
    'Product Ads'::text AS formato,
    ""left""(vw_ml_pads_campanha_dia.campaign_name, 26) AS item,
    round(sum(vw_ml_pads_campanha_dia.cost)) AS invest,
    round(sum(vw_ml_pads_campanha_dia.total_amount) / NULLIF(sum(vw_ml_pads_campanha_dia.cost), 0::numeric), 2) AS roas,
    round(avg(vw_ml_pads_campanha_dia.roas_target), 1) AS meta_roas,
    ('perde ad rank '::text || round(sum(vw_ml_pads_campanha_dia.lost_impression_share_by_ad_rank * vw_ml_pads_campanha_dia.prints::numeric) / NULLIF(sum(vw_ml_pads_campanha_dia.prints), 0::numeric) * 100::numeric)) || '%'::text AS extra,
        CASE
            WHEN (sum(vw_ml_pads_campanha_dia.total_amount) / NULLIF(sum(vw_ml_pads_campanha_dia.cost), 0::numeric)) < 7::numeric THEN 'Abaixo de 7: buy box/preco/lance seletivo (nao verba)'::text
            ELSE 'Ok, manter volume'::text
        END AS sugestao
   FROM vw_ml_pads_campanha_dia
  WHERE vw_ml_pads_campanha_dia.date >= ((now() AT TIME ZONE 'America/Sao_Paulo'::text)::date - 29)
  GROUP BY vw_ml_pads_campanha_dia.campaign_name
UNION ALL
 SELECT 3 AS ord,
    'Brand Ads'::text AS formato,
        CASE
            WHEN vw_brand_ads_keyword.termo ~* 'soldiers'::text THEN 'Marca'::text
            WHEN lower(TRIM(BOTH FROM vw_brand_ads_keyword.termo)) ~ '^(creatina|whey|prote[i├¡]na|suplementos?( alimentar)?|pr[e├®][ -]?treino|amino[a├í]cidos?|bcaa|termog[e├¬]nicos?)$'::text THEN 'Generico amplo'::text
            ELSE 'Generico especifico'::text
        END AS item,
    round(sum(vw_brand_ads_keyword.cost)) AS invest,
    round(sum(vw_brand_ads_keyword.receita) / NULLIF(sum(vw_brand_ads_keyword.cost), 0::numeric), 2) AS roas,
    5::numeric AS meta_roas,
    ((('CTR '::text || round(100.0 * sum(vw_brand_ads_keyword.clicks)::numeric / NULLIF(sum(vw_brand_ads_keyword.prints), 0::numeric), 1)) || '% CVR '::text) || round(100.0 * sum(vw_brand_ads_keyword.pedidos)::numeric / NULLIF(sum(vw_brand_ads_keyword.clicks), 0)::numeric, 1)) || '%'::text AS extra,
        CASE
            WHEN (sum(vw_brand_ads_keyword.receita) / NULLIF(sum(vw_brand_ads_keyword.cost), 0::numeric)) < 5::numeric THEN 'Abaixo de 5: negativar amplos, escalar especificos'::text
            ELSE 'Ok'::text
        END AS sugestao
   FROM vw_brand_ads_keyword
  WHERE vw_brand_ads_keyword.date >= ((now() AT TIME ZONE 'America/Sao_Paulo'::text)::date - 29)
  GROUP BY (
        CASE
            WHEN vw_brand_ads_keyword.termo ~* 'soldiers'::text THEN 'Marca'::text
            WHEN lower(TRIM(BOTH FROM vw_brand_ads_keyword.termo)) ~ '^(creatina|whey|prote[i├¡]na|suplementos?( alimentar)?|pr[e├®][ -]?treino|amino[a├í]cidos?|bcaa|termog[e├¬]nicos?)$'::text THEN 'Generico amplo'::text
            ELSE 'Generico especifico'::text
        END)
  ORDER BY 1, 4 DESC;","vw_vg_detalhe"
"create or replace view public.vw_vg_formatos as
 WITH d AS (
         SELECT sum(vw_ml_display_criativo_dia.investimento) AS inv,
            sum(vw_ml_display_criativo_dia.receita) AS rec
           FROM vw_ml_display_criativo_dia
          WHERE vw_ml_display_criativo_dia.data >= ((now() AT TIME ZONE 'America/Sao_Paulo'::text)::date - 29)
        ), b AS (
         SELECT sum(vw_brand_ads_keyword.cost) AS inv,
            sum(vw_brand_ads_keyword.receita) AS rec
           FROM vw_brand_ads_keyword
          WHERE vw_brand_ads_keyword.date >= ((now() AT TIME ZONE 'America/Sao_Paulo'::text)::date - 29)
        ), p AS (
         SELECT sum(vw_ml_pads_campanha_dia.cost) AS inv,
            sum(vw_ml_pads_campanha_dia.total_amount) AS rec
           FROM vw_ml_pads_campanha_dia
          WHERE vw_ml_pads_campanha_dia.date >= ((now() AT TIME ZONE 'America/Sao_Paulo'::text)::date - 29)
        ), tot AS (
         SELECT (( SELECT d.inv
                   FROM d)) + (( SELECT b.inv
                   FROM b)) + (( SELECT p.inv
                   FROM p)) AS t
        )
 SELECT ord,
    formato,
    invest,
    share_pct,
    roas,
    meta,
    sugestao
   FROM ( SELECT 1 AS ord,
            'Product Ads'::text AS formato,
            round(( SELECT p.inv
                   FROM p)) AS invest,
            round(100::numeric * (( SELECT p.inv
                   FROM p)) / (( SELECT tot.t
                   FROM tot)), 1) AS share_pct,
            round((( SELECT p.rec
                   FROM p)) / NULLIF(( SELECT p.inv
                   FROM p), 0::numeric), 2) AS roas,
            7::numeric AS meta,
            'Rumo a 7: ganhar ad rank (buy box/lance), nao verba'::text AS sugestao
        UNION ALL
         SELECT 2,
            'Display'::text,
            round(( SELECT d.inv
                   FROM d)) AS round,
            round(100::numeric * (( SELECT d.inv
                   FROM d)) / (( SELECT tot.t
                   FROM tot)), 1) AS round,
            round((( SELECT d.rec
                   FROM d)) / NULLIF(( SELECT d.inv
                   FROM d), 0::numeric), 2) AS round,
            4.84,
            'Elo fraco: limpar ~R$90-106k de publicos frios ROAS<1'::text
        UNION ALL
         SELECT 3,
            'Brand Ads'::text,
            round(( SELECT b.inv
                   FROM b)) AS round,
            round(100::numeric * (( SELECT b.inv
                   FROM b)) / (( SELECT tot.t
                   FROM tot)), 1) AS round,
            round((( SELECT b.rec
                   FROM b)) / NULLIF(( SELECT b.inv
                   FROM b), 0::numeric), 2) AS round,
            5,
            'Negativar termos amplos, escalar especificos e marca'::text) t
  ORDER BY ord;","vw_vg_formatos"
"create or replace view public.vw_vg_kpis as
 WITH base AS (
         SELECT sum(tab_ml_kpi_dia.pedidos) AS ped,
            sum(tab_ml_kpi_dia.unidades) AS un,
            sum(tab_ml_kpi_dia.faturamento) AS fat,
            sum(tab_ml_kpi_dia.comissao) AS com,
            sum(tab_ml_kpi_dia.invest_display + tab_ml_kpi_dia.invest_brand + tab_ml_kpi_dia.invest_pads) AS ads_tot
           FROM tab_ml_kpi_dia
          WHERE tab_ml_kpi_dia.data >= ((now() AT TIME ZONE 'America/Sao_Paulo'::text)::date - 29)
        ), calc AS (
         SELECT base.ped,
            base.un,
            base.fat,
            base.com,
            base.ads_tot,
            round(base.ads_tot / NULLIF(base.fat, 0::numeric) * 100::numeric, 1) AS tacos,
            round(base.fat / NULLIF(base.ads_tot, 0::numeric), 2) AS roas_total
           FROM base
        )
 SELECT ord,
    metrica,
    valor,
    meta,
    sugestao
   FROM ( SELECT 1 AS ord,
            'Faturamento'::text AS metrica,
            'R$ '::text || replace(to_char(round(calc.fat), 'FM999,999,999'::text), ','::text, '.'::text) AS valor,
            NULL::text AS meta,
            'Base do canal'::text AS sugestao
           FROM calc
        UNION ALL
         SELECT 2,
            'Pedidos'::text,
            replace(to_char(calc.ped, 'FM999,999,999'::text), ','::text, '.'::text) AS replace,
            NULL::text,
            'Volume de pedidos'::text
           FROM calc
        UNION ALL
         SELECT 3,
            'Unidades'::text,
            replace(to_char(calc.un, 'FM999,999,999'::text), ','::text, '.'::text) AS replace,
            NULL::text,
            'Unidades vendidas'::text
           FROM calc
        UNION ALL
         SELECT 4,
            'Ticket medio'::text,
            'R$ '::text || replace(to_char(round(calc.fat / NULLIF(calc.ped, 0::numeric), 2), 'FM990.00'::text), '.'::text, ','::text),
            NULL::text,
            'Faturamento por pedido'::text
           FROM calc
        UNION ALL
         SELECT 5,
            'Comissao ML'::text,
            'R$ '::text || replace(to_char(round(calc.com), 'FM999,999,999'::text), ','::text, '.'::text),
            NULL::text,
            'Custo de comissao'::text
           FROM calc
        UNION ALL
         SELECT 6,
            'Investimento ads'::text,
            'R$ '::text || replace(to_char(round(calc.ads_tot), 'FM999,999,999'::text), ','::text, '.'::text),
            'R$ 996.087'::text,
                CASE
                    WHEN calc.ads_tot > 996087::numeric THEN ('Reduzir ~R$'::text || replace(to_char(round(calc.ads_tot - 996087::numeric), 'FM999,999,999'::text), ','::text, '.'::text)) || ' para TACoS 10%'::text
                    ELSE 'Dentro do teto'::text
                END AS ""case""
           FROM calc
        UNION ALL
         SELECT 7,
            'ROAS Total'::text,
            replace(to_char(round(calc.roas_total, 2), 'FM990.00'::text), '.'::text, ','::text) AS replace,
            '10'::text,
                CASE
                    WHEN calc.roas_total < 10::numeric THEN 'Abaixo da meta: limpar ads ineficiente sem perder volume'::text
                    ELSE 'Dentro da meta'::text
                END AS ""case""
           FROM calc
        UNION ALL
         SELECT 8,
            'TACoS'::text,
            replace(to_char(round(calc.tacos, 1), 'FM990.0'::text), '.'::text, ','::text) || '%'::text,
            '10%'::text,
                CASE
                    WHEN calc.tacos > 10::numeric THEN 'Acima do teto de 10%'::text
                    ELSE 'Ok'::text
                END AS ""case""
           FROM calc) t
  ORDER BY ord;","vw_vg_kpis"
"create or replace view public.vw_vg_oportunidades as
 SELECT ord,
    alavanca,
    valor_em_jogo,
    acao
   FROM ( VALUES (1,'Display - publicos frios (ROAS<1)'::text,'R$ 90.000 a 106.000/mes'::text,'Pausar/realocar: leva TACoS a ~10% sem perder volume'::text), (2,'Product Ads - buy box / ad rank'::text,'volume travado (perde ate 91% por ad rank)'::text,'Consertar buy box + subir lance nos itens ROAS>=7,5'::text), (3,'Brand Ads - termos amplos'::text,'~R$14.000/mes a ROAS<3'::text,'Negativar suplemento alimentar / creatina / whey amplos'::text), (4,'Anuncio Creatina 150g'::text,'15.825 visitas a 2,9% de conversao'::text,'Revisar listagem (maior alavanca isolada de conversao)'::text), (5,'Estoque Pre-treino Evolution 654'::text,'ruptura em menos de 1 dia'::text,'Enviar ao Full hoje (vende 210/dia)'::text)) t(ord, alavanca, valor_em_jogo, acao);","vw_vg_oportunidades"
"create or replace view public.vw_vg_produtos as
 WITH v AS (
         SELECT a.item_id,
            sum(a.unidades) AS unid,
            sum(a.pedidos) AS ped,
            sum(a.faturamento) AS fat,
            sum(a.visitas) AS vis
           FROM vw_ml_anuncio_dia a
          WHERE a.data >= ((now() AT TIME ZONE 'America/Sao_Paulo'::text)::date - 29)
          GROUP BY a.item_id
        ), tot AS (
         SELECT sum(v_1.fat) AS t
           FROM v v_1
        )
 SELECT i.title AS produto,
    v.unid AS unidades,
    v.ped AS pedidos,
    round(v.fat) AS faturamento,
    round(100::numeric * v.fat / NULLIF(( SELECT tot.t
           FROM tot), 0::numeric), 1) AS pct_total,
    round(v.fat / NULLIF(v.ped, 0::numeric), 2) AS ticket,
    round(100.0 * v.ped / NULLIF(v.vis, 0::numeric), 1) AS conversao_pct,
    COALESCE(c.status, '-'::text) AS buybox,
        CASE
            WHEN (c.status = ANY (ARRAY['competing'::text, 'sharing_first_place'::text])) AND c.current_price > (c.price_to_win * 1.05) THEN ('Ajustar preco p/ buy box (preco '::text || round(100::numeric * (c.current_price - c.price_to_win) / NULLIF(c.price_to_win, 0::numeric))) || '% acima do necessario)'::text
            WHEN v.vis > 1000::numeric AND (100.0 * v.ped / NULLIF(v.vis, 0::numeric)) < 5::numeric THEN ((('Revisar listagem: '::text || v.vis) || ' visitas convertendo '::text) || round(100.0 * v.ped / NULLIF(v.vis, 0::numeric), 1)) || '%'::text
            WHEN i.logistic_type IS DISTINCT FROM 'fulfillment'::text THEN 'Avaliar enviar ao Full (melhora ranking)'::text
            WHEN v.fat >= (0.05 * (( SELECT tot.t
               FROM tot))) THEN 'Carro-chefe: proteger estoque e buy box'::text
            ELSE 'Manter'::text
        END AS sugestao
   FROM v
     JOIN ml_item i ON i.item_id = v.item_id
     LEFT JOIN ml_item_competicao c ON c.item_id = v.item_id
  ORDER BY v.fat DESC;","vw_vg_produtos"
"create or replace view public.vw_vg_tendencia as
 WITH w AS (
         SELECT date_trunc('week'::text, vw_ml_anuncio_dia.data::timestamp with time zone)::date AS semana,
            sum(vw_ml_anuncio_dia.faturamento) AS fat,
            sum(vw_ml_anuncio_dia.pedidos) AS ped,
            sum(vw_ml_anuncio_dia.unidades) AS un
           FROM vw_ml_anuncio_dia
          WHERE vw_ml_anuncio_dia.data >= ((now() AT TIME ZONE 'America/Sao_Paulo'::text)::date - 55)
          GROUP BY (date_trunc('week'::text, vw_ml_anuncio_dia.data::timestamp with time zone)::date)
        )
 SELECT semana,
    round(fat) AS faturamento,
    ped AS pedidos,
    un AS unidades,
        CASE
            WHEN lag(fat) OVER (ORDER BY semana) IS NULL THEN 'Semana base'::text
            WHEN fat > lag(fat) OVER (ORDER BY semana) THEN 'Faturamento subindo vs semana anterior'::text
            ELSE 'Faturamento caindo vs semana anterior'::text
        END AS sugestao
   FROM w
  ORDER BY semana;","vw_vg_tendencia"
"create or replace view public.vw_visao_geral_dia as
 WITH corte AS (
         SELECT CURRENT_DATE - 2 AS c
        ), venda AS (
         SELECT f.data,
            f.venda_bruta AS venda_total,
            f.venda_liquida AS venda_total_paga,
            f.pedidos::bigint AS pedidos_total,
            f.unidades::bigint AS unidades_vendidas
           FROM fact_venda_dia f,
            corte
          WHERE f.data < corte.c
        UNION ALL
         SELECT r.data_venda AS data,
            round(sum(r.total_amount), 2) AS round,
            round(sum(r.paid_amount), 2) AS round,
            count(*) AS count,
            ( SELECT COALESCE(sum(i.quantity), 0::bigint) AS ""coalesce""
                   FROM ml_pedido_item_rt i
                  WHERE i.data_venda = r.data_venda) AS ""coalesce""
           FROM ml_pedido_rt r,
            corte
          WHERE r.status = 'paid'::text AND r.data_venda >= corte.c
          GROUP BY r.data_venda
        ), ads AS (
         SELECT vw_ads_por_tipo_dia.data,
            sum(vw_ads_por_tipo_dia.investimento) AS invest_ads,
            sum(vw_ads_por_tipo_dia.receita) AS receita_ads,
            sum(vw_ads_por_tipo_dia.impressoes) AS impressoes_ads,
            sum(vw_ads_por_tipo_dia.cliques) AS cliques_ads
           FROM vw_ads_por_tipo_dia
          GROUP BY vw_ads_por_tipo_dia.data
        ), vis AS (
         SELECT ml_item_visitas_dia.data,
            sum(ml_item_visitas_dia.visitas) AS visitas
           FROM ml_item_visitas_dia
          GROUP BY ml_item_visitas_dia.data
        )
 SELECT COALESCE(v.data, a.data, vi.data) AS data,
    v.venda_total,
    v.venda_total_paga,
    v.pedidos_total,
    v.unidades_vendidas,
    a.invest_ads,
    a.receita_ads,
    a.impressoes_ads,
    a.cliques_ads,
        CASE
            WHEN v.venda_total > 0::numeric THEN round(100.0 * a.receita_ads / v.venda_total, 2)
            ELSE NULL::numeric
        END AS share_ads_pct,
        CASE
            WHEN a.invest_ads > 0::numeric THEN round(a.receita_ads / a.invest_ads, 2)
            ELSE NULL::numeric
        END AS roas_ads,
        CASE
            WHEN a.invest_ads > 0::numeric THEN round(v.venda_total / a.invest_ads, 2)
            ELSE NULL::numeric
        END AS roas_total,
        CASE
            WHEN a.receita_ads > 0::numeric THEN round(100.0 * a.invest_ads / a.receita_ads, 2)
            ELSE NULL::numeric
        END AS acos_ads,
        CASE
            WHEN v.venda_total > 0::numeric THEN round(100.0 * a.invest_ads / v.venda_total, 2)
            ELSE NULL::numeric
        END AS acos_total,
    vi.visitas,
        CASE
            WHEN vi.visitas > 0 THEN round(100.0 * v.unidades_vendidas::numeric / vi.visitas::numeric, 2)
            ELSE NULL::numeric
        END AS conversao_pct,
        CASE
            WHEN v.pedidos_total > 0 THEN round(v.venda_total / v.pedidos_total::numeric, 2)
            ELSE NULL::numeric
        END AS ticket_medio
   FROM venda v
     FULL JOIN ads a ON a.data = v.data
     FULL JOIN vis vi ON vi.data = COALESCE(v.data, a.data);","vw_visao_geral_dia"
